# Made in Blockbench 5.1.4
mtllib map.mtl

o mesh
v 24 0.15625 14.53125
v 24 0.15625 0.09375000000000089
v 24 -0.65625 14.53125
v 24 -0.65625 0.09375000000000089
v -24 0.15625 14.53125
v -24 0.15625 0.09375000000000089
v -24 -0.65625 14.53125
v -24 -0.65625 0.09375000000000089
vt 0.572265625 0.97265625
vt 0.3466796875 0.97265625
vt 0.3466796875 0.9599609375
vt 0.572265625 0.9599609375
vt 0.572265625 0.9462890625
vt 0.572265625 0.958984375
vt 0.3466796875 0.958984375
vt 0.3466796875 0.9462890625
vt 0 0.7744140625
vt 0.345703125 0.7744140625
vt 0.345703125 1
vt 0 1
vt 0.345703125 0.5478515625
vt 0.345703125 0.7734375
vt 0 0.7734375
vt 0 0.5478515625
vt 0.6923828125 0.9873046875
vt 0.6923828125 1
vt 0.3466796875 1
vt 0.3466796875 0.9873046875
vt 0.6923828125 0.986328125
vt 0.3466796875 0.986328125
vt 0.3466796875 0.9736328125
vt 0.6923828125 0.9736328125
vn 1 0 0
vn -1 0 0
vn 0 1 0
vn 0 -1 0
vn 0 0 1
vn 0 0 -1
usemtl m_ef5ea487-43a0-bebe-aaa9-c8db01bcd08e
f 2/1/1 1/2/1 3/3/1 4/4/1
f 7/5/2 5/6/2 6/7/2 8/8/2
f 5/9/3 1/10/3 2/11/3 6/12/3
f 4/13/4 3/14/4 7/15/4 8/16/4
f 3/17/5 1/18/5 5/19/5 7/20/5
f 6/21/6 2/22/6 4/23/6 8/24/6
o plane
v 24 0.15157883345286005 0.19523823157898146
v 24 -0.08907883345286005 -1.6327382315789816
v -24 0.15157883345286005 0.19523823157898146
v -24 -0.08907883345286005 -1.6327382315789816
vt 0.6953125 0.9423828125
vt 0.6953125 1
vt 0 1
vt 0 0.9423828125
vn 0 0.9914448613738104 -0.13052619222005157
usemtl m_09b5cd65-abb0-6095-e693-3d1b22f5c652
f 9/25/7 10/26/7 12/27/7 11/28/7
o plane
v 24.15625 -0.09375 5.46875
v 24.15625 -0.09375 -11.09375
v 0.9687500000000018 -0.09375 5.46875
v 0.9687500000000018 -0.09375 -11.09375
vt 0.693359375 0.482421875
vt 0.693359375 1
vt 0 1
vt 0 0.482421875
vn 0 1 0
usemtl m_e56c965d-ddb9-a37a-bb1e-aee1137dedbe
f 13/29/8 14/30/8 16/31/8 15/32/8
o plane
v 0.9687500000000018 -0.09375 5.46875
v 0.9687500000000018 -0.09375 -11.09375
v -24.21875 -0.09375 5.46875
v -24.21875 -0.09375 -11.09375
vt 0.693359375 0.482421875
vt 0.693359375 1
vt 0 1
vt 0 0.482421875
vn 0 1 0
usemtl m_e56c965d-ddb9-a37a-bb1e-aee1137dedbe
f 17/33/9 18/34/9 20/35/9 19/36/9
o palmera
v -21.125 2.625 11.9375
v -21.125 2.625 11.8125
v -21.125 1.5 11.9375
v -21.125 1.5 11.8125
v -21.25 2.625 11.9375
v -21.25 2.625 11.8125
v -21.25 1.5 11.9375
v -21.25 1.5 11.8125
v -21.125 2.4941357808764737 11.9375
v -21.25 2.4761438774777744 11.9375
v -21.180322378408974 2.503423291235256 11.9375
v -21.25 1.625 11.9375
v -21.25 1.625 11.8125
v -21.25 0 11.9375
v -21.25 0 11.8125
v -21.375 1.625 11.9375
v -21.375 1.625 11.8125
v -21.375 0 11.9375
v -21.375 0 11.8125
v -21.25 1.435973905710462 11.9375
v -21.375 1.4099856008012295 11.9375
v -21.305322378408974 1.449389198450926 11.9375
v -20.106570534494896 2.341261005635091 12.200707504830119
v -20.334031530183196 2.384673028384615 12.106490246743924
v -20.126624265127276 2.2181600345983146 12.192400952144046
v -20.35408526081558 2.2615720573478377 12.09818369405785
v -20.15440589534694 2.3412609687145745 12.316192474640712
v -20.381866891035244 2.3846729914640976 12.221975216554515
v -20.174459625979324 2.2181599976777973 12.307885921954638
v -20.401920621667625 2.2615720204273213 12.213668663868443
v -21.025234342861012 2.4635469680752466 12.706111886224331
v -21.046940254998855 2.4853358967313572 12.458010906850443
v -21.026183902145394 2.33902263050623 12.695258882485131
v -21.047889814283245 2.3608115591623413 12.447157903111242
v -21.274283026308495 2.463547066017925 12.72790071990272
v -21.295988938446342 2.485335994674036 12.479799740528833
v -21.27523258559288 2.3390227284489082 12.71704771616352
v -21.29693849773073 2.36081165710502 12.468946736789633
v -20.973350425384954 2.536703580063768 12.582040698793561
v -20.9950563375228 2.558492508719879 12.333939719419673
v -20.97429998466934 2.4121792424947515 12.571187695054363
v -20.996005896807183 2.433968171150863 12.323086715680473
v -21.346923450556183 2.5367037269777857 12.614723949311148
v -21.36862936269403 2.558492655633897 12.366622969937259
v -21.34787300984057 2.4121793894087693 12.603870945571947
v -21.369578921978412 2.4339683180648803 12.355769966198057
v -21.00991174612975 2.761620726923473 12.1641435246021
v -21.05332357040544 2.8051985842356952 11.667941565854322
v -21.010861305414135 2.6370963893544563 12.153290520862898
v -21.054273129689825 2.680674246666679 11.657088562115119
v -21.383484771300978 2.7616208738374906 12.196826775119684
v -21.426896595576668 2.8051987311497126 11.700624816371906
v -21.384434330585364 2.637096536268474 12.185973771380482
v -21.427846154861054 2.6806743935806967 11.689771812632703
v -20.92146661797942 2.6098601990830934 12.457969521610154
v -20.986584354392953 2.675226985051427 11.71366658348849
v -20.922416177263806 2.485335861514077 12.447116517870956
v -20.987533913677343 2.55070264748241 11.702813579749288
v -21.41956398487439 2.6098603949684502 12.501547188966937
v -21.484681721287927 2.675227180936784 11.757244250845268
v -21.420513544158776 2.485336057399434 12.490694185227733
v -21.485631280572314 2.550702843367768 11.746391247106068
v -21.077118260337066 2.390390356086724 12.8301830736551
v -21.098824172474913 2.412179284742835 12.58208209428121
v -21.078067819621452 2.265866018517708 12.8193300699159
v -21.0997737317593 2.2876549471738192 12.57122909054201
v -21.201642602060808 2.3903904050580635 12.841077490494294
v -21.223348514198655 2.412179333714175 12.592976511120407
v -21.202592161345194 2.265866067489047 12.830224486755096
v -21.22429807348304 2.2876549961451587 12.582123507381205
v -21.995531488002896 2.4580998321021967 12.258454562224383
v -21.664168084716305 2.4907832211889445 12.085957921561059
v -21.98586795768925 2.333575494419519 12.25342410433592
v -21.654504554402656 2.3662588835062666 12.080927463672595
v -22.110968513835115 2.4580997421286455 12.036701787569804
v -21.77960511054852 2.490783131215393 11.864205146906482
v -22.101304983521466 2.3335754044459676 12.03167132968134
v -21.769941580234875 2.3662587935327157 11.859174689018015
v -21.86104955089901 2.5312564910697755 12.258909068552859
v -21.52968614761242 2.563939880156523 12.086412427889536
v -21.851386020585363 2.4067321533870976 12.253878610664394
v -21.52002261729877 2.4394155424738453 12.08138197000107
v -22.034205089647337 2.5312563561094485 11.926279906570992
v -21.702841686360745 2.5639397451961967 11.753783265907668
v -22.024541559333684 2.406732018426771 11.921249448682525
v -21.693178156047097 2.4394154075135184 11.748752808019203
v -21.488954322505826 2.75617363922862 12.065208476701716
v -20.936681983694836 2.810645954373199 11.777714075596176
v -21.479290792192174 2.6316493015459423 12.060178018813248
v -20.927018453381187 2.686121616690521 11.77268361770771
v -21.662109861254145 2.7561735042682933 11.732579314719848
v -21.109837522443158 2.8106458194128723 11.445084913614307
v -21.6524463309405 2.631649166585616 11.727548856831383
v -21.100173992129513 2.6861214817301944 11.440054455725843
v -21.726567677029 2.604413159666438 12.25936345523456
v -20.953386402693617 2.680674400868848 11.856871293686803
v -21.71690414671535 2.47988882198376 12.254332997346095
v -20.943722872379972 2.5561500631861707 11.85184083579834
v -21.957441728693432 2.604412979719336 11.815857905925402
v -21.18426045435805 2.6806742209217465 11.41336574437765
v -21.947778198379783 2.4798886420366584 11.810827448036939
v -21.1745969240444 2.556149883239069 11.408335286489184
v -22.13001342510678 2.3849431731346176 12.25800005589591
v -21.798650021820194 2.4176265622213644 12.085503415232585
v -22.120349894793133 2.2604188354519392 12.252969598007445
v -21.78898649150654 2.293102224538687 12.080472957344117
v -22.187731938022893 2.3849431281478415 12.14712366856862
v -21.856368534736298 2.4176265172345897 11.974627027905296
v -22.17806840770924 2.2604187904651645 12.142093210680153
v -21.84670500442265 2.2931021795519113 11.96959657001683
v -21.633455039455097 2.4580997860896945 11.004469166723315
v -21.460957988770758 2.4907829305462514 11.335832380694988
v -21.628424441791033 2.333575441272996 11.014132532343755
v -21.455927391106698 2.366258585729553 11.345495746315427
v -21.411702419238097 2.4581000684414427 10.88903184421965
v -21.23920536855376 2.4907832128979996 11.220395058191322
v -21.40667182157403 2.333575723624744 10.898695209840087
v -21.234174770889695 2.3662588680813017 11.230058423811759
v -21.63390950717418 2.531256351975949 11.138951177995061
v -21.46141245648984 2.5639394964325057 11.470314391966735
v -21.628878909510114 2.40673200715925 11.1486145436155
v -21.45638185882578 2.4394151516158074 11.479977757587173
v -21.30128057684868 2.53125677550357 10.965795194239565
v -21.12878352616434 2.563939919960128 11.297158408211235
v -21.296249979184616 2.406732430686872 10.97545855986
v -21.123752928500277 2.439415575143429 11.306821773831674
v -21.440209051996707 2.7561735816781896 11.511046469493223
v -21.152713967522814 2.8106454891057853 12.063318492779347
v -21.435178454332643 2.6316492368614908 11.520709835113664
v -21.147683369858747 2.686121144289086 12.072981858399785
v -21.107580121671205 2.7561740052058115 11.337890485737724
v -20.82008503719731 2.8106459126334062 11.890162509023849
v -21.102549524007145 2.6316496603891126 11.347553851358166
v -20.81505443953325 2.6861215678167083 11.89982587464429
v -21.634364128593827 2.60441309057808 11.273433252242883
v -21.231871010330373 2.6806737609767124 12.046614084843455
v -21.629333530929763 2.479888745761381 11.28309661786332
v -21.226840412666313 2.5561494161600145 12.056277450463892
v -21.19085888815983 2.6044136552815758 11.04255860723555
v -20.788365769896373 2.680674325680209 11.815739439836122
v -21.185828290495763 2.4798893104648774 11.052221972855989
v -20.78333517223231 2.5561499808635104 11.825402805456559
v -21.633000571736016 2.3849432202034397 10.869987155451565
v -21.46050352105168 2.417626364659997 11.201350369423238
v -21.627969974071952 2.260418875386741 10.879650521072003
v -21.455472923387617 2.2931020198432983 11.211013735043679
v -21.522124261627518 2.384943361379314 10.812268494199735
v -21.349627210943183 2.4176265058358712 11.143631708171405
v -21.517093663963454 2.260419016562615 10.82193185982017
v -21.344596613279116 2.293102161019172 11.153295073791842
v -20.64707925555425 2.465449892030893 11.033755698271452
v -20.8338657543055 2.498133114021697 11.357279439107502
v -20.65252656684579 2.3409255494752843 11.043190469640507
v -20.83931306559704 2.3736087714660874 11.366714210476552
v -20.430572909656505 2.465449643412262 11.158755707015226
v -20.61735940840775 2.498132865403066 11.482279447851274
v -20.436020220948045 2.3409253008566524 11.168190478384279
v -20.62280671969929 2.373608522847457 11.491714219220327
v -20.76074439369856 2.538606590659743 11.105629492586788
v -20.947530892449805 2.571289812650547 11.429153233422836
v -20.766191704990096 2.4140822481041333 11.115064263955842
v -20.952978203741345 2.4467654700949373 11.438588004791889
v -20.43598487485194 2.538606217731796 11.29312950570245
v -20.622771373603186 2.5712894397226 11.616653246538498
v -20.441432186143476 2.4140818751761866 11.302564277071504
v -20.628218684894726 2.4467650971669905 11.62608801790755
v -20.970491135403854 2.763523794517235 11.468921494332056
v -21.281801966655934 2.817995831168574 12.008127729058803
v -20.975938446695395 2.6389994519616256 11.478356265701109
v -21.287249277947467 2.693471488612965 12.017562500427854
v -20.645731616557235 2.763523421589288 11.656421507447718
v -20.957042447809307 2.817995458240627 12.195627742174462
v -20.651178927848772 2.638999079033679 11.66585627881677
v -20.962489759100848 2.693471115685018 12.205062513543517
v -20.8744095366035 2.6117634103149707 11.177503271927131
v -21.310244700356414 2.688024261626846 11.932392000544576
v -20.87985684789504 2.4872390677593614 11.186938043296184
v -21.31569201164795 2.5634999190712366 11.941826771913629
v -20.441396844808008 2.6117629130777082 11.42750328941468
v -20.877232008560917 2.688023764389583 12.182392018032125
v -20.446844156099548 2.487238570522098 11.436938060783733
v -20.882679319852457 2.563499421833974 12.191826789401176
v -20.533414117409944 2.392293193402044 10.961881903956117
v -20.72020061616119 2.424976415392848 11.285405644792165
v -20.538861428701484 2.2677688508464344 10.97131667532517
v -20.725647927452734 2.3004520728372384 11.294840416161218
v -20.42516094446107 2.3922930690927284 11.024381908328003
v -20.61194744321232 2.424976291083532 11.347905649164053
v -20.43060825575261 2.267768726537119 11.033816679697058
v -20.61739475450386 2.300451948527923 11.357340420533106
v -20.1863564450519 2.424517530866979 12.10000958607286
v -20.413817440740203 2.4679295536165027 12.005792327986665
v -20.206410175684283 2.3014165598302023 12.091703033386787
v -20.433871171372587 2.344828582579726 11.997485775300593
v -20.282027166755988 2.4245174570259453 12.330979525694044
v -20.509488162444296 2.467929479775469 12.236762267607848
v -20.30208089738837 2.3014164859891686 12.32267297300797
v -20.529541893076676 2.344828508738692 12.228455714921774
v -20.266142355608906 2.5077740560988664 11.9993116673156
v -20.49360335129721 2.55118607884839 11.905094409229404
v -20.28619608624129 2.384673085062089 11.991005114629527
v -20.513657081929594 2.428085107811613 11.896787856543332
v -20.409648438165043 2.5077739453373162 12.345766576747376
v -20.637109433853347 2.5511859680868394 12.25154931866118
v -20.429702168797423 2.384672974300539 12.337460024061304
v -20.657163164485727 2.428084997050063 12.243242765975108
v -20.634118329426293 2.7683965983515417 11.846890942713598
v -21.0890403208029 2.855220643850589 11.658456426541209
v -20.654172060058677 2.6452956273147654 11.838584390027528
v -21.10909405143528 2.7321196728138126 11.650149873855135
v -20.777624411982426 2.7683964875899916 12.193345852145374
v -21.23254640335903 2.855220533089039 12.004911335972984
v -20.79767814261481 2.645295516553215 12.185039299459302
v -21.252600133991415 2.7321195620522616 11.996604783286909
v -20.345928202094214 2.5910306029979635 11.898613603858921
v -21.028311189159123 2.7212666712465343 11.615961829600336
v -20.365981932726598 2.4679296319611868 11.890307051172849
v -21.048364919791503 2.5981657002097576 11.60765527691426
v -20.53726964550239 2.591030455315896 12.360553483101288
v -21.2196526325673 2.721266523564467 12.077901708842703
v -20.557323376134775 2.467929484279119 12.352246930415216
v -21.239706363199684 2.59816555252769 12.069595156156629
vt 0.1328125 0.40625
vt 0.1484375 0.40625
vt 0.1484375 0.421875
vt 0.1328125 0.421875
vt 0.2578125 0.40625
vt 0.2578125 0.421875
vt 0.2421875 0.421875
vt 0.2421875 0.40625
vt 0.2890625 0.65625
vt 0.2734375 0.65625
vt 0.2734375 0.515625
vt 0.2890625 0.515625
vt 0.015625 0.640625
vt 0 0.640625
vt 0 0.6242671875
vt 0.015625 0.5
vt 0 0.6242671875
vt 0 0.5
vt 0.015625 0.5
vt 0.0234375 0.5
vt 0.0390625 0.5
vt 0.0390625 0.62201796875
vt 0.0234375 0.640625
vt 0.0390625 0.62201796875
vt 0.0390625 0.640625
vt 0.0234375 0.640625
vt 0.0625 0.5
vt 0.0625 0.6242671875
vt 0.046875 0.62201796875
vt 0.046875 0.5
vt 0.055584375 0.625428125
vt 0.0625 0.6242671875
vt 0.0625 0.640625
vt 0.046875 0.640625
vt 0.046875 0.640625
vt 0.046875 0.62201796875
vt 0.055584375 0.625428125
vt 0.0625 0.6242671875
vt 0.055584375 0.625428125
vt 0.046875 0.62201796875
vt 0.5859375 0.8203125
vt 0.6015625 0.8203125
vt 0.6015625 0.8359375
vt 0.5859375 0.8359375
vt 0.28125 0.3984375
vt 0.28125 0.4140625
vt 0.265625 0.4140625
vt 0.265625 0.3984375
vt 0.140625 0.7109375
vt 0.125 0.7109375
vt 0.125 0.5078125
vt 0.140625 0.5078125
vt 0.1640625 0.7109375
vt 0.1484375 0.7109375
vt 0.1484375 0.687309375
vt 0.1640625 0.5078125
vt 0.1484375 0.687309375
vt 0.1484375 0.5078125
vt 0.1640625 0.5078125
vt 0.171875 0.5078125
vt 0.1875 0.5078125
vt 0.1875 0.6840609375
vt 0.171875 0.7109375
vt 0.1875 0.6840609375
vt 0.1875 0.7109375
vt 0.171875 0.7109375
vt 0.2109375 0.5078125
vt 0.2109375 0.687309375
vt 0.1953125 0.6840609375
vt 0.1953125 0.5078125
vt 0.204021875 0.6889859375
vt 0.2109375 0.687309375
vt 0.2109375 0.7109375
vt 0.1953125 0.7109375
vt 0.1953125 0.7109375
vt 0.1953125 0.6840609375
vt 0.204021875 0.6889859375
vt 0.2109375 0.687309375
vt 0.204021875 0.6889859375
vt 0.1953125 0.6840609375
vt 0.0859375 0.4296875
vt 0.0546875 0.4296875
vt 0.0546875 0.4140625
vt 0.0859375 0.4140625
vt 0.46875 0.3984375
vt 0.484375 0.3984375
vt 0.484375 0.4296875
vt 0.46875 0.4296875
vt 0.5625 0.4296875
vt 0.578125 0.4296875
vt 0.578125 0.4609375
vt 0.5625 0.4609375
vt 0.5625 0.59375
vt 0.5625 0.5625
vt 0.578125 0.5625
vt 0.578125 0.59375
vt 0.6015625 0.6640625
vt 0.6015625 0.6796875
vt 0.5859375 0.6796875
vt 0.5859375 0.6640625
vt 0.6015625 0.65625
vt 0.5859375 0.65625
vt 0.5859375 0.640625
vt 0.6015625 0.640625
vt 0.1015625 0.7421875
vt 0.0703125 0.7421875
vt 0.0703125 0.7265625
vt 0.1015625 0.7265625
vt 0.265625 0.421875
vt 0.28125 0.421875
vt 0.28125 0.453125
vt 0.265625 0.453125
vt 0.390625 0.515625
vt 0.421875 0.515625
vt 0.421875 0.546875
vt 0.390625 0.546875
vt 0.4609375 0.8828125
vt 0.4609375 0.8515625
vt 0.4921875 0.8515625
vt 0.4921875 0.8828125
vt 0.3984375 0.421875
vt 0.3984375 0.4375
vt 0.3671875 0.4375
vt 0.3671875 0.421875
vt 0.59375 0.6171875
vt 0.5625 0.6171875
vt 0.5625 0.6015625
vt 0.59375 0.6015625
vt 0.53125 0.4453125
vt 0.5 0.4453125
vt 0.5 0.4296875
vt 0.53125 0.4296875
vt 0.1640625 0.4140625
vt 0.1796875 0.4140625
vt 0.1796875 0.4453125
vt 0.1640625 0.4453125
vt 0.390625 0.59375
vt 0.4375 0.59375
vt 0.4375 0.625
vt 0.390625 0.625
vt 0.21875 0.5859375
vt 0.21875 0.5546875
vt 0.265625 0.5546875
vt 0.265625 0.5859375
vt 0.546875 0.8671875
vt 0.546875 0.8828125
vt 0.5 0.8828125
vt 0.5 0.8671875
vt 0.5078125 0.5
vt 0.4609375 0.5
vt 0.4609375 0.484375
vt 0.5078125 0.484375
vt 0.5234375 0.90625
vt 0.4609375 0.90625
vt 0.4609375 0.890625
vt 0.5234375 0.890625
vt 0.2421875 0.484375
vt 0.2578125 0.484375
vt 0.2578125 0.546875
vt 0.2421875 0.546875
vt 0.3125 0.7734375
vt 0.359375 0.7734375
vt 0.359375 0.8359375
vt 0.3125 0.8359375
vt 0.3125 0.765625
vt 0.3125 0.703125
vt 0.359375 0.703125
vt 0.359375 0.765625
vt 0.046875 0.4765625
vt 0.046875 0.4921875
vt 0 0.4921875
vt 0 0.4765625
vt 0.5546875 0.6015625
vt 0.5078125 0.6015625
vt 0.5078125 0.5859375
vt 0.5546875 0.5859375
vt 0.484375 0.6484375
vt 0.390625 0.6484375
vt 0.390625 0.6328125
vt 0.484375 0.6328125
vt 0.296875 0.53125
vt 0.3125 0.53125
vt 0.3125 0.625
vt 0.296875 0.625
vt 0.1875 0.71875
vt 0.25 0.71875
vt 0.25 0.8125
vt 0.1875 0.8125
vt 0.1171875 0.8125
vt 0.1171875 0.71875
vt 0.1796875 0.71875
vt 0.1796875 0.8125
vt 0.5234375 0.828125
vt 0.5234375 0.84375
vt 0.4609375 0.84375
vt 0.4609375 0.828125
vt 0.5234375 0.8203125
vt 0.4609375 0.8203125
vt 0.4609375 0.8046875
vt 0.5234375 0.8046875
vt 0.5859375 0.703125
vt 0.5546875 0.703125
vt 0.5546875 0.6875
vt 0.5859375 0.6875
vt 0.1875 0.4140625
vt 0.203125 0.4140625
vt 0.203125 0.4453125
vt 0.1875 0.4453125
vt 0.5625 0.6484375
vt 0.578125 0.6484375
vt 0.578125 0.6796875
vt 0.5625 0.6796875
vt 0.5625 1
vt 0.5625 0.96875
vt 0.578125 0.96875
vt 0.578125 1
vt 0.3046875 0.3984375
vt 0.3046875 0.4140625
vt 0.2890625 0.4140625
vt 0.2890625 0.3984375
vt 0.328125 0.4140625
vt 0.3125 0.4140625
vt 0.3125 0.3984375
vt 0.328125 0.3984375
vt 0.1015625 0.453125
vt 0.0546875 0.453125
vt 0.0546875 0.4375
vt 0.1015625 0.4375
vt 0.21875 0.4140625
vt 0.234375 0.4140625
vt 0.234375 0.4609375
vt 0.21875 0.4609375
vt 0.421875 0.796875
vt 0.453125 0.796875
vt 0.453125 0.84375
vt 0.421875 0.84375
vt 0.421875 0.8984375
vt 0.421875 0.8515625
vt 0.453125 0.8515625
vt 0.453125 0.8984375
vt 0.5234375 0.40625
vt 0.5234375 0.421875
vt 0.4921875 0.421875
vt 0.4921875 0.40625
vt 0.59375 0.421875
vt 0.5625 0.421875
vt 0.5625 0.40625
vt 0.59375 0.40625
vt 0.5859375 0.484375
vt 0.5390625 0.484375
vt 0.5390625 0.46875
vt 0.5859375 0.46875
vt 0.5390625 0.4140625
vt 0.5546875 0.4140625
vt 0.5546875 0.4609375
vt 0.5390625 0.4609375
vt 0.3671875 0.734375
vt 0.4140625 0.734375
vt 0.4140625 0.78125
vt 0.3671875 0.78125
vt 0.3671875 0.7265625
vt 0.3671875 0.6796875
vt 0.4140625 0.6796875
vt 0.4140625 0.7265625
vt 0.5859375 0.4921875
vt 0.5859375 0.5078125
vt 0.5390625 0.5078125
vt 0.5390625 0.4921875
vt 0.578125 0.640625
vt 0.53125 0.640625
vt 0.53125 0.625
vt 0.578125 0.625
vt 0.5390625 0.9296875
vt 0.4609375 0.9296875
vt 0.4609375 0.9140625
vt 0.5390625 0.9140625
vt 0.21875 0.46875
vt 0.234375 0.46875
vt 0.234375 0.546875
vt 0.21875 0.546875
vt 0.0703125 0.6328125
vt 0.1171875 0.6328125
vt 0.1171875 0.7109375
vt 0.0703125 0.7109375
vt 0.359375 0.890625
vt 0.28125 0.890625
vt 0.28125 0.84375
vt 0.359375 0.84375
vt 0.5859375 0.515625
vt 0.5859375 0.53125
vt 0.5390625 0.53125
vt 0.5390625 0.515625
vt 0.4140625 0.4609375
vt 0.3671875 0.4609375
vt 0.3671875 0.4453125
vt 0.4140625 0.4453125
vt 0.484375 0.9765625
vt 0.375 0.9765625
vt 0.375 0.9609375
vt 0.484375 0.9609375
vt 0.09375 0.515625
vt 0.109375 0.515625
vt 0.109375 0.625
vt 0.09375 0.625
vt 0.140625 0.8203125
vt 0.203125 0.8203125
vt 0.203125 0.9296875
vt 0.140625 0.9296875
vt 0.109375 0.8125
vt 0 0.8125
vt 0 0.75
vt 0.109375 0.75
vt 0.546875 0.671875
vt 0.546875 0.6875
vt 0.484375 0.6875
vt 0.484375 0.671875
vt 0.53125 0.5234375
vt 0.46875 0.5234375
vt 0.46875 0.5078125
vt 0.53125 0.5078125
vt 0.59375 0.953125
vt 0.546875 0.953125
vt 0.546875 0.9375
vt 0.59375 0.9375
vt 0.421875 0.4140625
vt 0.4375 0.4140625
vt 0.4375 0.4609375
vt 0.421875 0.4609375
vt 0.1484375 0.453125
vt 0.1640625 0.453125
vt 0.1640625 0.5
vt 0.1484375 0.5
vt 0.171875 0.5
vt 0.171875 0.453125
vt 0.1875 0.453125
vt 0.1875 0.5
vt 0.3984375 0.3984375
vt 0.3984375 0.4140625
vt 0.3828125 0.4140625
vt 0.3828125 0.3984375
vt 0.375 0.4140625
vt 0.359375 0.4140625
vt 0.359375 0.3984375
vt 0.375 0.3984375
vt 0.5546875 0.578125
vt 0.5078125 0.578125
vt 0.5078125 0.5625
vt 0.5546875 0.5625
vt 0.515625 0.453125
vt 0.53125 0.453125
vt 0.53125 0.5
vt 0.515625 0.5
vt 0.390625 0.5859375
vt 0.390625 0.5546875
vt 0.4375 0.5546875
vt 0.4375 0.5859375
vt 0.21875 0.7109375
vt 0.21875 0.6640625
vt 0.25 0.6640625
vt 0.25 0.7109375
vt 0.6171875 0.9609375
vt 0.6171875 0.9765625
vt 0.5859375 0.9765625
vt 0.5859375 0.9609375
vt 0.6171875 1
vt 0.5859375 1
vt 0.5859375 0.984375
vt 0.6171875 0.984375
vt 0.4375 0.484375
vt 0.390625 0.484375
vt 0.390625 0.46875
vt 0.4375 0.46875
vt 0.34375 0.4375
vt 0.359375 0.4375
vt 0.359375 0.484375
vt 0.34375 0.484375
vt 0.3203125 1
vt 0.3203125 0.953125
vt 0.3671875 0.953125
vt 0.3671875 1
vt 0.3671875 0.9453125
vt 0.3671875 0.8984375
vt 0.4140625 0.8984375
vt 0.4140625 0.9453125
vt 0.59375 0.9140625
vt 0.59375 0.9296875
vt 0.546875 0.9296875
vt 0.546875 0.9140625
vt 0.59375 0.7890625
vt 0.546875 0.7890625
vt 0.546875 0.7734375
vt 0.59375 0.7734375
vt 0.5234375 0.625
vt 0.4453125 0.625
vt 0.4453125 0.609375
vt 0.5234375 0.609375
vt 0.34375 0.4921875
vt 0.359375 0.4921875
vt 0.359375 0.5703125
vt 0.34375 0.5703125
vt 0.234375 1
vt 0.234375 0.953125
vt 0.3125 0.953125
vt 0.3125 1
vt 0.2578125 0.828125
vt 0.2578125 0.75
vt 0.3046875 0.75
vt 0.3046875 0.828125
vt 0.59375 0.75
vt 0.59375 0.765625
vt 0.546875 0.765625
vt 0.546875 0.75
vt 0.59375 0.8125
vt 0.546875 0.8125
vt 0.546875 0.796875
vt 0.59375 0.796875
vt 0.4765625 0.671875
vt 0.3671875 0.671875
vt 0.3671875 0.65625
vt 0.4765625 0.65625
vt 0.3671875 0.5390625
vt 0.3828125 0.5390625
vt 0.3828125 0.6484375
vt 0.3671875 0.6484375
vt 0 1
vt 0 0.9375
vt 0.109375 0.9375
vt 0.109375 1
vt 0 0.9296875
vt 0 0.8203125
vt 0.0625 0.8203125
vt 0.0625 0.9296875
vt 0.5546875 0.9609375
vt 0.5546875 0.9765625
vt 0.4921875 0.9765625
vt 0.4921875 0.9609375
vt 0.5546875 1
vt 0.4921875 1
vt 0.4921875 0.984375
vt 0.5546875 0.984375
vt 0.5546875 0.5546875
vt 0.5078125 0.5546875
vt 0.5078125 0.5390625
vt 0.5546875 0.5390625
vt 0.1953125 0.453125
vt 0.2109375 0.453125
vt 0.2109375 0.5
vt 0.1953125 0.5
vt 0.296875 0.4765625
vt 0.3125 0.4765625
vt 0.3125 0.5234375
vt 0.296875 0.5234375
vt 0.0703125 0.5078125
vt 0.0703125 0.4609375
vt 0.0859375 0.4609375
vt 0.0859375 0.5078125
vt 0.6015625 0.578125
vt 0.6015625 0.59375
vt 0.5859375 0.59375
vt 0.5859375 0.578125
vt 0.6015625 0.4609375
vt 0.5859375 0.4609375
vt 0.5859375 0.4453125
vt 0.6015625 0.4453125
vt 0.578125 0.859375
vt 0.53125 0.859375
vt 0.53125 0.84375
vt 0.578125 0.84375
vt 0.2890625 0.421875
vt 0.3046875 0.421875
vt 0.3046875 0.46875
vt 0.2890625 0.46875
vt 0.3203125 0.578125
vt 0.3515625 0.578125
vt 0.3515625 0.625
vt 0.3203125 0.625
vt 0.421875 0.953125
vt 0.421875 0.90625
vt 0.453125 0.90625
vt 0.453125 0.953125
vt 0.6171875 0.84375
vt 0.6171875 0.859375
vt 0.5859375 0.859375
vt 0.5859375 0.84375
vt 0.6171875 0.90625
vt 0.5859375 0.90625
vt 0.5859375 0.890625
vt 0.6171875 0.890625
vt 0.578125 0.90625
vt 0.53125 0.90625
vt 0.53125 0.890625
vt 0.578125 0.890625
vt 0.2421875 0.4296875
vt 0.2578125 0.4296875
vt 0.2578125 0.4765625
vt 0.2421875 0.4765625
vt 0.3671875 0.7890625
vt 0.4140625 0.7890625
vt 0.4140625 0.8359375
vt 0.3671875 0.8359375
vt 0.3671875 0.890625
vt 0.3671875 0.84375
vt 0.4140625 0.84375
vt 0.4140625 0.890625
vt 0.6015625 0.8671875
vt 0.6015625 0.8828125
vt 0.5546875 0.8828125
vt 0.5546875 0.8671875
vt 0.15625 0.4453125
vt 0.109375 0.4453125
vt 0.109375 0.4296875
vt 0.15625 0.4296875
vt 0.5390625 0.953125
vt 0.4609375 0.953125
vt 0.4609375 0.9375
vt 0.5390625 0.9375
vt 0.4453125 0.5234375
vt 0.4609375 0.5234375
vt 0.4609375 0.6015625
vt 0.4453125 0.6015625
vt 0.2578125 0.6640625
vt 0.3046875 0.6640625
vt 0.3046875 0.7421875
vt 0.2578125 0.7421875
vt 0.359375 0.9453125
vt 0.28125 0.9453125
vt 0.28125 0.8984375
vt 0.359375 0.8984375
vt 0.046875 0.4296875
vt 0.046875 0.4453125
vt 0 0.4453125
vt 0 0.4296875
vt 0.4921875 0.453125
vt 0.4453125 0.453125
vt 0.4453125 0.4375
vt 0.4921875 0.4375
vt 0.484375 1
vt 0.375 1
vt 0.375 0.984375
vt 0.484375 0.984375
vt 0.0703125 0.515625
vt 0.0859375 0.515625
vt 0.0859375 0.625
vt 0.0703125 0.625
vt 0.0703125 0.8203125
vt 0.1328125 0.8203125
vt 0.1328125 0.9296875
vt 0.0703125 0.9296875
vt 0.2265625 1
vt 0.1171875 1
vt 0.1171875 0.9375
vt 0.2265625 0.9375
vt 0.453125 0.4921875
vt 0.453125 0.5078125
vt 0.390625 0.5078125
vt 0.390625 0.4921875
vt 0.5546875 0.6640625
vt 0.4921875 0.6640625
vt 0.4921875 0.6484375
vt 0.5546875 0.6484375
vt 0.578125 0.8359375
vt 0.53125 0.8359375
vt 0.53125 0.8203125
vt 0.578125 0.8203125
vt 0.3125 0.421875
vt 0.328125 0.421875
vt 0.328125 0.46875
vt 0.3125 0.46875
vt 0.265625 0.4609375
vt 0.28125 0.4609375
vt 0.28125 0.5078125
vt 0.265625 0.5078125
vt 0.140625 0.5
vt 0.09375 0.5
vt 0.09375 0.484375
vt 0.140625 0.484375
vt 0.0546875 0.390625
vt 0.0546875 0.40625
vt 0.0390625 0.40625
vt 0.0390625 0.390625
vt 0.078125 0.40625
vt 0.0625 0.40625
vt 0.0625 0.390625
vt 0.078125 0.390625
vt 0.59375 0.5546875
vt 0.5625 0.5546875
vt 0.5625 0.5390625
vt 0.59375 0.5390625
vt 0.4453125 0.3984375
vt 0.4609375 0.3984375
vt 0.4609375 0.4296875
vt 0.4453125 0.4296875
vt 0.46875 0.5703125
vt 0.5 0.5703125
vt 0.5 0.6015625
vt 0.46875 0.6015625
vt 0.46875 0.5625
vt 0.46875 0.53125
vt 0.5 0.53125
vt 0.5 0.5625
vt 0.125 0.40625
vt 0.125 0.421875
vt 0.09375 0.421875
vt 0.09375 0.40625
vt 0.609375 0.7421875
vt 0.578125 0.7421875
vt 0.578125 0.7265625
vt 0.609375 0.7265625
vt 0.03125 0.421875
vt 0 0.421875
vt 0 0.40625
vt 0.03125 0.40625
vt 0.3359375 0.3984375
vt 0.3515625 0.3984375
vt 0.3515625 0.4296875
vt 0.3359375 0.4296875
vt 0.421875 0.71875
vt 0.46875 0.71875
vt 0.46875 0.75
vt 0.421875 0.75
vt 0.421875 0.7890625
vt 0.421875 0.7578125
vt 0.46875 0.7578125
vt 0.46875 0.7890625
vt 0.5703125 0.7109375
vt 0.5703125 0.7265625
vt 0.5234375 0.7265625
vt 0.5234375 0.7109375
vt 0.046875 0.46875
vt 0 0.46875
vt 0 0.453125
vt 0.046875 0.453125
vt 0.5390625 0.796875
vt 0.4765625 0.796875
vt 0.4765625 0.78125
vt 0.5390625 0.78125
vt 0.3671875 0.46875
vt 0.3828125 0.46875
vt 0.3828125 0.53125
vt 0.3671875 0.53125
vt 0.21875 0.59375
vt 0.265625 0.59375
vt 0.265625 0.65625
vt 0.21875 0.65625
vt 0.3125 0.6953125
vt 0.3125 0.6328125
vt 0.359375 0.6328125
vt 0.359375 0.6953125
vt 0.140625 0.4609375
vt 0.140625 0.4765625
vt 0.09375 0.4765625
vt 0.09375 0.4609375
vt 0.4921875 0.4765625
vt 0.4453125 0.4765625
vt 0.4453125 0.4609375
vt 0.4921875 0.4609375
vt 0.515625 0.7109375
vt 0.421875 0.7109375
vt 0.421875 0.6953125
vt 0.515625 0.6953125
vt 0.3203125 0.4765625
vt 0.3359375 0.4765625
vt 0.3359375 0.5703125
vt 0.3203125 0.5703125
vt 0 0.6484375
vt 0.0625 0.6484375
vt 0.0625 0.7421875
vt 0 0.7421875
vt 0.2109375 0.9296875
vt 0.2109375 0.8359375
vt 0.2734375 0.8359375
vt 0.2734375 0.9296875
vt 0.5390625 0.7578125
vt 0.5390625 0.7734375
vt 0.4765625 0.7734375
vt 0.4765625 0.7578125
vt 0.5390625 0.75
vt 0.4765625 0.75
vt 0.4765625 0.734375
vt 0.5390625 0.734375
vn 0 1 0
vn 0 -1 0
vn 0 0 -1
vn 1 0 0
vn 1 0 0
vn -1 0 0
vn -1 0 0
vn 0 0 1
vn 0 0 1
vn 0 0 1
vn 0 0 1
vn 0 1 0
vn 0 -1 0
vn 0 0 -1
vn 1 0 0
vn 1 0 0
vn -1 0 0
vn -1 0 0
vn 0 0 1
vn 0 0 1
vn 0 0 1
vn 0 0 1
vn 0.382682886816355 2.9536413292952297e-7 -0.9238797584847357
vn -0.3826828868163631 -2.9536414464931186e-7 0.9238797584847325
vn 0.16042984505906283 0.9848077682942137 0.06645242148857777
vn -0.1604298450590562 -0.9848077682942145 -0.06645242148858366
vn 0.9098439827532139 -0.17364809099809111 0.37686903234477676
vn -0.9098439827532115 0.17364809099809517 -0.3768690323447803
vn 0.9961947337899426 -3.9177070620955e-7 -0.08715533471355694
vn -0.9961947337899432 3.9177070681670333e-7 0.08715533471354989
vn 0.007596474275083551 0.9961947005521307 0.08682402991360638
vn -0.0075964742750838 -0.9961947005521306 -0.08682402991360917
vn 0.08682364855138038 -0.0871557146244361 0.992403917495558
vn -0.08682364855138071 0.08715571462445322 -0.9924039174955565
vn 0.9961947337899418 -3.9177072092000657e-7 -0.08715533471356526
vn -0.9961947337899427 3.9177070502039516e-7 0.08715533471355622
vn 0.0075964742750851445 0.9961947005521307 0.08682402991360796
vn -0.007596474275084467 -0.9961947005521304 -0.08682402991360928
vn 0.08682364855139021 -0.0871557146244236 0.9924039174955582
vn -0.08682364855138572 0.08715571462443551 -0.9924039174955577
vn 0.9961947337899423 -3.917707187550681e-7 -0.08715533471356124
vn -0.9961947337899425 3.9177071909594277e-7 0.08715533471355773
vn 0.007596474275083123 0.9961947005521306 0.08682402991360785
vn -0.007596474275084341 -0.9961947005521304 -0.08682402991360831
vn 0.08682364855138072 -0.08715571462445137 0.9924039174955566
vn -0.08682364855138103 0.08715571462446571 -0.9924039174955553
vn 0.9961947337899426 -3.9177070743079624e-7 -0.0871553347135568
vn -0.9961947337899424 3.91770717684165e-7 0.08715533471355963
vn 0.007596474275084407 0.9961947005521306 0.08682402991360846
vn -0.007596474275083373 -0.9961947005521306 -0.0868240299136075
vn 0.08682364855138813 -0.08715571462442236 0.9924039174955586
vn -0.08682364855138056 0.0871557146244526 -0.9924039174955565
vn 0.9961947337899425 -3.9177072036489347e-7 -0.08715533471355752
vn -0.9961947337899412 3.9177073440574655e-7 0.08715533471357352
vn 0.007596474275085522 0.9961947005521306 0.08682402991360737
vn -0.007596474275083106 -0.9961947005521306 -0.08682402991360756
vn 0.08682364855138143 -0.08715571462443794 0.9924039174955578
vn -0.08682364855139273 0.08715571462443794 -0.9924039174955569
vn 0.46174810332886096 3.5989422257169096e-7 0.8870110986183152
vn -0.46174810332885624 -3.598942095358213e-7 -0.8870110986183176
vn -0.07730824250919247 0.9961947014614222 0.040243663107723676
vn 0.07730824250919242 -0.9961947014614222 -0.04024366310772333
vn -0.8836357420975786 -0.08715570423131495 0.4599910417688645
vn 0.8836357420975794 0.0871557042313215 -0.4599910417688615
vn 0.46174810332885996 3.5989420998916523e-7 0.8870110986183154
vn -0.4617481033288642 -3.5989420426689064e-7 -0.8870110986183134
vn -0.0773082425091928 0.9961947014614222 0.040243663107724266
vn 0.07730824250919265 -0.9961947014614222 -0.040243663107724884
vn -0.8836357420975762 -0.08715570423132145 0.4599910417688681
vn 0.8836357420975777 0.08715570423131548 -0.45999104176886624
vn 0.46174810332886457 3.598941848537145e-7 0.8870110986183133
vn -0.4617481033288642 -3.5989420374416093e-7 -0.8870110986183133
vn -0.07730824250919192 0.9961947014614222 0.0402436631077241
vn 0.07730824250919044 -0.9961947014614224 -0.040243663107724176
vn -0.8836357420975801 -0.0871557042313348 0.4599910417688581
vn 0.8836357420975786 0.08715570423132754 -0.4599910417688621
vn 0.46174810332886324 3.5989421677738394e-7 0.887011098618314
vn -0.4617481033288579 -3.5989422236815264e-7 -0.8870110986183165
vn -0.07730824250919095 0.9961947014614224 0.04024366310772389
vn 0.07730824250919115 -0.9961947014614223 -0.04024366310772546
vn -0.8836357420975772 -0.08715570423133397 0.4599910417688638
vn 0.8836357420975773 0.08715570423130276 -0.45999104176886924
vn 0.46174810332886324 3.5989421679853075e-7 0.8870110986183137
vn -0.4617481033288603 -3.5989420388293674e-7 -0.8870110986183153
vn -0.07730824250919208 0.9961947014614224 0.04024366310772011
vn 0.07730824250918952 -0.9961947014614221 -0.040243663107730074
vn -0.8836357420975741 -0.08715570423133365 0.45999104176886957
vn 0.883635742097586 0.08715570423133479 -0.4599910417688464
vn -0.887010480868 -0.0000011294069793462333 0.4617492900146613
vn 0.8870104808679962 0.0000011294070043910147 -0.46174929001466897
vn -0.040244781312513994 0.996194758533589 -0.07730692496350305
vn 0.040244781312513314 -0.9961947585335887 0.0773069249635038
vn -0.45999213515822746 -0.08715505188416724 -0.883635237257797
vn 0.4599921351582306 0.0871550518841547 0.8836352372577966
vn -0.8870104808679978 -0.0000011294069854154476 0.4617492900146655
vn 0.8870104808679954 0.000001129406998183028 -0.4617492900146704
vn -0.04024478131251164 0.9961947585335889 -0.07730692496350407
vn 0.04024478131251387 -0.9961947585335889 0.0773069249635042
vn -0.4599921351582262 -0.08715505188415441 -0.8836352372577989
vn 0.4599921351582335 0.08715505188415468 0.8836352372577951
vn -0.8870104808680004 -0.000001129406979671894 0.46174929001466103
vn 0.8870104808680016 0.0000011294069603762143 -0.46174929001465825
vn -0.04024478131251377 0.9961947585335889 -0.0773069249635044
vn 0.04024478131251332 -0.9961947585335887 0.07730692496350394
vn -0.4599921351582312 -0.08715505188416692 -0.8836352372577952
vn 0.45999213515822784 0.08715505188416064 0.8836352372577975
vn -0.8870104808679995 -0.0000011294069923094081 0.46174929001466264
vn 0.8870104808679976 0.0000011294069980706727 -0.4617492900146663
vn -0.04024478131251369 0.996194758533589 -0.07730692496350287
vn 0.04024478131251458 -0.9961947585335887 0.07730692496350355
vn -0.4599921351582355 -0.0871550518841419 -0.8836352372577954
vn 0.45999213515823256 0.08715505188414252 0.8836352372577968
vn -0.8870104808680018 -0.0000011294069861556009 0.46174929001465803
vn 0.8870104808679994 0.000001129406998913926 -0.4617492900146631
vn -0.040244781312513654 0.9961947585335886 -0.07730692496350473
vn 0.040244781312515375 -0.9961947585335889 0.07730692496350326
vn -0.4599921351582171 -0.08715505188415441 -0.8836352372578037
vn 0.45999213515823856 0.08715505188417345 0.8836352372577907
vn -0.8660253835909866 9.944745187340204e-7 -0.5000000349750942
vn 0.8660253835909886 -9.944745199830234e-7 0.5000000349750909
vn 0.04357849033231708 0.9961947404448751 -0.07547817095242859
vn -0.043578490332318906 -0.9961947404448753 0.07547817095242607
vn 0.49809733000332596 -0.08715525864214976 -0.8627299755627933
vn -0.49809733000331763 0.08715525864211254 0.862729975562802
vn -0.8660253835909879 9.944745128128306e-7 -0.5000000349750923
vn 0.8660253835909868 -9.944745125491552e-7 0.500000034975094
vn 0.043578490332318996 0.9961947404448751 -0.07547817095242812
vn -0.04357849033231806 -0.9961947404448751 0.07547817095242884
vn 0.49809733000332723 -0.08715525864214561 -0.8627299755627931
vn -0.49809733000332845 0.08715525864214052 0.8627299755627929
vn -0.8660253835909852 9.94474531879064e-7 -0.500000034975097
vn 0.8660253835909875 -9.9447451978319e-7 0.500000034975093
vn 0.04357849033231746 0.9961947404448753 -0.07547817095242783
vn -0.043578490332317525 -0.9961947404448751 0.07547817095242833
vn 0.4980973300033275 -0.08715525864214077 -0.8627299755627933
vn -0.4980973300033209 0.08715525864211444 0.8627299755627997
vn -0.8660253835909837 9.944745380201818e-7 -0.5000000349750995
vn 0.8660253835909852 -9.944745317474166e-7 0.5000000349750968
vn 0.043578490332317775 0.9961947404448752 -0.07547817095242766
vn -0.04357849033231935 -0.9961947404448752 0.07547817095242701
vn 0.498097330003328 -0.0871552586421443 -0.8627299755627927
vn -0.4980973300033264 0.08715525864212664 0.8627299755627954
vn -0.866025383590986 9.94474531908666e-7 -0.5000000349750955
vn 0.8660253835909865 -9.944745248356174e-7 0.5000000349750946
vn 0.04357849033231823 0.9961947404448751 -0.07547817095242845
vn -0.043578490332316054 -0.9961947404448751 0.0754781709524296
vn 0.49809733000331935 -0.08715525864214045 -0.862729975562798
vn -0.49809733000333256 0.08715525864214393 0.86272997556279
vn 0.38268288681635326 2.9536413048703004e-7 -0.9238797584847365
vn -0.3826828868163585 -2.953641400002503e-7 0.9238797584847342
vn 0.16042984505905922 0.9848077682942141 0.06645242148858059
vn -0.1604298450590593 -0.9848077682942139 -0.06645242148858174
vn 0.9098439827532121 -0.17364809099809686 0.3768690323447782
vn -0.9098439827532095 0.17364809099809048 -0.37686903234478714
vn 0.38268288681636475 2.9536414714037594e-7 -0.9238797584847319
vn -0.38268288681636015 -2.9536413462954864e-7 0.9238797584847337
vn 0.16042984505905994 0.984807768294214 0.0664524214885806
vn -0.1604298450590589 -0.9848077682942142 -0.06645242148857985
vn 0.9098439827532114 -0.1736480909980888 0.37686903234478386
vn -0.9098439827532075 0.17364809099810266 -0.37686903234478675
vn 0.38268288681635165 2.953641202729799e-7 -0.9238797584847371
vn -0.3826828868163528 -2.9536412773922774e-7 0.9238797584847366
vn 0.16042984505905958 0.984807768294214 0.06645242148857963
vn -0.1604298450590583 -0.9848077682942141 -0.06645242148858152
vn 0.9098439827532133 -0.17364809099808584 0.37686903234478003
vn -0.9098439827532118 0.1736480909980963 -0.37686903234477936
vn 0.38268288681635626 2.953641325594468e-7 -0.9238797584847354
vn -0.3826828868163556 -2.953641272026193e-7 0.9238797584847355
vn 0.16042984505905908 0.9848077682942141 0.06645242148858108
vn -0.1604298450590582 -0.984807768294214 -0.06645242148858228
vn 0.909843982753212 -0.1736480909980905 0.3768690323447814
vn -0.9098439827532109 0.17364809099810116 -0.3768690323447792
usemtl m_d63b48de-5995-e43b-dcc1-461060c57ade
f 25/37/10 21/38/10 22/39/10 26/40/10
f 24/41/11 23/42/11 27/43/11 28/44/11
f 26/45/12 22/46/12 24/47/12 28/48/12
f 22/49/13 21/50/13 29/51/13 24/52/13
f 29/53/14 23/54/14 24/55/14
f 28/56/15 27/57/15 30/58/15 26/59/15
f 30/60/16 25/61/16 26/62/16
f 23/63/17 29/64/17 30/65/17 27/66/17
f 31/67/18 29/68/18 21/69/18 25/70/18
f 25/71/19 30/72/19 31/73/19
f 29/74/20 31/75/20 30/76/20
f 36/77/21 32/78/21 33/79/21 37/80/21
f 35/81/22 34/82/22 38/83/22 39/84/22
f 37/85/23 33/86/23 35/87/23 39/88/23
f 33/89/24 32/90/24 40/91/24 35/92/24
f 40/93/25 34/94/25 35/95/25
f 39/96/26 38/97/26 41/98/26 37/99/26
f 41/100/27 36/101/27 37/102/27
f 34/103/28 40/104/28 41/105/28 38/106/28
f 42/107/29 40/108/29 32/109/29 36/110/29
f 36/111/30 41/112/30 42/113/30
f 40/114/31 42/115/31 41/116/31
f 44/117/32 43/118/32 45/119/32 46/120/32
f 49/121/33 47/122/33 48/123/33 50/124/33
f 47/125/34 43/126/34 44/127/34 48/128/34
f 46/129/35 45/130/35 49/131/35 50/132/35
f 45/133/36 43/134/36 47/135/36 49/136/36
f 48/137/37 44/138/37 46/139/37 50/140/37
f 52/141/38 51/142/38 53/143/38 54/144/38
f 57/145/39 55/146/39 56/147/39 58/148/39
f 55/149/40 51/150/40 52/151/40 56/152/40
f 54/153/41 53/154/41 57/155/41 58/156/41
f 53/157/42 51/158/42 55/159/42 57/160/42
f 56/161/43 52/162/43 54/163/43 58/164/43
f 60/165/44 59/166/44 61/167/44 62/168/44
f 65/169/45 63/170/45 64/171/45 66/172/45
f 63/173/46 59/174/46 60/175/46 64/176/46
f 62/177/47 61/178/47 65/179/47 66/180/47
f 61/181/48 59/182/48 63/183/48 65/184/48
f 64/185/49 60/186/49 62/187/49 66/188/49
f 68/189/50 67/190/50 69/191/50 70/192/50
f 73/193/51 71/194/51 72/195/51 74/196/51
f 71/197/52 67/198/52 68/199/52 72/200/52
f 70/201/53 69/202/53 73/203/53 74/204/53
f 69/205/54 67/206/54 71/207/54 73/208/54
f 72/209/55 68/210/55 70/211/55 74/212/55
f 76/213/56 75/214/56 77/215/56 78/216/56
f 81/217/57 79/218/57 80/219/57 82/220/57
f 79/221/58 75/222/58 76/223/58 80/224/58
f 78/225/59 77/226/59 81/227/59 82/228/59
f 77/229/60 75/230/60 79/231/60 81/232/60
f 80/233/61 76/234/61 78/235/61 82/236/61
f 84/237/62 83/238/62 85/239/62 86/240/62
f 89/241/63 87/242/63 88/243/63 90/244/63
f 87/245/64 83/246/64 84/247/64 88/248/64
f 86/249/65 85/250/65 89/251/65 90/252/65
f 85/253/66 83/254/66 87/255/66 89/256/66
f 88/257/67 84/258/67 86/259/67 90/260/67
f 92/261/68 91/262/68 93/263/68 94/264/68
f 97/265/69 95/266/69 96/267/69 98/268/69
f 95/269/70 91/270/70 92/271/70 96/272/70
f 94/273/71 93/274/71 97/275/71 98/276/71
f 93/277/72 91/278/72 95/279/72 97/280/72
f 96/281/73 92/282/73 94/283/73 98/284/73
f 100/285/74 99/286/74 101/287/74 102/288/74
f 105/289/75 103/290/75 104/291/75 106/292/75
f 103/293/76 99/294/76 100/295/76 104/296/76
f 102/297/77 101/298/77 105/299/77 106/300/77
f 101/301/78 99/302/78 103/303/78 105/304/78
f 104/305/79 100/306/79 102/307/79 106/308/79
f 108/309/80 107/310/80 109/311/80 110/312/80
f 113/313/81 111/314/81 112/315/81 114/316/81
f 111/317/82 107/318/82 108/319/82 112/320/82
f 110/321/83 109/322/83 113/323/83 114/324/83
f 109/325/84 107/326/84 111/327/84 113/328/84
f 112/329/85 108/330/85 110/331/85 114/332/85
f 116/333/86 115/334/86 117/335/86 118/336/86
f 121/337/87 119/338/87 120/339/87 122/340/87
f 119/341/88 115/342/88 116/343/88 120/344/88
f 118/345/89 117/346/89 121/347/89 122/348/89
f 117/349/90 115/350/90 119/351/90 121/352/90
f 120/353/91 116/354/91 118/355/91 122/356/91
f 124/357/92 123/358/92 125/359/92 126/360/92
f 129/361/93 127/362/93 128/363/93 130/364/93
f 127/365/94 123/366/94 124/367/94 128/368/94
f 126/369/95 125/370/95 129/371/95 130/372/95
f 125/373/96 123/374/96 127/375/96 129/376/96
f 128/377/97 124/378/97 126/379/97 130/380/97
f 132/381/98 131/382/98 133/383/98 134/384/98
f 137/385/99 135/386/99 136/387/99 138/388/99
f 135/389/100 131/390/100 132/391/100 136/392/100
f 134/393/101 133/394/101 137/395/101 138/396/101
f 133/397/102 131/398/102 135/399/102 137/400/102
f 136/401/103 132/402/103 134/403/103 138/404/103
f 140/405/104 139/406/104 141/407/104 142/408/104
f 145/409/105 143/410/105 144/411/105 146/412/105
f 143/413/106 139/414/106 140/415/106 144/416/106
f 142/417/107 141/418/107 145/419/107 146/420/107
f 141/421/108 139/422/108 143/423/108 145/424/108
f 144/425/109 140/426/109 142/427/109 146/428/109
f 148/429/110 147/430/110 149/431/110 150/432/110
f 153/433/111 151/434/111 152/435/111 154/436/111
f 151/437/112 147/438/112 148/439/112 152/440/112
f 150/441/113 149/442/113 153/443/113 154/444/113
f 149/445/114 147/446/114 151/447/114 153/448/114
f 152/449/115 148/450/115 150/451/115 154/452/115
f 156/453/116 155/454/116 157/455/116 158/456/116
f 161/457/117 159/458/117 160/459/117 162/460/117
f 159/461/118 155/462/118 156/463/118 160/464/118
f 158/465/119 157/466/119 161/467/119 162/468/119
f 157/469/120 155/470/120 159/471/120 161/472/120
f 160/473/121 156/474/121 158/475/121 162/476/121
f 164/477/122 163/478/122 165/479/122 166/480/122
f 169/481/123 167/482/123 168/483/123 170/484/123
f 167/485/124 163/486/124 164/487/124 168/488/124
f 166/489/125 165/490/125 169/491/125 170/492/125
f 165/493/126 163/494/126 167/495/126 169/496/126
f 168/497/127 164/498/127 166/499/127 170/500/127
f 172/501/128 171/502/128 173/503/128 174/504/128
f 177/505/129 175/506/129 176/507/129 178/508/129
f 175/509/130 171/510/130 172/511/130 176/512/130
f 174/513/131 173/514/131 177/515/131 178/516/131
f 173/517/132 171/518/132 175/519/132 177/520/132
f 176/521/133 172/522/133 174/523/133 178/524/133
f 180/525/134 179/526/134 181/527/134 182/528/134
f 185/529/135 183/530/135 184/531/135 186/532/135
f 183/533/136 179/534/136 180/535/136 184/536/136
f 182/537/137 181/538/137 185/539/137 186/540/137
f 181/541/138 179/542/138 183/543/138 185/544/138
f 184/545/139 180/546/139 182/547/139 186/548/139
f 188/549/140 187/550/140 189/551/140 190/552/140
f 193/553/141 191/554/141 192/555/141 194/556/141
f 191/557/142 187/558/142 188/559/142 192/560/142
f 190/561/143 189/562/143 193/563/143 194/564/143
f 189/565/144 187/566/144 191/567/144 193/568/144
f 192/569/145 188/570/145 190/571/145 194/572/145
f 196/573/146 195/574/146 197/575/146 198/576/146
f 201/577/147 199/578/147 200/579/147 202/580/147
f 199/581/148 195/582/148 196/583/148 200/584/148
f 198/585/149 197/586/149 201/587/149 202/588/149
f 197/589/150 195/590/150 199/591/150 201/592/150
f 200/593/151 196/594/151 198/595/151 202/596/151
f 204/597/152 203/598/152 205/599/152 206/600/152
f 209/601/153 207/602/153 208/603/153 210/604/153
f 207/605/154 203/606/154 204/607/154 208/608/154
f 206/609/155 205/610/155 209/611/155 210/612/155
f 205/613/156 203/614/156 207/615/156 209/616/156
f 208/617/157 204/618/157 206/619/157 210/620/157
f 212/621/158 211/622/158 213/623/158 214/624/158
f 217/625/159 215/626/159 216/627/159 218/628/159
f 215/629/160 211/630/160 212/631/160 216/632/160
f 214/633/161 213/634/161 217/635/161 218/636/161
f 213/637/162 211/638/162 215/639/162 217/640/162
f 216/641/163 212/642/163 214/643/163 218/644/163
f 220/645/164 219/646/164 221/647/164 222/648/164
f 225/649/165 223/650/165 224/651/165 226/652/165
f 223/653/166 219/654/166 220/655/166 224/656/166
f 222/657/167 221/658/167 225/659/167 226/660/167
f 221/661/168 219/662/168 223/663/168 225/664/168
f 224/665/169 220/666/169 222/667/169 226/668/169
f 228/669/170 227/670/170 229/671/170 230/672/170
f 233/673/171 231/674/171 232/675/171 234/676/171
f 231/677/172 227/678/172 228/679/172 232/680/172
f 230/681/173 229/682/173 233/683/173 234/684/173
f 229/685/174 227/686/174 231/687/174 233/688/174
f 232/689/175 228/690/175 230/691/175 234/692/175
f 236/693/176 235/694/176 237/695/176 238/696/176
f 241/697/177 239/698/177 240/699/177 242/700/177
f 239/701/178 235/702/178 236/703/178 240/704/178
f 238/705/179 237/706/179 241/707/179 242/708/179
f 237/709/180 235/710/180 239/711/180 241/712/180
f 240/713/181 236/714/181 238/715/181 242/716/181
o palmera
v -19.75869258317789 3.5544474618614426 11.804876809150384
v -19.882623190849618 3.5544474618614426 11.82119258317789
v -19.75869258317789 2.084684263920824 11.804876809150384
v -19.882623190849618 2.084684263920824 11.82119258317789
v -19.742376809150382 3.5544474618614426 11.92880741682211
v -19.86630741682211 3.5544474618614426 11.945123190849616
v -19.742376809150382 2.084684263920824 11.92880741682211
v -19.86630741682211 2.084684263920824 11.945123190849616
v -19.75869258317789 3.3834790945770017 11.804876809150384
v -19.742376809150382 3.359973461264725 11.92880741682211
v -19.75147156377961 3.3956128198444073 11.859725896942939
v -19.742376809150382 2.2479912859142264 11.92880741682211
v -19.86630741682211 2.2479912859142264 11.945123190849616
v -19.742376809150382 0.125 11.92880741682211
v -19.86630741682211 0.125 11.945123190849616
v -19.72606103512288 2.2479912859142264 12.052738024493836
v -19.849991642794603 2.2479912859142264 12.069053798521342
v -19.72606103512288 0.125 12.052738024493836
v -19.849991642794603 0.125 12.069053798521342
v -19.742376809150382 2.0010369776144783 11.92880741682211
v -19.72606103512288 1.9670843961634124 12.052738024493836
v -19.735155789752103 2.0185634696673977 11.983656504614666
v -19.63066857521613 3.1837549003163543 10.760804675534455
v -19.69439017395264 3.2404708055478313 10.998617530811998
v -19.636286527093215 3.022928876440259 10.781771066413894
v -19.70000812582973 3.0796447816717345 11.019583921691437
v -19.50992782782602 3.183754852081318 10.793156984875154
v -19.573649426562532 3.2404707573127935 11.030969840152697
v -19.515545779703107 3.022928828205221 10.81412337575459
v -19.579267378439617 3.0796447334366976 11.051936231032135
v -19.009678309530628 3.3435161511779454 11.605640678234417
v -19.252823560572665 3.3719824315879947 11.659544569408654
v -19.02031452196065 3.1808305613051675 11.607998715159718
v -19.263459773002687 3.2092968417152177 11.661902606333959
v -18.955568506017045 3.3435162791357627 11.849714702177385
v -19.19871375705908 3.3719825595458124 11.90361859335162
v -18.966204718447067 3.1808306892629847 11.852072739102686
v -19.2093499694891 3.2092969696730353 11.905976630276925
v -19.13946026093902 3.439092058721723 11.570395174524398
v -19.382605511981055 3.467558339131773 11.624299065698636
v -19.150096473369043 3.2764064688489456 11.5727532114497
v -19.39324172441108 3.3048727492589958 11.626657102623936
v -19.05829555566864 3.439092250658449 11.936506210438846
v -19.301440806710676 3.467558531068499 11.990410101613085
v -19.068931768098665 3.2764066607856717 11.938864247364148
v -19.312077019140702 3.304872941195721 11.992768138538384
v -19.549010056894428 3.732936454313012 11.661190234988595
v -20.0353005589785 3.789869015133111 11.76899801733707
v -19.559646269324453 3.570250864440234 11.663548271913898
v -20.045936771408524 3.627183425260334 11.771356054262373
v -19.46784535162405 3.7329366462497378 12.027301270903045
v -19.954135853708124 3.7898692070698363 12.135109053251519
v -19.478481564054075 3.57025105637696 12.029659307828348
v -19.96477206613815 3.6271836171970597 12.137467090176822
v -19.269242187820634 3.5346679754509385 11.535149778605682
v -19.998677940946738 3.6200668166810877 11.696861452128392
v -19.279878400250652 3.3719823855781614 11.537507815530981
v -20.009314153376764 3.4573812268083097 11.699219489053696
v -19.16102258079346 3.534668231366573 12.023297826491612
v -19.890458333919568 3.620067072596722 12.185009500014326
v -19.171658793223486 3.3719826414937955 12.025655863416915
v -19.90109454634959 3.457381482723945 12.187367536939629
v -18.879896358122238 3.247940243634166 11.640886181944438
v -19.123041609164275 3.2764065240442157 11.694790073118675
v -18.89053257055226 3.085254653761389 11.64324421886974
v -19.133677821594297 3.1137209341714387 11.697148110043978
v -18.852841456365447 3.247940307613075 11.76292319391592
v -19.09598670740748 3.276406588023125 11.81682708509016
v -18.863477668795465 3.0852547177402974 11.765281230841223
v -19.106622919837505 3.1137209981503475 11.819185122015462
v -19.326856671389372 3.3363997067447304 12.626067802712152
v -19.541129182651346 3.3790991222679976 12.320054588952855
v -19.33310543682849 3.173714116723459 12.617143551753259
v -19.547377948090464 3.2164135322467264 12.311130337993964
v -19.531644764892953 3.336399589198228 12.769461794075673
v -19.745917276154923 3.3790990047214957 12.463448580316374
v -19.53789353033207 3.1737139991769574 12.76053754311678
v -19.752166041594045 3.2164134147002255 12.454524329357485
v -19.34395946859809 3.431975675664588 12.492677052242511
v -19.55823197986006 3.474675091187855 12.186663838483216
v -19.350208234037208 3.2692900856433162 12.483752801283618
v -19.564480745299182 3.311989501166584 12.177739587524327
v -19.651141608853457 3.4319754993448353 12.707768039287792
v -19.86541412011543 3.4746749148681033 12.401754825528498
v -19.65739037429258 3.2692899093235646 12.698843788328897
v -19.87166288555455 3.3119893248468313 12.392830574569604
v -19.58457109833938 3.725820072953145 12.14904815079547
v -19.94169195044267 3.7969857654919235 11.63902612786331
v -19.590819863778506 3.5631344829318743 12.14012389983658
v -19.947940715881792 3.634300175470652 11.630101876904419
v -19.891753238594752 3.725819896633393 12.364139137840748
v -20.248874090698042 3.796985589172171 11.85411711490859
v -19.898002004033874 3.563134306612122 12.355214886881859
v -20.255122856137163 3.6342999991509 11.845192863949698
v -19.36106237617631 3.5275516571644214 12.359286380082809
v -19.861031569120914 3.6271836267187103 11.645255547977786
v -19.367311141615428 3.36486606714315 12.350362129123916
v -19.867280334560032 3.4644980366974396 11.636331297018895
v -19.77063856318347 3.527551422071418 12.646074362809848
v -20.27060775612807 3.627183391625708 11.932043530704826
v -19.776887328622585 3.364865832050148 12.637150111850957
v -20.27685652156719 3.464497801604437 11.923119279745933
v -19.30975387418065 3.240823737824872 12.75945855318179
v -19.524026385442625 3.2835231533481384 12.453445339422496
v -19.31600263961977 3.0781381478036005 12.750534302222896
v -19.53027515088175 3.1208375633268677 12.444521088463604
v -19.41214792093244 3.2408236790516205 12.831155548863551
v -19.626420432194415 3.2835230945748886 12.525142335104253
v -19.418396686371562 3.0781380890303502 12.822231297904658
v -19.632669197633536 3.1208375045536165 12.516218084145361
v -20.617374508118214 3.3363996466314125 12.430766907149264
v -20.311361535572704 3.3790987425560566 12.21649401408462
v -20.608450438687935 3.173714047289856 12.424518024627123
v -20.302437466142425 3.2164131432145 12.210245131562479
v -20.76076877345697 3.3364000155115976 12.225979005485422
v -20.45475580091146 3.3790991114362416 12.011706112420777
v -20.75184470402669 3.173714416170041 12.21973012296328
v -20.44583173148118 3.216413512094686 12.005457229898639
v -20.48398368915477 3.4319754939445986 12.413664061980613
v -20.17797071660926 3.4746745898692426 12.199391168915968
v -20.47505961972449 3.269289894603042 12.407415179458473
v -20.169046647178977 3.311988990527686 12.193142286393828
v -20.699075087162896 3.4319760472648753 12.106482209484852
v -20.39306211461739 3.47467514318952 11.892209316420207
v -20.69015101773262 3.269290447923319 12.10023332696271
v -20.38413804518711 3.3119895438479636 11.885960433898065
v -20.140354707303132 3.7258199977660302 12.173052559506877
v -19.630333086393946 3.7969851576404374 11.815931071065803
v -20.13143063787285 3.5631343984244728 12.166803676984735
v -19.621409016963668 3.6342995582988795 11.80968218854366
v -20.355446105311266 3.725820551086307 11.865870707011112
v -19.845424484402077 3.7969857109607137 11.508749218570038
v -20.34652203588098 3.5631349517447504 11.859621824488972
v -19.8365004149718 3.634300111619158 11.502500336047898
v -20.350592787692065 3.527551566903509 12.396561360977572
v -19.636562518419208 3.6271827907276775 11.89659127716007
v -20.341668718261786 3.3648659675619523 12.390312478455431
v -19.62763844898893 3.4644971913861218 11.890342394637928
v -20.637381318369577 3.527552304663879 11.986985557649891
v -19.92335104909672 3.627183528488048 11.487015473832386
v -20.6284572489393 3.3648667053223225 11.980736675127748
v -19.91442697966644 3.464497929146492 11.480766591310246
v -20.750765327081666 3.2408237993182256 12.447869752317917
v -20.444752354536153 3.2835228952428697 12.233596859253275
v -20.741841257651387 3.0781381999766686 12.441620869795775
v -20.435828285105874 3.120837295901313 12.227347976731131
v -20.822462459751037 3.240823983758318 12.345475801485998
v -20.51644948720553 3.283523079682962 12.131202908421356
v -20.813538390320762 3.078138384416761 12.339226918963858
v -20.507525417775256 3.1208374803414047 12.124954025899212
v -20.717086402077996 3.346002237932158 11.449007045370896
v -20.371949921253545 3.3887014351518974 11.59196723774771
v -20.70702132968519 3.1833166415446157 11.453176269377927
v -20.361884848860743 3.2260158387643543 11.59613646175474
v -20.621415534658812 3.346001913122812 11.218037166106956
v -20.27627905383436 3.3887011103425513 11.360997358483768
v -20.611350462266007 3.1833163167352687 11.222206390113987
v -20.266213981441556 3.226015513955009 11.365166582490803
v -20.630991220366475 3.441578258667728 11.552318349809024
v -20.285854739542028 3.484277455887468 11.695278542185838
v -20.62092614797367 3.278892662280185 11.556487573816055
v -20.275789667149223 3.3215918594999243 11.69944776619287
v -20.487484919237698 3.441577771453708 11.205863530913117
v -20.14234843841325 3.4842769686734476 11.348823723289929
v -20.47741984684489 3.2788921750661655 11.210032754920146
v -20.13228336602044 3.3215913722859054 11.352992947296961
v -20.24342978853257 3.735422728724127 11.71285155741083
v -19.668202320491826 3.8065880574236926 11.95111854470552
v -20.233364716139764 3.5727371323365844 11.717020781417862
v -19.65813724809902 3.6439024610361503 11.955287768712548
v -20.099923487403792 3.7354222415101077 11.36639673851492
v -19.52469601936305 3.8065875702096728 11.604663725809608
v -20.089858415010983 3.572736645122565 11.370565962521951
v -19.51463094697024 3.643901973822131 11.60883294981664
v -20.544896052880446 3.5371544375189568 11.655629660921692
v -19.739577597623402 3.6367858976983483 11.98920344313426
v -20.53483098048764 3.3744688411314145 11.659798884928724
v -19.729512525230597 3.474100301310806 11.993372667141289
v -20.353554318042075 3.537153787900264 11.193689902393812
v -19.54823586278503 3.636785248079655 11.527263684606378
v -20.34348924564927 3.3744681915127206 11.197859126400845
v -19.538170790392225 3.4740996516921134 11.531432908613409
v -20.803181583789517 3.2504262171965888 11.345695740932767
v -20.45804510296507 3.2931254144163287 11.48865593330958
v -20.79311651139671 3.0877406208090457 11.349864964939798
v -20.44798003057226 3.130439818028785 11.492825157316613
v -20.755346150079923 3.2504260547919155 11.230210801300796
v -20.410209669255476 3.2931252520116545 11.373170993677611
v -20.745281077687117 3.087740458404373 11.234380025307829
v -20.400144596862667 3.1304396556241127 11.377340217684642
v -19.720090858221237 3.2925259018934603 10.853051722466098
v -19.783812456957747 3.3492418071249364 11.090864577743641
v -19.725708810098322 3.131699878017364 10.874018113345537
v -19.789430408834836 3.18841578324884 11.11183096862308
v -19.478609363441016 3.2925258054233857 10.917756341147493
v -19.542330962177527 3.3492417106548618 11.155569196425038
v -19.4842273153181 3.1316997815472893 10.938722732026932
v -19.547948914054615 3.1884156867787654 11.176535587304475
v -19.809513141226343 3.4012969034705645 10.945298769397741
v -19.873234739962857 3.4580128087020405 11.183111624675282
v -19.81513109310343 3.2404708795944677 10.966265160277178
v -19.878852691839942 3.2971867848259437 11.204078015554723
v -19.44729089905601 3.4012967587654535 11.042355697419834
v -19.511012497792525 3.4580126639969286 11.280168552697377
v -19.452908850933095 3.2404707348893567 11.063322088299271
v -19.51663044966961 3.297186640120833 11.301134943576816
v -19.912599382709022 3.741788833387637 11.330021554545732
v -20.040042580182046 3.855220643850589 11.80564726510082
v -19.918217334586107 3.580962809511541 11.350987945425171
v -20.045660532059134 3.694394619974493 11.826613655980259
v -19.55037714053869 3.7417886886825253 11.427078482567824
v -19.677820338011713 3.855220499145478 11.902704193122911
v -19.555995092415777 3.580962664806429 11.448044873447264
v -19.683438289888805 3.6943944752693807 11.923670584002352
v -19.89893557605598 3.510067933354929 11.037545771692892
v -20.090100372265518 3.680215649049358 11.750984337525521
v -19.904553527933068 3.349241909478833 11.05851216257233
v -20.09571832414261 3.519389625173261 11.77195072840496
v -19.41597258649554 3.51006774041478 11.166955009055682
v -19.607137382705076 3.6802154561092086 11.880393574888311
v -19.421590538372623 3.3492417165386827 11.18792139993512
v -19.612755334582165 3.519389432233112 11.90135996576775
vt 0.1328125 0.40625
vt 0.1484375 0.40625
vt 0.1484375 0.421875
vt 0.1328125 0.421875
vt 0.2578125 0.40625
vt 0.2578125 0.421875
vt 0.2421875 0.421875
vt 0.2421875 0.40625
vt 0.2890625 0.65625
vt 0.2734375 0.65625
vt 0.2734375 0.515625
vt 0.2890625 0.515625
vt 0.015625 0.640625
vt 0 0.640625
vt 0 0.6242671875
vt 0.015625 0.5
vt 0 0.6242671875
vt 0 0.5
vt 0.015625 0.5
vt 0.0234375 0.5
vt 0.0390625 0.5
vt 0.0390625 0.62201796875
vt 0.0234375 0.640625
vt 0.0390625 0.62201796875
vt 0.0390625 0.640625
vt 0.0234375 0.640625
vt 0.0625 0.5
vt 0.0625 0.6242671875
vt 0.046875 0.62201796875
vt 0.046875 0.5
vt 0.055584375 0.625428125
vt 0.0625 0.6242671875
vt 0.0625 0.640625
vt 0.046875 0.640625
vt 0.046875 0.640625
vt 0.046875 0.62201796875
vt 0.055584375 0.625428125
vt 0.0625 0.6242671875
vt 0.055584375 0.625428125
vt 0.046875 0.62201796875
vt 0.5859375 0.8203125
vt 0.6015625 0.8203125
vt 0.6015625 0.8359375
vt 0.5859375 0.8359375
vt 0.28125 0.3984375
vt 0.28125 0.4140625
vt 0.265625 0.4140625
vt 0.265625 0.3984375
vt 0.140625 0.7109375
vt 0.125 0.7109375
vt 0.125 0.5078125
vt 0.140625 0.5078125
vt 0.1640625 0.7109375
vt 0.1484375 0.7109375
vt 0.1484375 0.687309375
vt 0.1640625 0.5078125
vt 0.1484375 0.687309375
vt 0.1484375 0.5078125
vt 0.1640625 0.5078125
vt 0.171875 0.5078125
vt 0.1875 0.5078125
vt 0.1875 0.6840609375
vt 0.171875 0.7109375
vt 0.1875 0.6840609375
vt 0.1875 0.7109375
vt 0.171875 0.7109375
vt 0.2109375 0.5078125
vt 0.2109375 0.687309375
vt 0.1953125 0.6840609375
vt 0.1953125 0.5078125
vt 0.204021875 0.6889859375
vt 0.2109375 0.687309375
vt 0.2109375 0.7109375
vt 0.1953125 0.7109375
vt 0.1953125 0.7109375
vt 0.1953125 0.6840609375
vt 0.204021875 0.6889859375
vt 0.2109375 0.687309375
vt 0.204021875 0.6889859375
vt 0.1953125 0.6840609375
vt 0.0859375 0.4296875
vt 0.0546875 0.4296875
vt 0.0546875 0.4140625
vt 0.0859375 0.4140625
vt 0.46875 0.3984375
vt 0.484375 0.3984375
vt 0.484375 0.4296875
vt 0.46875 0.4296875
vt 0.5625 0.4296875
vt 0.578125 0.4296875
vt 0.578125 0.4609375
vt 0.5625 0.4609375
vt 0.5625 0.59375
vt 0.5625 0.5625
vt 0.578125 0.5625
vt 0.578125 0.59375
vt 0.6015625 0.6640625
vt 0.6015625 0.6796875
vt 0.5859375 0.6796875
vt 0.5859375 0.6640625
vt 0.6015625 0.65625
vt 0.5859375 0.65625
vt 0.5859375 0.640625
vt 0.6015625 0.640625
vt 0.1015625 0.7421875
vt 0.0703125 0.7421875
vt 0.0703125 0.7265625
vt 0.1015625 0.7265625
vt 0.265625 0.421875
vt 0.28125 0.421875
vt 0.28125 0.453125
vt 0.265625 0.453125
vt 0.390625 0.515625
vt 0.421875 0.515625
vt 0.421875 0.546875
vt 0.390625 0.546875
vt 0.4609375 0.8828125
vt 0.4609375 0.8515625
vt 0.4921875 0.8515625
vt 0.4921875 0.8828125
vt 0.3984375 0.421875
vt 0.3984375 0.4375
vt 0.3671875 0.4375
vt 0.3671875 0.421875
vt 0.59375 0.6171875
vt 0.5625 0.6171875
vt 0.5625 0.6015625
vt 0.59375 0.6015625
vt 0.53125 0.4453125
vt 0.5 0.4453125
vt 0.5 0.4296875
vt 0.53125 0.4296875
vt 0.1640625 0.4140625
vt 0.1796875 0.4140625
vt 0.1796875 0.4453125
vt 0.1640625 0.4453125
vt 0.390625 0.59375
vt 0.4375 0.59375
vt 0.4375 0.625
vt 0.390625 0.625
vt 0.21875 0.5859375
vt 0.21875 0.5546875
vt 0.265625 0.5546875
vt 0.265625 0.5859375
vt 0.546875 0.8671875
vt 0.546875 0.8828125
vt 0.5 0.8828125
vt 0.5 0.8671875
vt 0.5078125 0.5
vt 0.4609375 0.5
vt 0.4609375 0.484375
vt 0.5078125 0.484375
vt 0.5234375 0.90625
vt 0.4609375 0.90625
vt 0.4609375 0.890625
vt 0.5234375 0.890625
vt 0.2421875 0.484375
vt 0.2578125 0.484375
vt 0.2578125 0.546875
vt 0.2421875 0.546875
vt 0.3125 0.7734375
vt 0.359375 0.7734375
vt 0.359375 0.8359375
vt 0.3125 0.8359375
vt 0.3125 0.765625
vt 0.3125 0.703125
vt 0.359375 0.703125
vt 0.359375 0.765625
vt 0.046875 0.4765625
vt 0.046875 0.4921875
vt 0 0.4921875
vt 0 0.4765625
vt 0.5546875 0.6015625
vt 0.5078125 0.6015625
vt 0.5078125 0.5859375
vt 0.5546875 0.5859375
vt 0.484375 0.6484375
vt 0.390625 0.6484375
vt 0.390625 0.6328125
vt 0.484375 0.6328125
vt 0.296875 0.53125
vt 0.3125 0.53125
vt 0.3125 0.625
vt 0.296875 0.625
vt 0.1875 0.71875
vt 0.25 0.71875
vt 0.25 0.8125
vt 0.1875 0.8125
vt 0.1171875 0.8125
vt 0.1171875 0.71875
vt 0.1796875 0.71875
vt 0.1796875 0.8125
vt 0.5234375 0.828125
vt 0.5234375 0.84375
vt 0.4609375 0.84375
vt 0.4609375 0.828125
vt 0.5234375 0.8203125
vt 0.4609375 0.8203125
vt 0.4609375 0.8046875
vt 0.5234375 0.8046875
vt 0.5859375 0.703125
vt 0.5546875 0.703125
vt 0.5546875 0.6875
vt 0.5859375 0.6875
vt 0.1875 0.4140625
vt 0.203125 0.4140625
vt 0.203125 0.4453125
vt 0.1875 0.4453125
vt 0.5625 0.6484375
vt 0.578125 0.6484375
vt 0.578125 0.6796875
vt 0.5625 0.6796875
vt 0.5625 1
vt 0.5625 0.96875
vt 0.578125 0.96875
vt 0.578125 1
vt 0.3046875 0.3984375
vt 0.3046875 0.4140625
vt 0.2890625 0.4140625
vt 0.2890625 0.3984375
vt 0.328125 0.4140625
vt 0.3125 0.4140625
vt 0.3125 0.3984375
vt 0.328125 0.3984375
vt 0.1015625 0.453125
vt 0.0546875 0.453125
vt 0.0546875 0.4375
vt 0.1015625 0.4375
vt 0.21875 0.4140625
vt 0.234375 0.4140625
vt 0.234375 0.4609375
vt 0.21875 0.4609375
vt 0.421875 0.796875
vt 0.453125 0.796875
vt 0.453125 0.84375
vt 0.421875 0.84375
vt 0.421875 0.8984375
vt 0.421875 0.8515625
vt 0.453125 0.8515625
vt 0.453125 0.8984375
vt 0.5234375 0.40625
vt 0.5234375 0.421875
vt 0.4921875 0.421875
vt 0.4921875 0.40625
vt 0.59375 0.421875
vt 0.5625 0.421875
vt 0.5625 0.40625
vt 0.59375 0.40625
vt 0.5859375 0.484375
vt 0.5390625 0.484375
vt 0.5390625 0.46875
vt 0.5859375 0.46875
vt 0.5390625 0.4140625
vt 0.5546875 0.4140625
vt 0.5546875 0.4609375
vt 0.5390625 0.4609375
vt 0.3671875 0.734375
vt 0.4140625 0.734375
vt 0.4140625 0.78125
vt 0.3671875 0.78125
vt 0.3671875 0.7265625
vt 0.3671875 0.6796875
vt 0.4140625 0.6796875
vt 0.4140625 0.7265625
vt 0.5859375 0.4921875
vt 0.5859375 0.5078125
vt 0.5390625 0.5078125
vt 0.5390625 0.4921875
vt 0.578125 0.640625
vt 0.53125 0.640625
vt 0.53125 0.625
vt 0.578125 0.625
vt 0.5390625 0.9296875
vt 0.4609375 0.9296875
vt 0.4609375 0.9140625
vt 0.5390625 0.9140625
vt 0.21875 0.46875
vt 0.234375 0.46875
vt 0.234375 0.546875
vt 0.21875 0.546875
vt 0.0703125 0.6328125
vt 0.1171875 0.6328125
vt 0.1171875 0.7109375
vt 0.0703125 0.7109375
vt 0.359375 0.890625
vt 0.28125 0.890625
vt 0.28125 0.84375
vt 0.359375 0.84375
vt 0.5859375 0.515625
vt 0.5859375 0.53125
vt 0.5390625 0.53125
vt 0.5390625 0.515625
vt 0.4140625 0.4609375
vt 0.3671875 0.4609375
vt 0.3671875 0.4453125
vt 0.4140625 0.4453125
vt 0.484375 0.9765625
vt 0.375 0.9765625
vt 0.375 0.9609375
vt 0.484375 0.9609375
vt 0.09375 0.515625
vt 0.109375 0.515625
vt 0.109375 0.625
vt 0.09375 0.625
vt 0.140625 0.8203125
vt 0.203125 0.8203125
vt 0.203125 0.9296875
vt 0.140625 0.9296875
vt 0.109375 0.8125
vt 0 0.8125
vt 0 0.75
vt 0.109375 0.75
vt 0.546875 0.671875
vt 0.546875 0.6875
vt 0.484375 0.6875
vt 0.484375 0.671875
vt 0.53125 0.5234375
vt 0.46875 0.5234375
vt 0.46875 0.5078125
vt 0.53125 0.5078125
vt 0.59375 0.953125
vt 0.546875 0.953125
vt 0.546875 0.9375
vt 0.59375 0.9375
vt 0.421875 0.4140625
vt 0.4375 0.4140625
vt 0.4375 0.4609375
vt 0.421875 0.4609375
vt 0.1484375 0.453125
vt 0.1640625 0.453125
vt 0.1640625 0.5
vt 0.1484375 0.5
vt 0.171875 0.5
vt 0.171875 0.453125
vt 0.1875 0.453125
vt 0.1875 0.5
vt 0.3984375 0.3984375
vt 0.3984375 0.4140625
vt 0.3828125 0.4140625
vt 0.3828125 0.3984375
vt 0.375 0.4140625
vt 0.359375 0.4140625
vt 0.359375 0.3984375
vt 0.375 0.3984375
vt 0.5546875 0.578125
vt 0.5078125 0.578125
vt 0.5078125 0.5625
vt 0.5546875 0.5625
vt 0.515625 0.453125
vt 0.53125 0.453125
vt 0.53125 0.5
vt 0.515625 0.5
vt 0.390625 0.5859375
vt 0.390625 0.5546875
vt 0.4375 0.5546875
vt 0.4375 0.5859375
vt 0.21875 0.7109375
vt 0.21875 0.6640625
vt 0.25 0.6640625
vt 0.25 0.7109375
vt 0.6171875 0.9609375
vt 0.6171875 0.9765625
vt 0.5859375 0.9765625
vt 0.5859375 0.9609375
vt 0.6171875 1
vt 0.5859375 1
vt 0.5859375 0.984375
vt 0.6171875 0.984375
vt 0.4375 0.484375
vt 0.390625 0.484375
vt 0.390625 0.46875
vt 0.4375 0.46875
vt 0.34375 0.4375
vt 0.359375 0.4375
vt 0.359375 0.484375
vt 0.34375 0.484375
vt 0.3203125 1
vt 0.3203125 0.953125
vt 0.3671875 0.953125
vt 0.3671875 1
vt 0.3671875 0.9453125
vt 0.3671875 0.8984375
vt 0.4140625 0.8984375
vt 0.4140625 0.9453125
vt 0.59375 0.9140625
vt 0.59375 0.9296875
vt 0.546875 0.9296875
vt 0.546875 0.9140625
vt 0.59375 0.7890625
vt 0.546875 0.7890625
vt 0.546875 0.7734375
vt 0.59375 0.7734375
vt 0.5234375 0.625
vt 0.4453125 0.625
vt 0.4453125 0.609375
vt 0.5234375 0.609375
vt 0.34375 0.4921875
vt 0.359375 0.4921875
vt 0.359375 0.5703125
vt 0.34375 0.5703125
vt 0.234375 1
vt 0.234375 0.953125
vt 0.3125 0.953125
vt 0.3125 1
vt 0.2578125 0.828125
vt 0.2578125 0.75
vt 0.3046875 0.75
vt 0.3046875 0.828125
vt 0.59375 0.75
vt 0.59375 0.765625
vt 0.546875 0.765625
vt 0.546875 0.75
vt 0.59375 0.8125
vt 0.546875 0.8125
vt 0.546875 0.796875
vt 0.59375 0.796875
vt 0.4765625 0.671875
vt 0.3671875 0.671875
vt 0.3671875 0.65625
vt 0.4765625 0.65625
vt 0.3671875 0.5390625
vt 0.3828125 0.5390625
vt 0.3828125 0.6484375
vt 0.3671875 0.6484375
vt 0 1
vt 0 0.9375
vt 0.109375 0.9375
vt 0.109375 1
vt 0 0.9296875
vt 0 0.8203125
vt 0.0625 0.8203125
vt 0.0625 0.9296875
vt 0.5546875 0.9609375
vt 0.5546875 0.9765625
vt 0.4921875 0.9765625
vt 0.4921875 0.9609375
vt 0.5546875 1
vt 0.4921875 1
vt 0.4921875 0.984375
vt 0.5546875 0.984375
vt 0.5546875 0.5546875
vt 0.5078125 0.5546875
vt 0.5078125 0.5390625
vt 0.5546875 0.5390625
vt 0.1953125 0.453125
vt 0.2109375 0.453125
vt 0.2109375 0.5
vt 0.1953125 0.5
vt 0.296875 0.4765625
vt 0.3125 0.4765625
vt 0.3125 0.5234375
vt 0.296875 0.5234375
vt 0.0703125 0.5078125
vt 0.0703125 0.4609375
vt 0.0859375 0.4609375
vt 0.0859375 0.5078125
vt 0.6015625 0.578125
vt 0.6015625 0.59375
vt 0.5859375 0.59375
vt 0.5859375 0.578125
vt 0.6015625 0.4609375
vt 0.5859375 0.4609375
vt 0.5859375 0.4453125
vt 0.6015625 0.4453125
vt 0.578125 0.859375
vt 0.53125 0.859375
vt 0.53125 0.84375
vt 0.578125 0.84375
vt 0.2890625 0.421875
vt 0.3046875 0.421875
vt 0.3046875 0.46875
vt 0.2890625 0.46875
vt 0.3203125 0.578125
vt 0.3515625 0.578125
vt 0.3515625 0.625
vt 0.3203125 0.625
vt 0.421875 0.953125
vt 0.421875 0.90625
vt 0.453125 0.90625
vt 0.453125 0.953125
vt 0.6171875 0.84375
vt 0.6171875 0.859375
vt 0.5859375 0.859375
vt 0.5859375 0.84375
vt 0.6171875 0.90625
vt 0.5859375 0.90625
vt 0.5859375 0.890625
vt 0.6171875 0.890625
vt 0.578125 0.90625
vt 0.53125 0.90625
vt 0.53125 0.890625
vt 0.578125 0.890625
vt 0.2421875 0.4296875
vt 0.2578125 0.4296875
vt 0.2578125 0.4765625
vt 0.2421875 0.4765625
vt 0.3671875 0.7890625
vt 0.4140625 0.7890625
vt 0.4140625 0.8359375
vt 0.3671875 0.8359375
vt 0.3671875 0.890625
vt 0.3671875 0.84375
vt 0.4140625 0.84375
vt 0.4140625 0.890625
vt 0.6015625 0.8671875
vt 0.6015625 0.8828125
vt 0.5546875 0.8828125
vt 0.5546875 0.8671875
vt 0.15625 0.4453125
vt 0.109375 0.4453125
vt 0.109375 0.4296875
vt 0.15625 0.4296875
vt 0.5390625 0.953125
vt 0.4609375 0.953125
vt 0.4609375 0.9375
vt 0.5390625 0.9375
vt 0.4453125 0.5234375
vt 0.4609375 0.5234375
vt 0.4609375 0.6015625
vt 0.4453125 0.6015625
vt 0.2578125 0.6640625
vt 0.3046875 0.6640625
vt 0.3046875 0.7421875
vt 0.2578125 0.7421875
vt 0.359375 0.9453125
vt 0.28125 0.9453125
vt 0.28125 0.8984375
vt 0.359375 0.8984375
vt 0.046875 0.4296875
vt 0.046875 0.4453125
vt 0 0.4453125
vt 0 0.4296875
vt 0.4921875 0.453125
vt 0.4453125 0.453125
vt 0.4453125 0.4375
vt 0.4921875 0.4375
vt 0.484375 1
vt 0.375 1
vt 0.375 0.984375
vt 0.484375 0.984375
vt 0.0703125 0.515625
vt 0.0859375 0.515625
vt 0.0859375 0.625
vt 0.0703125 0.625
vt 0.0703125 0.8203125
vt 0.1328125 0.8203125
vt 0.1328125 0.9296875
vt 0.0703125 0.9296875
vt 0.2265625 1
vt 0.1171875 1
vt 0.1171875 0.9375
vt 0.2265625 0.9375
vt 0.453125 0.4921875
vt 0.453125 0.5078125
vt 0.390625 0.5078125
vt 0.390625 0.4921875
vt 0.5546875 0.6640625
vt 0.4921875 0.6640625
vt 0.4921875 0.6484375
vt 0.5546875 0.6484375
vt 0.578125 0.8359375
vt 0.53125 0.8359375
vt 0.53125 0.8203125
vt 0.578125 0.8203125
vt 0.3125 0.421875
vt 0.328125 0.421875
vt 0.328125 0.46875
vt 0.3125 0.46875
vt 0.265625 0.4609375
vt 0.28125 0.4609375
vt 0.28125 0.5078125
vt 0.265625 0.5078125
vt 0.140625 0.5
vt 0.09375 0.5
vt 0.09375 0.484375
vt 0.140625 0.484375
vt 0.0546875 0.390625
vt 0.0546875 0.40625
vt 0.0390625 0.40625
vt 0.0390625 0.390625
vt 0.078125 0.40625
vt 0.0625 0.40625
vt 0.0625 0.390625
vt 0.078125 0.390625
vt 0.59375 0.5546875
vt 0.5625 0.5546875
vt 0.5625 0.5390625
vt 0.59375 0.5390625
vt 0.4453125 0.3984375
vt 0.4609375 0.3984375
vt 0.4609375 0.4296875
vt 0.4453125 0.4296875
vt 0.46875 0.5703125
vt 0.5 0.5703125
vt 0.5 0.6015625
vt 0.46875 0.6015625
vt 0.46875 0.5625
vt 0.46875 0.53125
vt 0.5 0.53125
vt 0.5 0.5625
vt 0.125 0.40625
vt 0.125 0.421875
vt 0.09375 0.421875
vt 0.09375 0.40625
vt 0.609375 0.7421875
vt 0.578125 0.7421875
vt 0.578125 0.7265625
vt 0.609375 0.7265625
vt 0.03125 0.421875
vt 0 0.421875
vt 0 0.40625
vt 0.03125 0.40625
vt 0.3359375 0.3984375
vt 0.3515625 0.3984375
vt 0.3515625 0.4296875
vt 0.3359375 0.4296875
vt 0.421875 0.71875
vt 0.46875 0.71875
vt 0.46875 0.75
vt 0.421875 0.75
vt 0.421875 0.7890625
vt 0.421875 0.7578125
vt 0.46875 0.7578125
vt 0.46875 0.7890625
vt 0.5703125 0.7109375
vt 0.5703125 0.7265625
vt 0.5234375 0.7265625
vt 0.5234375 0.7109375
vt 0.046875 0.46875
vt 0 0.46875
vt 0 0.453125
vt 0.046875 0.453125
vt 0.5390625 0.796875
vt 0.4765625 0.796875
vt 0.4765625 0.78125
vt 0.5390625 0.78125
vt 0.3671875 0.46875
vt 0.3828125 0.46875
vt 0.3828125 0.53125
vt 0.3671875 0.53125
vt 0.21875 0.59375
vt 0.265625 0.59375
vt 0.265625 0.65625
vt 0.21875 0.65625
vt 0.3125 0.6953125
vt 0.3125 0.6328125
vt 0.359375 0.6328125
vt 0.359375 0.6953125
vt 0.140625 0.4609375
vt 0.140625 0.4765625
vt 0.09375 0.4765625
vt 0.09375 0.4609375
vt 0.4921875 0.4765625
vt 0.4453125 0.4765625
vt 0.4453125 0.4609375
vt 0.4921875 0.4609375
vt 0.515625 0.7109375
vt 0.421875 0.7109375
vt 0.421875 0.6953125
vt 0.515625 0.6953125
vt 0.3203125 0.4765625
vt 0.3359375 0.4765625
vt 0.3359375 0.5703125
vt 0.3203125 0.5703125
vt 0 0.6484375
vt 0.0625 0.6484375
vt 0.0625 0.7421875
vt 0 0.7421875
vt 0.2109375 0.9296875
vt 0.2109375 0.8359375
vt 0.2734375 0.8359375
vt 0.2734375 0.9296875
vt 0.5390625 0.7578125
vt 0.5390625 0.7734375
vt 0.4765625 0.7734375
vt 0.4765625 0.7578125
vt 0.5390625 0.75
vt 0.4765625 0.75
vt 0.4765625 0.734375
vt 0.5390625 0.734375
vn 0 1 0
vn 0 -1 0
vn -0.9914448613738106 0 0.13052619222005116
vn -0.13052619222005116 0 -0.9914448613738106
vn -0.13052619222005116 0 -0.9914448613738106
vn 0.13052619222005116 0 0.9914448613738106
vn 0.13052619222005116 0 0.9914448613738106
vn 0.9914448613738106 0 -0.13052619222005116
vn 0.9914448613738106 0 -0.13052619222005116
vn 0.9914448613738106 0 -0.13052619222005116
vn 0.9914448613738106 0 -0.13052619222005116
vn 0 1 0
vn 0 -1 0
vn -0.9914448613738106 0 0.13052619222005116
vn -0.13052619222005116 0 -0.9914448613738106
vn -0.13052619222005116 0 -0.9914448613738106
vn 0.13052619222005116 0 0.9914448613738106
vn 0.13052619222005116 0 0.9914448613738106
vn 0.9914448613738106 0 -0.13052619222005116
vn 0.9914448613738106 0 -0.13052619222005116
vn 0.9914448613738106 0 -0.13052619222005116
vn 0.9914448613738106 0 -0.13052619222005116
vn -0.9659259791209015 2.2608039853719662e-7 -0.2588184747255823
vn 0.9659259791208993 -2.2608040750786758e-7 0.2588184747255907
vn 0.05810096207846138 0.974477781667364 -0.21683480173212671
vn -0.05810096207847133 -0.974477781667365 0.21683480173211905
vn 0.25649286033909985 -0.13375308043944936 -0.9572468469877691
vn -0.2564928603391038 0.13375308043945255 0.9572468469877675
vn -0.21643921405434607 -2.998728265228783e-7 -0.9762960957718961
vn 0.21643921405433916 2.998728269876114e-7 0.9762960957718975
vn 0.11086872652234109 0.9935310637988569 -0.024579478147962013
vn -0.11086872652234445 -0.9935310637988567 0.02457947814796277
vn 0.974114340805515 -0.06681672361690018 -0.2159554965314385
vn -0.974114340805514 0.06681672361691332 0.21595549653143872
vn -0.21643921405435426 -2.9987283778269436e-7 -0.9762960957718941
vn 0.21643921405434538 2.998728256126639e-7 0.9762960957718962
vn 0.11086872652234217 0.9935310637988568 -0.02457947814796491
vn -0.11086872652234431 -0.9935310637988565 0.024579478147964337
vn 0.9741143408055133 -0.06681672361689049 -0.21595549653144808
vn -0.9741143408055136 0.06681672361689969 0.2159554965314437
vn -0.2164392140543503 -2.99872836125587e-7 -0.976296095771895
vn 0.21643921405434688 2.9987283638650226e-7 0.9762960957718959
vn 0.11086872652234243 0.9935310637988569 -0.02457947814796206
vn -0.11086872652234307 -0.9935310637988567 0.024579478147963407
vn 0.974114340805514 -0.0668167236169119 -0.2159554965314387
vn -0.9741143408055133 0.066816723616923 0.21595549653143897
vn -0.21643921405434602 -2.998728274576562e-7 -0.9762960957718961
vn 0.21643921405434874 2.998728353058864e-7 0.9762960957718954
vn 0.11086872652234336 0.9935310637988566 -0.024579478147963872
vn -0.11086872652234193 -0.9935310637988568 0.024579478147962283
vn 0.9741143408055138 -0.06681672361688963 -0.21595549653144608
vn -0.9741143408055138 0.06681672361691275 0.21595549653143858
vn -0.21643921405434666 -2.998728373577946e-7 -0.9762960957718958
vn 0.21643921405436234 2.9987284810507656e-7 0.9762960957718924
vn 0.11086872652234143 0.9935310637988569 -0.024579478147964948
vn -0.11086872652234223 -0.9935310637988569 0.02457947814796122
vn 0.9741143408055145 -0.06681672361690157 -0.21595549653143947
vn -0.9741143408055121 0.06681672361690157 0.21595549653145055
vn 0.8191523740143417 2.754736279697764e-7 -0.5735759654540907
vn -0.8191523740143447 -2.7547361799173853e-7 0.5735759654540864
vn 0.06513527927081228 0.9935310653384449 0.09302374751518103
vn -0.06513527927081288 -0.9935310653384448 -0.09302374751518099
vn 0.5722942016144089 -0.06681671562401433 0.8173217685292286
vn -0.5722942016144064 0.06681671562401946 -0.8173217685292301
vn 0.8191523740143422 2.7547361833874135e-7 -0.5735759654540898
vn -0.8191523740143394 -2.754736139587438e-7 0.5735759654540937
vn 0.06513527927081357 0.9935310653384447 0.093023747515181
vn -0.06513527927081408 -0.9935310653384449 -0.09302374751518092
vn 0.5722942016144121 -0.0668167156240194 0.8173217685292258
vn -0.5722942016144105 0.06681671562401481 -0.8173217685292273
vn 0.8191523740143393 2.754735990993275e-7 -0.5735759654540942
vn -0.8191523740143394 -2.7547361355863103e-7 0.5735759654540937
vn 0.06513527927081283 0.993531065338445 0.09302374751517999
vn -0.06513527927081271 -0.993531065338445 -0.0930237475151781
vn 0.5722942016144031 -0.06681671562402962 0.8173217685292314
vn -0.5722942016144067 0.06681671562402407 -0.8173217685292292
vn 0.8191523740143403 2.7547362353464326e-7 -0.5735759654540928
vn -0.8191523740143435 -2.754736278139827e-7 0.573575965454088
vn 0.06513527927081234 0.993531065338445 0.09302374751517879
vn -0.06513527927081508 -0.9935310653384449 -0.0930237475151787
vn 0.5722942016144082 -0.06681671562402894 0.8173217685292278
vn -0.5722942016144131 0.06681671562400507 -0.8173217685292264
vn 0.8191523740143402 2.7547362355083e-7 -0.573575965454093
vn -0.8191523740143419 -2.754736136648543e-7 0.5735759654540902
vn 0.06513527927080713 0.9935310653384452 0.09302374751518165
vn -0.0651352792708197 -0.9935310653384448 -0.09302374751517634
vn 0.5722942016144138 -0.06681671562402876 0.817321768529224
vn -0.5722942016143924 0.06681671562402962 -0.817321768529239
vn 0.5735770613551693 -8.644813351872906e-7 0.819151606655582
vn -0.5735770613551764 8.644813543573039e-7 -0.8191516066555768
vn -0.09302185903297024 0.9935311619715086 0.06513650231317472
vn 0.09302185903297104 -0.9935311619715087 -0.06513650231317442
vn -0.817321104973898 -0.0668162139329476 0.5722952078428694
vn 0.8173211049738967 0.06681621393293798 -0.5722952078428724
vn 0.5735770613551733 -8.644813398328453e-7 0.8191516066555791
vn -0.5735770613551777 8.644813496055273e-7 -0.8191516066555758
vn -0.09302185903297157 0.9935311619715088 0.06513650231317142
vn 0.09302185903297139 -0.9935311619715085 -0.06513650231317462
vn -0.8173211049738995 -0.06681621393293771 0.5722952078428682
vn 0.817321104973895 0.06681621393293793 -0.5722952078428749
vn 0.573577061355169 -8.644813354365602e-7 0.819151606655582
vn -0.5735770613551666 8.644813206670804e-7 -0.8191516066555837
vn -0.09302185903297193 0.9935311619715085 0.06513650231317396
vn 0.09302185903297096 -0.9935311619715086 -0.06513650231317375
vn -0.8173211049738954 -0.06681621393294732 0.5722952078428729
vn 0.8173211049738981 0.06681621393294244 -0.5722952078428698
vn 0.5735770613551705 -8.644813451096868e-7 0.819151606655581
vn -0.573577061355174 8.644813495195273e-7 -0.8191516066555785
vn -0.0930218590329697 0.9935311619715087 0.06513650231317385
vn 0.09302185903297054 -0.9935311619715087 -0.06513650231317485
vn -0.8173211049738944 -0.06681621393292816 0.5722952078428767
vn 0.8173211049738963 0.06681621393292862 -0.572295207842874
vn 0.5735770613551664 -8.644813403993814e-7 0.8191516066555837
vn -0.5735770613551708 8.644813501649775e-7 -0.8191516066555806
vn -0.0930218590329717 0.9935311619715086 0.06513650231317511
vn 0.09302185903297046 -0.9935311619715085 -0.06513650231317564
vn -0.8173211049739056 -0.0668162139329378 0.5722952078428597
vn 0.8173211049738902 0.06681621393295242 -0.5722952078428797
vn -0.3826834696768204 7.612000593997749e-7 0.9238795170559475
vn 0.3826834696768169 -7.612000603557986e-7 -0.923879517055949
vn -0.10491533495269771 0.9935311313441819 -0.04345875678977788
vn 0.10491533495269499 -0.9935311313441821 0.04345875678978054
vn -0.9218149467306709 -0.06681637294127724 -0.3818282025871093
vn 0.921814946730677 0.06681637294124863 0.3818282025870995
vn -0.3826834696768182 7.612000548675224e-7 0.9238795170559484
vn 0.3826834696768202 -7.612000546656965e-7 -0.9238795170559476
vn -0.10491533495269731 0.9935311313441819 -0.04345875678978076
vn 0.10491533495269798 -0.9935311313441819 0.04345875678977976
vn -0.9218149467306707 -0.06681637294127407 -0.3818282025871107
vn 0.9218149467306704 0.06681637294127016 0.38182820258711186
vn -0.38268346967682343 7.612000694613786e-7 0.9238795170559464
vn 0.38268346967681904 -7.612000602028395e-7 -0.923879517055948
vn -0.1049153349526969 0.993531131344182 -0.043458756789778674
vn 0.10491533495269738 -0.993531131344182 0.04345875678977921
vn -0.9218149467306708 -0.06681637294127037 -0.3818282025871108
vn 0.9218149467306754 0.06681637294125013 0.3818282025871031
vn -0.38268346967682626 7.61200074161971e-7 0.9238795170559451
vn 0.3826834696768232 -7.612000693606111e-7 -0.9238795170559463
vn -0.10491533495269667 0.993531131344182 -0.04345875678977914
vn 0.10491533495269592 -0.993531131344182 0.04345875678978158
vn -0.9218149467306704 -0.06681637294127309 -0.3818282025871115
vn 0.9218149467306723 0.06681637294125951 0.38182820258710926
vn -0.38268346967682165 7.612000694840364e-7 0.9238795170559468
vn 0.38268346967682093 -7.612000640701165e-7 -0.9238795170559474
vn -0.10491533495269761 0.9935311313441819 -0.043458756789779715
vn 0.10491533495269832 -0.9935311313441819 0.043458756789777696
vn -0.9218149467306743 -0.06681637294127009 -0.381828202587102
vn 0.9218149467306684 0.06681637294127278 0.3818282025871163
vn -0.965925979120902 2.2608039666764027e-7 -0.2588184747255805
vn 0.9659259791209005 -2.2608040394933928e-7 0.25881847472558595
vn 0.05810096207846618 0.9744777816673647 -0.21683480173212205
vn -0.05810096207846703 -0.9744777816673643 0.21683480173212347
vn 0.2564928603391016 -0.1337530804394536 -0.9572468469877681
vn -0.25649286033911056 0.1337530804394488 0.9572468469877663
vn -0.9659259791208986 2.2608040941460134e-7 -0.25881847472559244
vn 0.9659259791209 -2.260803998384461e-7 0.2588184747255877
vn 0.05810096207846588 0.9744777816673644 -0.21683480173212308
vn -0.05810096207846508 -0.9744777816673648 0.21683480173212158
vn 0.25649286033910706 -0.1337530804394474 -0.9572468469877673
vn -0.2564928603391106 0.13375308043945822 0.9572468469877649
vn -0.9659259791209024 2.260803888495061e-7 -0.2588184747255788
vn 0.965925979120902 -2.2608039456439176e-7 0.25881847472558
vn 0.05810096207846478 0.9744777816673645 -0.21683480173212286
vn -0.05810096207846757 -0.9744777816673648 0.21683480173212108
vn 0.2564928603391029 -0.13375308043944525 -0.9572468469877689
vn -0.2564928603391027 0.1337530804394532 0.9572468469877677
vn -0.9659259791209012 2.26080398253929e-7 -0.25881847472558356
vn 0.9659259791209013 -2.260803941536558e-7 0.258818474725583
vn 0.058100962078466906 0.9744777816673645 -0.21683480173212222
vn -0.05810096207846842 -0.9744777816673645 0.21683480173212163
vn 0.25649286033910457 -0.1337530804394486 -0.9572468469877679
vn -0.25649286033910274 0.13375308043945713 0.9572468469877672
usemtl m_d63b48de-5995-e43b-dcc1-461060c57ade
f 247/717/182 243/718/182 244/719/182 248/720/182
f 246/721/183 245/722/183 249/723/183 250/724/183
f 248/725/184 244/726/184 246/727/184 250/728/184
f 244/729/185 243/730/185 251/731/185 246/732/185
f 251/733/186 245/734/186 246/735/186
f 250/736/187 249/737/187 252/738/187 248/739/187
f 252/740/188 247/741/188 248/742/188
f 245/743/189 251/744/189 252/745/189 249/746/189
f 253/747/190 251/748/190 243/749/190 247/750/190
f 247/751/191 252/752/191 253/753/191
f 251/754/192 253/755/192 252/756/192
f 258/757/193 254/758/193 255/759/193 259/760/193
f 257/761/194 256/762/194 260/763/194 261/764/194
f 259/765/195 255/766/195 257/767/195 261/768/195
f 255/769/196 254/770/196 262/771/196 257/772/196
f 262/773/197 256/774/197 257/775/197
f 261/776/198 260/777/198 263/778/198 259/779/198
f 263/780/199 258/781/199 259/782/199
f 256/783/200 262/784/200 263/785/200 260/786/200
f 264/787/201 262/788/201 254/789/201 258/790/201
f 258/791/202 263/792/202 264/793/202
f 262/794/203 264/795/203 263/796/203
f 266/797/204 265/798/204 267/799/204 268/800/204
f 271/801/205 269/802/205 270/803/205 272/804/205
f 269/805/206 265/806/206 266/807/206 270/808/206
f 268/809/207 267/810/207 271/811/207 272/812/207
f 267/813/208 265/814/208 269/815/208 271/816/208
f 270/817/209 266/818/209 268/819/209 272/820/209
f 274/821/210 273/822/210 275/823/210 276/824/210
f 279/825/211 277/826/211 278/827/211 280/828/211
f 277/829/212 273/830/212 274/831/212 278/832/212
f 276/833/213 275/834/213 279/835/213 280/836/213
f 275/837/214 273/838/214 277/839/214 279/840/214
f 278/841/215 274/842/215 276/843/215 280/844/215
f 282/845/216 281/846/216 283/847/216 284/848/216
f 287/849/217 285/850/217 286/851/217 288/852/217
f 285/853/218 281/854/218 282/855/218 286/856/218
f 284/857/219 283/858/219 287/859/219 288/860/219
f 283/861/220 281/862/220 285/863/220 287/864/220
f 286/865/221 282/866/221 284/867/221 288/868/221
f 290/869/222 289/870/222 291/871/222 292/872/222
f 295/873/223 293/874/223 294/875/223 296/876/223
f 293/877/224 289/878/224 290/879/224 294/880/224
f 292/881/225 291/882/225 295/883/225 296/884/225
f 291/885/226 289/886/226 293/887/226 295/888/226
f 294/889/227 290/890/227 292/891/227 296/892/227
f 298/893/228 297/894/228 299/895/228 300/896/228
f 303/897/229 301/898/229 302/899/229 304/900/229
f 301/901/230 297/902/230 298/903/230 302/904/230
f 300/905/231 299/906/231 303/907/231 304/908/231
f 299/909/232 297/910/232 301/911/232 303/912/232
f 302/913/233 298/914/233 300/915/233 304/916/233
f 306/917/234 305/918/234 307/919/234 308/920/234
f 311/921/235 309/922/235 310/923/235 312/924/235
f 309/925/236 305/926/236 306/927/236 310/928/236
f 308/929/237 307/930/237 311/931/237 312/932/237
f 307/933/238 305/934/238 309/935/238 311/936/238
f 310/937/239 306/938/239 308/939/239 312/940/239
f 314/941/240 313/942/240 315/943/240 316/944/240
f 319/945/241 317/946/241 318/947/241 320/948/241
f 317/949/242 313/950/242 314/951/242 318/952/242
f 316/953/243 315/954/243 319/955/243 320/956/243
f 315/957/244 313/958/244 317/959/244 319/960/244
f 318/961/245 314/962/245 316/963/245 320/964/245
f 322/965/246 321/966/246 323/967/246 324/968/246
f 327/969/247 325/970/247 326/971/247 328/972/247
f 325/973/248 321/974/248 322/975/248 326/976/248
f 324/977/249 323/978/249 327/979/249 328/980/249
f 323/981/250 321/982/250 325/983/250 327/984/250
f 326/985/251 322/986/251 324/987/251 328/988/251
f 330/989/252 329/990/252 331/991/252 332/992/252
f 335/993/253 333/994/253 334/995/253 336/996/253
f 333/997/254 329/998/254 330/999/254 334/1000/254
f 332/1001/255 331/1002/255 335/1003/255 336/1004/255
f 331/1005/256 329/1006/256 333/1007/256 335/1008/256
f 334/1009/257 330/1010/257 332/1011/257 336/1012/257
f 338/1013/258 337/1014/258 339/1015/258 340/1016/258
f 343/1017/259 341/1018/259 342/1019/259 344/1020/259
f 341/1021/260 337/1022/260 338/1023/260 342/1024/260
f 340/1025/261 339/1026/261 343/1027/261 344/1028/261
f 339/1029/262 337/1030/262 341/1031/262 343/1032/262
f 342/1033/263 338/1034/263 340/1035/263 344/1036/263
f 346/1037/264 345/1038/264 347/1039/264 348/1040/264
f 351/1041/265 349/1042/265 350/1043/265 352/1044/265
f 349/1045/266 345/1046/266 346/1047/266 350/1048/266
f 348/1049/267 347/1050/267 351/1051/267 352/1052/267
f 347/1053/268 345/1054/268 349/1055/268 351/1056/268
f 350/1057/269 346/1058/269 348/1059/269 352/1060/269
f 354/1061/270 353/1062/270 355/1063/270 356/1064/270
f 359/1065/271 357/1066/271 358/1067/271 360/1068/271
f 357/1069/272 353/1070/272 354/1071/272 358/1072/272
f 356/1073/273 355/1074/273 359/1075/273 360/1076/273
f 355/1077/274 353/1078/274 357/1079/274 359/1080/274
f 358/1081/275 354/1082/275 356/1083/275 360/1084/275
f 362/1085/276 361/1086/276 363/1087/276 364/1088/276
f 367/1089/277 365/1090/277 366/1091/277 368/1092/277
f 365/1093/278 361/1094/278 362/1095/278 366/1096/278
f 364/1097/279 363/1098/279 367/1099/279 368/1100/279
f 363/1101/280 361/1102/280 365/1103/280 367/1104/280
f 366/1105/281 362/1106/281 364/1107/281 368/1108/281
f 370/1109/282 369/1110/282 371/1111/282 372/1112/282
f 375/1113/283 373/1114/283 374/1115/283 376/1116/283
f 373/1117/284 369/1118/284 370/1119/284 374/1120/284
f 372/1121/285 371/1122/285 375/1123/285 376/1124/285
f 371/1125/286 369/1126/286 373/1127/286 375/1128/286
f 374/1129/287 370/1130/287 372/1131/287 376/1132/287
f 378/1133/288 377/1134/288 379/1135/288 380/1136/288
f 383/1137/289 381/1138/289 382/1139/289 384/1140/289
f 381/1141/290 377/1142/290 378/1143/290 382/1144/290
f 380/1145/291 379/1146/291 383/1147/291 384/1148/291
f 379/1149/292 377/1150/292 381/1151/292 383/1152/292
f 382/1153/293 378/1154/293 380/1155/293 384/1156/293
f 386/1157/294 385/1158/294 387/1159/294 388/1160/294
f 391/1161/295 389/1162/295 390/1163/295 392/1164/295
f 389/1165/296 385/1166/296 386/1167/296 390/1168/296
f 388/1169/297 387/1170/297 391/1171/297 392/1172/297
f 387/1173/298 385/1174/298 389/1175/298 391/1176/298
f 390/1177/299 386/1178/299 388/1179/299 392/1180/299
f 394/1181/300 393/1182/300 395/1183/300 396/1184/300
f 399/1185/301 397/1186/301 398/1187/301 400/1188/301
f 397/1189/302 393/1190/302 394/1191/302 398/1192/302
f 396/1193/303 395/1194/303 399/1195/303 400/1196/303
f 395/1197/304 393/1198/304 397/1199/304 399/1200/304
f 398/1201/305 394/1202/305 396/1203/305 400/1204/305
f 402/1205/306 401/1206/306 403/1207/306 404/1208/306
f 407/1209/307 405/1210/307 406/1211/307 408/1212/307
f 405/1213/308 401/1214/308 402/1215/308 406/1216/308
f 404/1217/309 403/1218/309 407/1219/309 408/1220/309
f 403/1221/310 401/1222/310 405/1223/310 407/1224/310
f 406/1225/311 402/1226/311 404/1227/311 408/1228/311
f 410/1229/312 409/1230/312 411/1231/312 412/1232/312
f 415/1233/313 413/1234/313 414/1235/313 416/1236/313
f 413/1237/314 409/1238/314 410/1239/314 414/1240/314
f 412/1241/315 411/1242/315 415/1243/315 416/1244/315
f 411/1245/316 409/1246/316 413/1247/316 415/1248/316
f 414/1249/317 410/1250/317 412/1251/317 416/1252/317
f 418/1253/318 417/1254/318 419/1255/318 420/1256/318
f 423/1257/319 421/1258/319 422/1259/319 424/1260/319
f 421/1261/320 417/1262/320 418/1263/320 422/1264/320
f 420/1265/321 419/1266/321 423/1267/321 424/1268/321
f 419/1269/322 417/1270/322 421/1271/322 423/1272/322
f 422/1273/323 418/1274/323 420/1275/323 424/1276/323
f 426/1277/324 425/1278/324 427/1279/324 428/1280/324
f 431/1281/325 429/1282/325 430/1283/325 432/1284/325
f 429/1285/326 425/1286/326 426/1287/326 430/1288/326
f 428/1289/327 427/1290/327 431/1291/327 432/1292/327
f 427/1293/328 425/1294/328 429/1295/328 431/1296/328
f 430/1297/329 426/1298/329 428/1299/329 432/1300/329
f 434/1301/330 433/1302/330 435/1303/330 436/1304/330
f 439/1305/331 437/1306/331 438/1307/331 440/1308/331
f 437/1309/332 433/1310/332 434/1311/332 438/1312/332
f 436/1313/333 435/1314/333 439/1315/333 440/1316/333
f 435/1317/334 433/1318/334 437/1319/334 439/1320/334
f 438/1321/335 434/1322/335 436/1323/335 440/1324/335
f 442/1325/336 441/1326/336 443/1327/336 444/1328/336
f 447/1329/337 445/1330/337 446/1331/337 448/1332/337
f 445/1333/338 441/1334/338 442/1335/338 446/1336/338
f 444/1337/339 443/1338/339 447/1339/339 448/1340/339
f 443/1341/340 441/1342/340 445/1343/340 447/1344/340
f 446/1345/341 442/1346/341 444/1347/341 448/1348/341
f 450/1349/342 449/1350/342 451/1351/342 452/1352/342
f 455/1353/343 453/1354/343 454/1355/343 456/1356/343
f 453/1357/344 449/1358/344 450/1359/344 454/1360/344
f 452/1361/345 451/1362/345 455/1363/345 456/1364/345
f 451/1365/346 449/1366/346 453/1367/346 455/1368/346
f 454/1369/347 450/1370/347 452/1371/347 456/1372/347
f 458/1373/348 457/1374/348 459/1375/348 460/1376/348
f 463/1377/349 461/1378/349 462/1379/349 464/1380/349
f 461/1381/350 457/1382/350 458/1383/350 462/1384/350
f 460/1385/351 459/1386/351 463/1387/351 464/1388/351
f 459/1389/352 457/1390/352 461/1391/352 463/1392/352
f 462/1393/353 458/1394/353 460/1395/353 464/1396/353
o palmera
v 22.17880741682211 3.5544474618614426 5.117376809150383
v 22.054876809150382 3.5544474618614426 5.13369258317789
v 22.17880741682211 2.084684263920824 5.117376809150383
v 22.054876809150382 2.084684263920824 5.13369258317789
v 22.195123190849618 3.5544474618614426 5.24130741682211
v 22.07119258317789 3.5544474618614426 5.257623190849617
v 22.195123190849618 2.084684263920824 5.24130741682211
v 22.07119258317789 2.084684263920824 5.257623190849617
v 22.17880741682211 3.3834790945770017 5.117376809150383
v 22.195123190849618 3.359973461264725 5.24130741682211
v 22.18602843622039 3.3956128198444073 5.1722258969429395
v 22.195123190849618 2.2479912859142264 5.24130741682211
v 22.07119258317789 2.2479912859142264 5.257623190849617
v 22.195123190849618 0.125 5.24130741682211
v 22.07119258317789 0.125 5.257623190849617
v 22.21143896487712 2.2479912859142264 5.365238024493836
v 22.087508357205397 2.2479912859142264 5.381553798521343
v 22.21143896487712 0.125 5.365238024493836
v 22.087508357205397 0.125 5.381553798521343
v 22.195123190849618 2.0010369776144783 5.24130741682211
v 22.21143896487712 1.9670843961634124 5.365238024493836
v 22.202344210247897 2.0185634696673977 5.296156504614666
v 22.30683142478387 3.1837549003163543 4.073304675534456
v 22.24310982604736 3.2404708055478313 4.311117530811998
v 22.301213472906785 3.022928876440259 4.094271066413894
v 22.23749187417027 3.0796447816717345 4.332083921691437
v 22.42757217217398 3.183754852081318 4.105656984875153
v 22.363850573437468 3.2404707573127935 4.343469840152696
v 22.421954220296893 3.022928828205221 4.1266233757545905
v 22.358232621560383 3.0796447334366976 4.364436231032134
v 22.927821690469372 3.3435161511779454 4.918140678234417
v 22.684676439427335 3.3719824315879947 4.972044569408655
v 22.91718547803935 3.1808305613051675 4.920498715159718
v 22.674040226997313 3.2092968417152177 4.974402606333959
v 22.981931493982955 3.3435162791357627 5.162214702177385
v 22.73878624294092 3.3719825595458124 5.21611859335162
v 22.971295281552933 3.1808306892629847 5.164572739102685
v 22.7281500305109 3.2092969696730353 5.218476630276925
v 22.79803973906098 3.439092058721723 4.882895174524397
v 22.554894488018945 3.467558339131773 4.9367990656986365
v 22.787403526630957 3.2764064688489456 4.885253211449699
v 22.54425827558892 3.3048727492589958 4.939157102623935
v 22.87920444433136 3.439092250658449 5.249006210438847
v 22.636059193289324 3.467558531068499 5.302910101613084
v 22.868568231901335 3.2764066607856717 5.2513642473641475
v 22.625422980859298 3.304872941195721 5.305268138538385
v 22.388489943105572 3.732936454313012 4.973690234988595
v 21.9021994410215 3.789869015133111 5.081498017337071
v 22.377853730675547 3.570250864440234 4.976048271913897
v 21.891563228591476 3.627183425260334 5.083856054262374
v 22.46965464837595 3.7329366462497378 5.339801270903045
v 21.983364146291876 3.7898692070698363 5.44760905325152
v 22.459018435945925 3.57025105637696 5.342159307828347
v 21.97272793386185 3.6271836171970597 5.449967090176822
v 22.668257812179366 3.5346679754509385 4.847649778605681
v 21.938822059053262 3.6200668166810877 5.009361452128393
v 22.657621599749348 3.3719823855781614 4.850007815530981
v 21.928185846623236 3.4573812268083097 5.0117194890536965
v 22.77647741920654 3.534668231366573 5.335797826491612
v 22.047041666080432 3.620067072596722 5.497509500014326
v 22.765841206776514 3.3719826414937955 5.338155863416915
v 22.03640545365041 3.457381482723945 5.499867536939629
v 23.057603641877762 3.247940243634166 4.953386181944437
v 22.814458390835725 3.2764065240442157 5.007290073118675
v 23.04696742944774 3.085254653761389 4.95574421886974
v 22.803822178405703 3.1137209341714387 5.009648110043977
v 23.084658543634553 3.247940307613075 5.07542319391592
v 22.84151329259252 3.276406588023125 5.129327085090161
v 23.074022331204535 3.0852547177402974 5.077781230841223
v 22.830877080162495 3.1137209981503475 5.131685122015461
v 22.610643328610628 3.3363997067447304 5.938567802712152
v 22.396370817348654 3.3790991222679976 5.632554588952855
v 22.60439456317151 3.173714116723459 5.929643551753259
v 22.390122051909536 3.2164135322467264 5.623630337993963
v 22.405855235107047 3.336399589198228 6.081961794075672
v 22.191582723845077 3.3790990047214957 5.775948580316374
v 22.39960646966793 3.1737139991769574 6.073037543116779
v 22.185333958405955 3.2164134147002255 5.7670243293574845
v 22.59354053140191 3.431975675664588 5.805177052242511
v 22.37926802013994 3.474675091187855 5.499163838483216
v 22.587291765962792 3.2692900856433162 5.796252801283619
v 22.373019254700818 3.311989501166584 5.490239587524326
v 22.286358391146543 3.4319754993448353 6.020268039287792
v 22.07208587988457 3.4746749148681033 5.7142548255284975
v 22.28010962570742 3.2692899093235646 6.011343788328897
v 22.06583711444545 3.3119893248468313 5.705330574569605
v 22.35292890166062 3.725820072953145 5.461548150795472
v 21.99580804955733 3.7969857654919235 4.951526127863311
v 22.346680136221494 3.5631344829318743 5.4526238998365795
v 21.989559284118208 3.634300175470652 4.942601876904419
v 22.045746761405248 3.725819896633393 5.676639137840749
v 21.688625909301958 3.796985589172171 5.166617114908591
v 22.039497995966126 3.563134306612122 5.667714886881858
v 21.682377143862837 3.6342999991509 5.157692863949698
v 22.57643762382369 3.5275516571644214 5.671786380082809
v 22.076468430879086 3.6271836267187103 4.957755547977786
v 22.570188858384572 3.36486606714315 5.662862129123915
v 22.070219665439968 3.4644980366974396 4.948831297018896
v 22.16686143681653 3.527551422071418 5.958574362809849
v 21.66689224387193 3.627183391625708 5.244543530704826
v 22.160612671377415 3.364865832050148 5.949650111850956
v 21.66064347843281 3.464497801604437 5.235619279745934
v 22.62774612581935 3.240823737824872 6.071958553181791
v 22.413473614557375 3.2835231533481384 5.765945339422496
v 22.62149736038023 3.0781381478036005 6.0630343022228965
v 22.40722484911825 3.1208375633268677 5.757021088463604
v 22.52535207906756 3.2408236790516205 6.143655548863551
v 22.311079567805585 3.2835230945748886 5.8376423351042535
v 22.519103313628438 3.0781380890303502 6.134731297904658
v 22.304830802366464 3.1208375045536165 5.828718084145361
v 21.320125491881786 3.3363996466314125 5.743266907149264
v 21.626138464427296 3.3790987425560566 5.5289940140846205
v 21.329049561312065 3.173714047289856 5.737018024627123
v 21.635062533857575 3.2164131432145 5.52274513156248
v 21.17673122654303 3.3364000155115976 5.538479005485423
v 21.48274419908854 3.3790991114362416 5.324206112420778
v 21.18565529597331 3.173714416170041 5.532230122963281
v 21.49166826851882 3.216413512094686 5.317957229898639
v 21.45351631084523 3.4319754939445986 5.726164061980614
v 21.75952928339074 3.4746745898692426 5.511891168915969
v 21.46244038027551 3.269289894603042 5.719915179458473
v 21.768453352821023 3.311988990527686 5.505642286393828
v 21.238424912837104 3.4319760472648753 5.418982209484851
v 21.54443788538261 3.47467514318952 5.204709316420207
v 21.24734898226738 3.269290447923319 5.412733326962711
v 21.55336195481289 3.3119895438479636 5.198460433898066
v 21.797145292696868 3.7258199977660302 5.485552559506876
v 22.307166913606054 3.7969851576404374 5.128431071065803
v 21.80606936212715 3.5631343984244728 5.479303676984735
v 22.316090983036332 3.6342995582988795 5.122182188543659
v 21.582053894688734 3.725820551086307 5.178370707011112
v 22.092075515597923 3.7969857109607137 4.821249218570039
v 21.59097796411902 3.5631349517447504 5.172121824488973
v 22.1009995850282 3.634300111619158 4.8150003360478975
v 21.586907212307935 3.527551566903509 5.7090613609775716
v 22.300937481580792 3.6271827907276775 5.209091277160069
v 21.595831281738214 3.3648659675619523 5.702812478455431
v 22.30986155101107 3.4644971913861218 5.202842394637929
v 21.300118681630423 3.527552304663879 5.299485557649891
v 22.01414895090328 3.627183528488048 4.799515473832385
v 21.3090427510607 3.3648667053223225 5.293236675127749
v 22.02307302033356 3.464497929146492 4.793266591310245
v 21.186734672918334 3.2408237993182256 5.760369752317917
v 21.492747645463847 3.2835228952428697 5.546096859253275
v 21.195658742348613 3.0781381999766686 5.754120869795776
v 21.501671714894126 3.120837295901313 5.5398479767311315
v 21.115037540248963 3.240823983758318 5.657975801485998
v 21.42105051279447 3.283523079682962 5.443702908421356
v 21.123961609679238 3.078138384416761 5.651726918963857
v 21.429974582224744 3.1208374803414047 5.4374540258992115
v 21.220413597922004 3.346002237932158 4.761507045370895
v 21.565550078746455 3.3887014351518974 4.90446723774771
v 21.23047867031481 3.1833166415446157 4.765676269377926
v 21.575615151139257 3.2260158387643543 4.9086364617547416
v 21.316084465341188 3.346001913122812 4.5305371661069564
v 21.66122094616564 3.3887011103425513 4.673497358483768
v 21.326149537733993 3.1833163167352687 4.534706390113987
v 21.671286018558444 3.226015513955009 4.677666582490803
v 21.306508779633525 3.441578258667728 4.864818349809025
v 21.651645260457972 3.484277455887468 5.007778542185838
v 21.31657385202633 3.278892662280185 4.868987573816055
v 21.661710332850777 3.3215918594999243 5.011947766192869
v 21.450015080762302 3.441577771453708 4.518363530913116
v 21.79515156158675 3.4842769686734476 4.66132372328993
v 21.46008015315511 3.2788921750661655 4.522532754920146
v 21.80521663397956 3.3215913722859054 4.66549294729696
v 21.69407021146743 3.735422728724127 5.02535155741083
v 22.269297679508174 3.8065880574236926 5.26361854470552
v 21.704135283860236 3.5727371323365844 5.029520781417862
v 22.27936275190098 3.6439024610361503 5.267787768712549
v 21.837576512596208 3.7354222415101077 4.678896738514921
v 22.41280398063695 3.8065875702096728 4.917163725809608
v 21.847641584989017 3.572736645122565 4.683065962521951
v 22.42286905302976 3.643901973822131 4.92133294981664
v 21.392603947119554 3.5371544375189568 4.968129660921691
v 22.197922402376598 3.6367858976983483 5.30170344313426
v 21.40266901951236 3.3744688411314145 4.972298884928724
v 22.207987474769403 3.474100301310806 5.305872667141288
v 21.583945681957925 3.537153787900264 4.506189902393813
v 22.38926413721497 3.636785248079655 4.839763684606378
v 21.59401075435073 3.3744681915127206 4.510359126400845
v 22.399329209607775 3.4740996516921134 4.843932908613409
v 21.134318416210483 3.2504262171965888 4.658195740932766
v 21.47945489703493 3.2931254144163287 4.8011559333095795
v 21.14438348860329 3.0877406208090457 4.662364964939798
v 21.48951996942774 3.130439818028785 4.805325157316612
v 21.182153849920077 3.2504260547919155 4.542710801300796
v 21.527290330744524 3.2931252520116545 4.68567099367761
v 21.192218922312883 3.087740458404373 4.5468800253078285
v 21.537355403137333 3.1304396556241127 4.689840217684642
v 22.217409141778763 3.2925259018934603 4.165551722466098
v 22.153687543042253 3.3492418071249364 4.403364577743641
v 22.211791189901678 3.131699878017364 4.186518113345537
v 22.148069591165164 3.18841578324884 4.42433096862308
v 22.458890636558984 3.2925258054233857 4.230256341147492
v 22.395169037822473 3.3492417106548618 4.468069196425038
v 22.4532726846819 3.1316997815472893 4.251222732026933
v 22.389551085945385 3.1884156867787654 4.489035587304475
v 22.127986858773657 3.4012969034705645 4.257798769397741
v 22.064265260037143 3.4580128087020405 4.495611624675283
v 22.12236890689657 3.2404708795944677 4.278765160277178
v 22.058647308160058 3.2971867848259437 4.516578015554723
v 22.49020910094399 3.4012967587654535 4.3548556974198345
v 22.426487502207475 3.4580126639969286 4.592668552697378
v 22.484591149066905 3.2404707348893567 4.375822088299271
v 22.42086955033039 3.297186640120833 4.613634943576816
v 22.024900617290978 3.741788833387637 4.642521554545733
v 21.897457419817954 3.855220643850589 5.11814726510082
v 22.019282665413893 3.580962809511541 4.663487945425171
v 21.891839467940866 3.694394619974493 5.139113655980258
v 22.38712285946131 3.7417886886825253 4.739578482567825
v 22.259679661988287 3.855220499145478 5.215204193122911
v 22.381504907584223 3.580962664806429 4.760544873447264
v 22.254061710111195 3.6943944752693807 5.236170584002352
v 22.03856442394402 3.510067933354929 4.350045771692892
v 21.847399627734482 3.680215649049358 5.063484337525521
v 22.032946472066932 3.349241909478833 4.37101216257233
v 21.84178167585739 3.519389625173261 5.08445072840496
v 22.52152741350446 3.51006774041478 4.479455009055681
v 22.330362617294924 3.6802154561092086 5.19289357488831
v 22.515909461627377 3.3492417165386827 4.500421399935121
v 22.324744665417835 3.519389432233112 5.2138599657677505
vt 0.1328125 0.40625
vt 0.1484375 0.40625
vt 0.1484375 0.421875
vt 0.1328125 0.421875
vt 0.2578125 0.40625
vt 0.2578125 0.421875
vt 0.2421875 0.421875
vt 0.2421875 0.40625
vt 0.2890625 0.65625
vt 0.2734375 0.65625
vt 0.2734375 0.515625
vt 0.2890625 0.515625
vt 0.015625 0.640625
vt 0 0.640625
vt 0 0.6242671875
vt 0.015625 0.5
vt 0 0.6242671875
vt 0 0.5
vt 0.015625 0.5
vt 0.0234375 0.5
vt 0.0390625 0.5
vt 0.0390625 0.62201796875
vt 0.0234375 0.640625
vt 0.0390625 0.62201796875
vt 0.0390625 0.640625
vt 0.0234375 0.640625
vt 0.0625 0.5
vt 0.0625 0.6242671875
vt 0.046875 0.62201796875
vt 0.046875 0.5
vt 0.055584375 0.625428125
vt 0.0625 0.6242671875
vt 0.0625 0.640625
vt 0.046875 0.640625
vt 0.046875 0.640625
vt 0.046875 0.62201796875
vt 0.055584375 0.625428125
vt 0.0625 0.6242671875
vt 0.055584375 0.625428125
vt 0.046875 0.62201796875
vt 0.5859375 0.8203125
vt 0.6015625 0.8203125
vt 0.6015625 0.8359375
vt 0.5859375 0.8359375
vt 0.28125 0.3984375
vt 0.28125 0.4140625
vt 0.265625 0.4140625
vt 0.265625 0.3984375
vt 0.140625 0.7109375
vt 0.125 0.7109375
vt 0.125 0.5078125
vt 0.140625 0.5078125
vt 0.1640625 0.7109375
vt 0.1484375 0.7109375
vt 0.1484375 0.687309375
vt 0.1640625 0.5078125
vt 0.1484375 0.687309375
vt 0.1484375 0.5078125
vt 0.1640625 0.5078125
vt 0.171875 0.5078125
vt 0.1875 0.5078125
vt 0.1875 0.6840609375
vt 0.171875 0.7109375
vt 0.1875 0.6840609375
vt 0.1875 0.7109375
vt 0.171875 0.7109375
vt 0.2109375 0.5078125
vt 0.2109375 0.687309375
vt 0.1953125 0.6840609375
vt 0.1953125 0.5078125
vt 0.204021875 0.6889859375
vt 0.2109375 0.687309375
vt 0.2109375 0.7109375
vt 0.1953125 0.7109375
vt 0.1953125 0.7109375
vt 0.1953125 0.6840609375
vt 0.204021875 0.6889859375
vt 0.2109375 0.687309375
vt 0.204021875 0.6889859375
vt 0.1953125 0.6840609375
vt 0.0859375 0.4296875
vt 0.0546875 0.4296875
vt 0.0546875 0.4140625
vt 0.0859375 0.4140625
vt 0.46875 0.3984375
vt 0.484375 0.3984375
vt 0.484375 0.4296875
vt 0.46875 0.4296875
vt 0.5625 0.4296875
vt 0.578125 0.4296875
vt 0.578125 0.4609375
vt 0.5625 0.4609375
vt 0.5625 0.59375
vt 0.5625 0.5625
vt 0.578125 0.5625
vt 0.578125 0.59375
vt 0.6015625 0.6640625
vt 0.6015625 0.6796875
vt 0.5859375 0.6796875
vt 0.5859375 0.6640625
vt 0.6015625 0.65625
vt 0.5859375 0.65625
vt 0.5859375 0.640625
vt 0.6015625 0.640625
vt 0.1015625 0.7421875
vt 0.0703125 0.7421875
vt 0.0703125 0.7265625
vt 0.1015625 0.7265625
vt 0.265625 0.421875
vt 0.28125 0.421875
vt 0.28125 0.453125
vt 0.265625 0.453125
vt 0.390625 0.515625
vt 0.421875 0.515625
vt 0.421875 0.546875
vt 0.390625 0.546875
vt 0.4609375 0.8828125
vt 0.4609375 0.8515625
vt 0.4921875 0.8515625
vt 0.4921875 0.8828125
vt 0.3984375 0.421875
vt 0.3984375 0.4375
vt 0.3671875 0.4375
vt 0.3671875 0.421875
vt 0.59375 0.6171875
vt 0.5625 0.6171875
vt 0.5625 0.6015625
vt 0.59375 0.6015625
vt 0.53125 0.4453125
vt 0.5 0.4453125
vt 0.5 0.4296875
vt 0.53125 0.4296875
vt 0.1640625 0.4140625
vt 0.1796875 0.4140625
vt 0.1796875 0.4453125
vt 0.1640625 0.4453125
vt 0.390625 0.59375
vt 0.4375 0.59375
vt 0.4375 0.625
vt 0.390625 0.625
vt 0.21875 0.5859375
vt 0.21875 0.5546875
vt 0.265625 0.5546875
vt 0.265625 0.5859375
vt 0.546875 0.8671875
vt 0.546875 0.8828125
vt 0.5 0.8828125
vt 0.5 0.8671875
vt 0.5078125 0.5
vt 0.4609375 0.5
vt 0.4609375 0.484375
vt 0.5078125 0.484375
vt 0.5234375 0.90625
vt 0.4609375 0.90625
vt 0.4609375 0.890625
vt 0.5234375 0.890625
vt 0.2421875 0.484375
vt 0.2578125 0.484375
vt 0.2578125 0.546875
vt 0.2421875 0.546875
vt 0.3125 0.7734375
vt 0.359375 0.7734375
vt 0.359375 0.8359375
vt 0.3125 0.8359375
vt 0.3125 0.765625
vt 0.3125 0.703125
vt 0.359375 0.703125
vt 0.359375 0.765625
vt 0.046875 0.4765625
vt 0.046875 0.4921875
vt 0 0.4921875
vt 0 0.4765625
vt 0.5546875 0.6015625
vt 0.5078125 0.6015625
vt 0.5078125 0.5859375
vt 0.5546875 0.5859375
vt 0.484375 0.6484375
vt 0.390625 0.6484375
vt 0.390625 0.6328125
vt 0.484375 0.6328125
vt 0.296875 0.53125
vt 0.3125 0.53125
vt 0.3125 0.625
vt 0.296875 0.625
vt 0.1875 0.71875
vt 0.25 0.71875
vt 0.25 0.8125
vt 0.1875 0.8125
vt 0.1171875 0.8125
vt 0.1171875 0.71875
vt 0.1796875 0.71875
vt 0.1796875 0.8125
vt 0.5234375 0.828125
vt 0.5234375 0.84375
vt 0.4609375 0.84375
vt 0.4609375 0.828125
vt 0.5234375 0.8203125
vt 0.4609375 0.8203125
vt 0.4609375 0.8046875
vt 0.5234375 0.8046875
vt 0.5859375 0.703125
vt 0.5546875 0.703125
vt 0.5546875 0.6875
vt 0.5859375 0.6875
vt 0.1875 0.4140625
vt 0.203125 0.4140625
vt 0.203125 0.4453125
vt 0.1875 0.4453125
vt 0.5625 0.6484375
vt 0.578125 0.6484375
vt 0.578125 0.6796875
vt 0.5625 0.6796875
vt 0.5625 1
vt 0.5625 0.96875
vt 0.578125 0.96875
vt 0.578125 1
vt 0.3046875 0.3984375
vt 0.3046875 0.4140625
vt 0.2890625 0.4140625
vt 0.2890625 0.3984375
vt 0.328125 0.4140625
vt 0.3125 0.4140625
vt 0.3125 0.3984375
vt 0.328125 0.3984375
vt 0.1015625 0.453125
vt 0.0546875 0.453125
vt 0.0546875 0.4375
vt 0.1015625 0.4375
vt 0.21875 0.4140625
vt 0.234375 0.4140625
vt 0.234375 0.4609375
vt 0.21875 0.4609375
vt 0.421875 0.796875
vt 0.453125 0.796875
vt 0.453125 0.84375
vt 0.421875 0.84375
vt 0.421875 0.8984375
vt 0.421875 0.8515625
vt 0.453125 0.8515625
vt 0.453125 0.8984375
vt 0.5234375 0.40625
vt 0.5234375 0.421875
vt 0.4921875 0.421875
vt 0.4921875 0.40625
vt 0.59375 0.421875
vt 0.5625 0.421875
vt 0.5625 0.40625
vt 0.59375 0.40625
vt 0.5859375 0.484375
vt 0.5390625 0.484375
vt 0.5390625 0.46875
vt 0.5859375 0.46875
vt 0.5390625 0.4140625
vt 0.5546875 0.4140625
vt 0.5546875 0.4609375
vt 0.5390625 0.4609375
vt 0.3671875 0.734375
vt 0.4140625 0.734375
vt 0.4140625 0.78125
vt 0.3671875 0.78125
vt 0.3671875 0.7265625
vt 0.3671875 0.6796875
vt 0.4140625 0.6796875
vt 0.4140625 0.7265625
vt 0.5859375 0.4921875
vt 0.5859375 0.5078125
vt 0.5390625 0.5078125
vt 0.5390625 0.4921875
vt 0.578125 0.640625
vt 0.53125 0.640625
vt 0.53125 0.625
vt 0.578125 0.625
vt 0.5390625 0.9296875
vt 0.4609375 0.9296875
vt 0.4609375 0.9140625
vt 0.5390625 0.9140625
vt 0.21875 0.46875
vt 0.234375 0.46875
vt 0.234375 0.546875
vt 0.21875 0.546875
vt 0.0703125 0.6328125
vt 0.1171875 0.6328125
vt 0.1171875 0.7109375
vt 0.0703125 0.7109375
vt 0.359375 0.890625
vt 0.28125 0.890625
vt 0.28125 0.84375
vt 0.359375 0.84375
vt 0.5859375 0.515625
vt 0.5859375 0.53125
vt 0.5390625 0.53125
vt 0.5390625 0.515625
vt 0.4140625 0.4609375
vt 0.3671875 0.4609375
vt 0.3671875 0.4453125
vt 0.4140625 0.4453125
vt 0.484375 0.9765625
vt 0.375 0.9765625
vt 0.375 0.9609375
vt 0.484375 0.9609375
vt 0.09375 0.515625
vt 0.109375 0.515625
vt 0.109375 0.625
vt 0.09375 0.625
vt 0.140625 0.8203125
vt 0.203125 0.8203125
vt 0.203125 0.9296875
vt 0.140625 0.9296875
vt 0.109375 0.8125
vt 0 0.8125
vt 0 0.75
vt 0.109375 0.75
vt 0.546875 0.671875
vt 0.546875 0.6875
vt 0.484375 0.6875
vt 0.484375 0.671875
vt 0.53125 0.5234375
vt 0.46875 0.5234375
vt 0.46875 0.5078125
vt 0.53125 0.5078125
vt 0.59375 0.953125
vt 0.546875 0.953125
vt 0.546875 0.9375
vt 0.59375 0.9375
vt 0.421875 0.4140625
vt 0.4375 0.4140625
vt 0.4375 0.4609375
vt 0.421875 0.4609375
vt 0.1484375 0.453125
vt 0.1640625 0.453125
vt 0.1640625 0.5
vt 0.1484375 0.5
vt 0.171875 0.5
vt 0.171875 0.453125
vt 0.1875 0.453125
vt 0.1875 0.5
vt 0.3984375 0.3984375
vt 0.3984375 0.4140625
vt 0.3828125 0.4140625
vt 0.3828125 0.3984375
vt 0.375 0.4140625
vt 0.359375 0.4140625
vt 0.359375 0.3984375
vt 0.375 0.3984375
vt 0.5546875 0.578125
vt 0.5078125 0.578125
vt 0.5078125 0.5625
vt 0.5546875 0.5625
vt 0.515625 0.453125
vt 0.53125 0.453125
vt 0.53125 0.5
vt 0.515625 0.5
vt 0.390625 0.5859375
vt 0.390625 0.5546875
vt 0.4375 0.5546875
vt 0.4375 0.5859375
vt 0.21875 0.7109375
vt 0.21875 0.6640625
vt 0.25 0.6640625
vt 0.25 0.7109375
vt 0.6171875 0.9609375
vt 0.6171875 0.9765625
vt 0.5859375 0.9765625
vt 0.5859375 0.9609375
vt 0.6171875 1
vt 0.5859375 1
vt 0.5859375 0.984375
vt 0.6171875 0.984375
vt 0.4375 0.484375
vt 0.390625 0.484375
vt 0.390625 0.46875
vt 0.4375 0.46875
vt 0.34375 0.4375
vt 0.359375 0.4375
vt 0.359375 0.484375
vt 0.34375 0.484375
vt 0.3203125 1
vt 0.3203125 0.953125
vt 0.3671875 0.953125
vt 0.3671875 1
vt 0.3671875 0.9453125
vt 0.3671875 0.8984375
vt 0.4140625 0.8984375
vt 0.4140625 0.9453125
vt 0.59375 0.9140625
vt 0.59375 0.9296875
vt 0.546875 0.9296875
vt 0.546875 0.9140625
vt 0.59375 0.7890625
vt 0.546875 0.7890625
vt 0.546875 0.7734375
vt 0.59375 0.7734375
vt 0.5234375 0.625
vt 0.4453125 0.625
vt 0.4453125 0.609375
vt 0.5234375 0.609375
vt 0.34375 0.4921875
vt 0.359375 0.4921875
vt 0.359375 0.5703125
vt 0.34375 0.5703125
vt 0.234375 1
vt 0.234375 0.953125
vt 0.3125 0.953125
vt 0.3125 1
vt 0.2578125 0.828125
vt 0.2578125 0.75
vt 0.3046875 0.75
vt 0.3046875 0.828125
vt 0.59375 0.75
vt 0.59375 0.765625
vt 0.546875 0.765625
vt 0.546875 0.75
vt 0.59375 0.8125
vt 0.546875 0.8125
vt 0.546875 0.796875
vt 0.59375 0.796875
vt 0.4765625 0.671875
vt 0.3671875 0.671875
vt 0.3671875 0.65625
vt 0.4765625 0.65625
vt 0.3671875 0.5390625
vt 0.3828125 0.5390625
vt 0.3828125 0.6484375
vt 0.3671875 0.6484375
vt 0 1
vt 0 0.9375
vt 0.109375 0.9375
vt 0.109375 1
vt 0 0.9296875
vt 0 0.8203125
vt 0.0625 0.8203125
vt 0.0625 0.9296875
vt 0.5546875 0.9609375
vt 0.5546875 0.9765625
vt 0.4921875 0.9765625
vt 0.4921875 0.9609375
vt 0.5546875 1
vt 0.4921875 1
vt 0.4921875 0.984375
vt 0.5546875 0.984375
vt 0.5546875 0.5546875
vt 0.5078125 0.5546875
vt 0.5078125 0.5390625
vt 0.5546875 0.5390625
vt 0.1953125 0.453125
vt 0.2109375 0.453125
vt 0.2109375 0.5
vt 0.1953125 0.5
vt 0.296875 0.4765625
vt 0.3125 0.4765625
vt 0.3125 0.5234375
vt 0.296875 0.5234375
vt 0.0703125 0.5078125
vt 0.0703125 0.4609375
vt 0.0859375 0.4609375
vt 0.0859375 0.5078125
vt 0.6015625 0.578125
vt 0.6015625 0.59375
vt 0.5859375 0.59375
vt 0.5859375 0.578125
vt 0.6015625 0.4609375
vt 0.5859375 0.4609375
vt 0.5859375 0.4453125
vt 0.6015625 0.4453125
vt 0.578125 0.859375
vt 0.53125 0.859375
vt 0.53125 0.84375
vt 0.578125 0.84375
vt 0.2890625 0.421875
vt 0.3046875 0.421875
vt 0.3046875 0.46875
vt 0.2890625 0.46875
vt 0.3203125 0.578125
vt 0.3515625 0.578125
vt 0.3515625 0.625
vt 0.3203125 0.625
vt 0.421875 0.953125
vt 0.421875 0.90625
vt 0.453125 0.90625
vt 0.453125 0.953125
vt 0.6171875 0.84375
vt 0.6171875 0.859375
vt 0.5859375 0.859375
vt 0.5859375 0.84375
vt 0.6171875 0.90625
vt 0.5859375 0.90625
vt 0.5859375 0.890625
vt 0.6171875 0.890625
vt 0.578125 0.90625
vt 0.53125 0.90625
vt 0.53125 0.890625
vt 0.578125 0.890625
vt 0.2421875 0.4296875
vt 0.2578125 0.4296875
vt 0.2578125 0.4765625
vt 0.2421875 0.4765625
vt 0.3671875 0.7890625
vt 0.4140625 0.7890625
vt 0.4140625 0.8359375
vt 0.3671875 0.8359375
vt 0.3671875 0.890625
vt 0.3671875 0.84375
vt 0.4140625 0.84375
vt 0.4140625 0.890625
vt 0.6015625 0.8671875
vt 0.6015625 0.8828125
vt 0.5546875 0.8828125
vt 0.5546875 0.8671875
vt 0.15625 0.4453125
vt 0.109375 0.4453125
vt 0.109375 0.4296875
vt 0.15625 0.4296875
vt 0.5390625 0.953125
vt 0.4609375 0.953125
vt 0.4609375 0.9375
vt 0.5390625 0.9375
vt 0.4453125 0.5234375
vt 0.4609375 0.5234375
vt 0.4609375 0.6015625
vt 0.4453125 0.6015625
vt 0.2578125 0.6640625
vt 0.3046875 0.6640625
vt 0.3046875 0.7421875
vt 0.2578125 0.7421875
vt 0.359375 0.9453125
vt 0.28125 0.9453125
vt 0.28125 0.8984375
vt 0.359375 0.8984375
vt 0.046875 0.4296875
vt 0.046875 0.4453125
vt 0 0.4453125
vt 0 0.4296875
vt 0.4921875 0.453125
vt 0.4453125 0.453125
vt 0.4453125 0.4375
vt 0.4921875 0.4375
vt 0.484375 1
vt 0.375 1
vt 0.375 0.984375
vt 0.484375 0.984375
vt 0.0703125 0.515625
vt 0.0859375 0.515625
vt 0.0859375 0.625
vt 0.0703125 0.625
vt 0.0703125 0.8203125
vt 0.1328125 0.8203125
vt 0.1328125 0.9296875
vt 0.0703125 0.9296875
vt 0.2265625 1
vt 0.1171875 1
vt 0.1171875 0.9375
vt 0.2265625 0.9375
vt 0.453125 0.4921875
vt 0.453125 0.5078125
vt 0.390625 0.5078125
vt 0.390625 0.4921875
vt 0.5546875 0.6640625
vt 0.4921875 0.6640625
vt 0.4921875 0.6484375
vt 0.5546875 0.6484375
vt 0.578125 0.8359375
vt 0.53125 0.8359375
vt 0.53125 0.8203125
vt 0.578125 0.8203125
vt 0.3125 0.421875
vt 0.328125 0.421875
vt 0.328125 0.46875
vt 0.3125 0.46875
vt 0.265625 0.4609375
vt 0.28125 0.4609375
vt 0.28125 0.5078125
vt 0.265625 0.5078125
vt 0.140625 0.5
vt 0.09375 0.5
vt 0.09375 0.484375
vt 0.140625 0.484375
vt 0.0546875 0.390625
vt 0.0546875 0.40625
vt 0.0390625 0.40625
vt 0.0390625 0.390625
vt 0.078125 0.40625
vt 0.0625 0.40625
vt 0.0625 0.390625
vt 0.078125 0.390625
vt 0.59375 0.5546875
vt 0.5625 0.5546875
vt 0.5625 0.5390625
vt 0.59375 0.5390625
vt 0.4453125 0.3984375
vt 0.4609375 0.3984375
vt 0.4609375 0.4296875
vt 0.4453125 0.4296875
vt 0.46875 0.5703125
vt 0.5 0.5703125
vt 0.5 0.6015625
vt 0.46875 0.6015625
vt 0.46875 0.5625
vt 0.46875 0.53125
vt 0.5 0.53125
vt 0.5 0.5625
vt 0.125 0.40625
vt 0.125 0.421875
vt 0.09375 0.421875
vt 0.09375 0.40625
vt 0.609375 0.7421875
vt 0.578125 0.7421875
vt 0.578125 0.7265625
vt 0.609375 0.7265625
vt 0.03125 0.421875
vt 0 0.421875
vt 0 0.40625
vt 0.03125 0.40625
vt 0.3359375 0.3984375
vt 0.3515625 0.3984375
vt 0.3515625 0.4296875
vt 0.3359375 0.4296875
vt 0.421875 0.71875
vt 0.46875 0.71875
vt 0.46875 0.75
vt 0.421875 0.75
vt 0.421875 0.7890625
vt 0.421875 0.7578125
vt 0.46875 0.7578125
vt 0.46875 0.7890625
vt 0.5703125 0.7109375
vt 0.5703125 0.7265625
vt 0.5234375 0.7265625
vt 0.5234375 0.7109375
vt 0.046875 0.46875
vt 0 0.46875
vt 0 0.453125
vt 0.046875 0.453125
vt 0.5390625 0.796875
vt 0.4765625 0.796875
vt 0.4765625 0.78125
vt 0.5390625 0.78125
vt 0.3671875 0.46875
vt 0.3828125 0.46875
vt 0.3828125 0.53125
vt 0.3671875 0.53125
vt 0.21875 0.59375
vt 0.265625 0.59375
vt 0.265625 0.65625
vt 0.21875 0.65625
vt 0.3125 0.6953125
vt 0.3125 0.6328125
vt 0.359375 0.6328125
vt 0.359375 0.6953125
vt 0.140625 0.4609375
vt 0.140625 0.4765625
vt 0.09375 0.4765625
vt 0.09375 0.4609375
vt 0.4921875 0.4765625
vt 0.4453125 0.4765625
vt 0.4453125 0.4609375
vt 0.4921875 0.4609375
vt 0.515625 0.7109375
vt 0.421875 0.7109375
vt 0.421875 0.6953125
vt 0.515625 0.6953125
vt 0.3203125 0.4765625
vt 0.3359375 0.4765625
vt 0.3359375 0.5703125
vt 0.3203125 0.5703125
vt 0 0.6484375
vt 0.0625 0.6484375
vt 0.0625 0.7421875
vt 0 0.7421875
vt 0.2109375 0.9296875
vt 0.2109375 0.8359375
vt 0.2734375 0.8359375
vt 0.2734375 0.9296875
vt 0.5390625 0.7578125
vt 0.5390625 0.7734375
vt 0.4765625 0.7734375
vt 0.4765625 0.7578125
vt 0.5390625 0.75
vt 0.4765625 0.75
vt 0.4765625 0.734375
vt 0.5390625 0.734375
vn 0 1 0
vn 0 -1 0
vn -0.9914448613738106 0 0.13052619222005116
vn -0.13052619222005116 0 -0.9914448613738106
vn -0.13052619222005116 0 -0.9914448613738106
vn 0.13052619222005116 0 0.9914448613738106
vn 0.13052619222005116 0 0.9914448613738106
vn 0.9914448613738106 0 -0.13052619222005116
vn 0.9914448613738106 0 -0.13052619222005116
vn 0.9914448613738106 0 -0.13052619222005116
vn 0.9914448613738106 0 -0.13052619222005116
vn 0 1 0
vn 0 -1 0
vn -0.9914448613738106 0 0.13052619222005116
vn -0.13052619222005116 0 -0.9914448613738106
vn -0.13052619222005116 0 -0.9914448613738106
vn 0.13052619222005116 0 0.9914448613738106
vn 0.13052619222005116 0 0.9914448613738106
vn 0.9914448613738106 0 -0.13052619222005116
vn 0.9914448613738106 0 -0.13052619222005116
vn 0.9914448613738106 0 -0.13052619222005116
vn 0.9914448613738106 0 -0.13052619222005116
vn -0.9659259791209015 2.2608039853719662e-7 -0.2588184747255823
vn 0.9659259791208993 -2.2608040750786758e-7 0.2588184747255907
vn 0.05810096207846138 0.974477781667364 -0.21683480173212671
vn -0.05810096207847133 -0.974477781667365 0.21683480173211905
vn 0.25649286033909985 -0.13375308043944936 -0.9572468469877691
vn -0.2564928603391038 0.13375308043945255 0.9572468469877675
vn -0.21643921405434607 -2.998728265228783e-7 -0.9762960957718961
vn 0.21643921405433916 2.998728269876114e-7 0.9762960957718975
vn 0.11086872652234109 0.9935310637988569 -0.024579478147962013
vn -0.11086872652234445 -0.9935310637988567 0.02457947814796277
vn 0.974114340805515 -0.06681672361690018 -0.2159554965314385
vn -0.974114340805514 0.06681672361691332 0.21595549653143872
vn -0.21643921405435426 -2.9987283778269436e-7 -0.9762960957718941
vn 0.21643921405434538 2.998728256126639e-7 0.9762960957718962
vn 0.11086872652234217 0.9935310637988568 -0.02457947814796491
vn -0.11086872652234431 -0.9935310637988565 0.024579478147964337
vn 0.9741143408055133 -0.06681672361689049 -0.21595549653144808
vn -0.9741143408055136 0.06681672361689969 0.2159554965314437
vn -0.2164392140543503 -2.99872836125587e-7 -0.976296095771895
vn 0.21643921405434688 2.9987283638650226e-7 0.9762960957718959
vn 0.11086872652234243 0.9935310637988569 -0.02457947814796206
vn -0.11086872652234307 -0.9935310637988567 0.024579478147963407
vn 0.974114340805514 -0.0668167236169119 -0.2159554965314387
vn -0.9741143408055133 0.066816723616923 0.21595549653143897
vn -0.21643921405434602 -2.998728274576562e-7 -0.9762960957718961
vn 0.21643921405434874 2.998728353058864e-7 0.9762960957718954
vn 0.11086872652234336 0.9935310637988566 -0.024579478147963872
vn -0.11086872652234193 -0.9935310637988568 0.024579478147962283
vn 0.9741143408055138 -0.06681672361688963 -0.21595549653144608
vn -0.9741143408055138 0.06681672361691275 0.21595549653143858
vn -0.21643921405434666 -2.998728373577946e-7 -0.9762960957718958
vn 0.21643921405436234 2.9987284810507656e-7 0.9762960957718924
vn 0.11086872652234143 0.9935310637988569 -0.024579478147964948
vn -0.11086872652234223 -0.9935310637988569 0.02457947814796122
vn 0.9741143408055145 -0.06681672361690157 -0.21595549653143947
vn -0.9741143408055121 0.06681672361690157 0.21595549653145055
vn 0.8191523740143417 2.754736279697764e-7 -0.5735759654540907
vn -0.8191523740143447 -2.7547361799173853e-7 0.5735759654540864
vn 0.06513527927081228 0.9935310653384449 0.09302374751518103
vn -0.06513527927081288 -0.9935310653384448 -0.09302374751518099
vn 0.5722942016144089 -0.06681671562401433 0.8173217685292286
vn -0.5722942016144064 0.06681671562401946 -0.8173217685292301
vn 0.8191523740143422 2.7547361833874135e-7 -0.5735759654540898
vn -0.8191523740143394 -2.754736139587438e-7 0.5735759654540937
vn 0.06513527927081357 0.9935310653384447 0.093023747515181
vn -0.06513527927081408 -0.9935310653384449 -0.09302374751518092
vn 0.5722942016144121 -0.0668167156240194 0.8173217685292258
vn -0.5722942016144105 0.06681671562401481 -0.8173217685292273
vn 0.8191523740143393 2.754735990993275e-7 -0.5735759654540942
vn -0.8191523740143394 -2.7547361355863103e-7 0.5735759654540937
vn 0.06513527927081283 0.993531065338445 0.09302374751517999
vn -0.06513527927081271 -0.993531065338445 -0.0930237475151781
vn 0.5722942016144031 -0.06681671562402962 0.8173217685292314
vn -0.5722942016144067 0.06681671562402407 -0.8173217685292292
vn 0.8191523740143403 2.7547362353464326e-7 -0.5735759654540928
vn -0.8191523740143435 -2.754736278139827e-7 0.573575965454088
vn 0.06513527927081234 0.993531065338445 0.09302374751517879
vn -0.06513527927081508 -0.9935310653384449 -0.0930237475151787
vn 0.5722942016144082 -0.06681671562402894 0.8173217685292278
vn -0.5722942016144131 0.06681671562400507 -0.8173217685292264
vn 0.8191523740143402 2.7547362355083e-7 -0.573575965454093
vn -0.8191523740143419 -2.754736136648543e-7 0.5735759654540902
vn 0.06513527927080713 0.9935310653384452 0.09302374751518165
vn -0.0651352792708197 -0.9935310653384448 -0.09302374751517634
vn 0.5722942016144138 -0.06681671562402876 0.817321768529224
vn -0.5722942016143924 0.06681671562402962 -0.817321768529239
vn 0.5735770613551693 -8.644813351872906e-7 0.819151606655582
vn -0.5735770613551764 8.644813543573039e-7 -0.8191516066555768
vn -0.09302185903297024 0.9935311619715086 0.06513650231317472
vn 0.09302185903297104 -0.9935311619715087 -0.06513650231317442
vn -0.817321104973898 -0.0668162139329476 0.5722952078428694
vn 0.8173211049738967 0.06681621393293798 -0.5722952078428724
vn 0.5735770613551733 -8.644813398328453e-7 0.8191516066555791
vn -0.5735770613551777 8.644813496055273e-7 -0.8191516066555758
vn -0.09302185903297157 0.9935311619715088 0.06513650231317142
vn 0.09302185903297139 -0.9935311619715085 -0.06513650231317462
vn -0.8173211049738995 -0.06681621393293771 0.5722952078428682
vn 0.817321104973895 0.06681621393293793 -0.5722952078428749
vn 0.573577061355169 -8.644813354365602e-7 0.819151606655582
vn -0.5735770613551666 8.644813206670804e-7 -0.8191516066555837
vn -0.09302185903297193 0.9935311619715085 0.06513650231317396
vn 0.09302185903297096 -0.9935311619715086 -0.06513650231317375
vn -0.8173211049738954 -0.06681621393294732 0.5722952078428729
vn 0.8173211049738981 0.06681621393294244 -0.5722952078428698
vn 0.5735770613551705 -8.644813451096868e-7 0.819151606655581
vn -0.573577061355174 8.644813495195273e-7 -0.8191516066555785
vn -0.0930218590329697 0.9935311619715087 0.06513650231317385
vn 0.09302185903297054 -0.9935311619715087 -0.06513650231317485
vn -0.8173211049738944 -0.06681621393292816 0.5722952078428767
vn 0.8173211049738963 0.06681621393292862 -0.572295207842874
vn 0.5735770613551664 -8.644813403993814e-7 0.8191516066555837
vn -0.5735770613551708 8.644813501649775e-7 -0.8191516066555806
vn -0.0930218590329717 0.9935311619715086 0.06513650231317511
vn 0.09302185903297046 -0.9935311619715085 -0.06513650231317564
vn -0.8173211049739056 -0.0668162139329378 0.5722952078428597
vn 0.8173211049738902 0.06681621393295242 -0.5722952078428797
vn -0.3826834696768204 7.612000593997749e-7 0.9238795170559475
vn 0.3826834696768169 -7.612000603557986e-7 -0.923879517055949
vn -0.10491533495269771 0.9935311313441819 -0.04345875678977788
vn 0.10491533495269499 -0.9935311313441821 0.04345875678978054
vn -0.9218149467306709 -0.06681637294127724 -0.3818282025871093
vn 0.921814946730677 0.06681637294124863 0.3818282025870995
vn -0.3826834696768182 7.612000548675224e-7 0.9238795170559484
vn 0.3826834696768202 -7.612000546656965e-7 -0.9238795170559476
vn -0.10491533495269731 0.9935311313441819 -0.04345875678978076
vn 0.10491533495269798 -0.9935311313441819 0.04345875678977976
vn -0.9218149467306707 -0.06681637294127407 -0.3818282025871107
vn 0.9218149467306704 0.06681637294127016 0.38182820258711186
vn -0.38268346967682343 7.612000694613786e-7 0.9238795170559464
vn 0.38268346967681904 -7.612000602028395e-7 -0.923879517055948
vn -0.1049153349526969 0.993531131344182 -0.043458756789778674
vn 0.10491533495269738 -0.993531131344182 0.04345875678977921
vn -0.9218149467306708 -0.06681637294127037 -0.3818282025871108
vn 0.9218149467306754 0.06681637294125013 0.3818282025871031
vn -0.38268346967682626 7.61200074161971e-7 0.9238795170559451
vn 0.3826834696768232 -7.612000693606111e-7 -0.9238795170559463
vn -0.10491533495269667 0.993531131344182 -0.04345875678977914
vn 0.10491533495269592 -0.993531131344182 0.04345875678978158
vn -0.9218149467306704 -0.06681637294127309 -0.3818282025871115
vn 0.9218149467306723 0.06681637294125951 0.38182820258710926
vn -0.38268346967682165 7.612000694840364e-7 0.9238795170559468
vn 0.38268346967682093 -7.612000640701165e-7 -0.9238795170559474
vn -0.10491533495269761 0.9935311313441819 -0.043458756789779715
vn 0.10491533495269832 -0.9935311313441819 0.043458756789777696
vn -0.9218149467306743 -0.06681637294127009 -0.381828202587102
vn 0.9218149467306684 0.06681637294127278 0.3818282025871163
vn -0.965925979120902 2.2608039666764027e-7 -0.2588184747255805
vn 0.9659259791209005 -2.2608040394933928e-7 0.25881847472558595
vn 0.05810096207846618 0.9744777816673647 -0.21683480173212205
vn -0.05810096207846703 -0.9744777816673643 0.21683480173212347
vn 0.2564928603391016 -0.1337530804394536 -0.9572468469877681
vn -0.25649286033911056 0.1337530804394488 0.9572468469877663
vn -0.9659259791208986 2.2608040941460134e-7 -0.25881847472559244
vn 0.9659259791209 -2.260803998384461e-7 0.2588184747255877
vn 0.05810096207846588 0.9744777816673644 -0.21683480173212308
vn -0.05810096207846508 -0.9744777816673648 0.21683480173212158
vn 0.25649286033910706 -0.1337530804394474 -0.9572468469877673
vn -0.2564928603391106 0.13375308043945822 0.9572468469877649
vn -0.9659259791209024 2.260803888495061e-7 -0.2588184747255788
vn 0.965925979120902 -2.2608039456439176e-7 0.25881847472558
vn 0.05810096207846478 0.9744777816673645 -0.21683480173212286
vn -0.05810096207846757 -0.9744777816673648 0.21683480173212108
vn 0.2564928603391029 -0.13375308043944525 -0.9572468469877689
vn -0.2564928603391027 0.1337530804394532 0.9572468469877677
vn -0.9659259791209012 2.26080398253929e-7 -0.25881847472558356
vn 0.9659259791209013 -2.260803941536558e-7 0.258818474725583
vn 0.058100962078466906 0.9744777816673645 -0.21683480173212222
vn -0.05810096207846842 -0.9744777816673645 0.21683480173212163
vn 0.25649286033910457 -0.1337530804394486 -0.9572468469877679
vn -0.25649286033910274 0.13375308043945713 0.9572468469877672
usemtl m_d63b48de-5995-e43b-dcc1-461060c57ade
f 469/1397/354 465/1398/354 466/1399/354 470/1400/354
f 468/1401/355 467/1402/355 471/1403/355 472/1404/355
f 470/1405/356 466/1406/356 468/1407/356 472/1408/356
f 466/1409/357 465/1410/357 473/1411/357 468/1412/357
f 473/1413/358 467/1414/358 468/1415/358
f 472/1416/359 471/1417/359 474/1418/359 470/1419/359
f 474/1420/360 469/1421/360 470/1422/360
f 467/1423/361 473/1424/361 474/1425/361 471/1426/361
f 475/1427/362 473/1428/362 465/1429/362 469/1430/362
f 469/1431/363 474/1432/363 475/1433/363
f 473/1434/364 475/1435/364 474/1436/364
f 480/1437/365 476/1438/365 477/1439/365 481/1440/365
f 479/1441/366 478/1442/366 482/1443/366 483/1444/366
f 481/1445/367 477/1446/367 479/1447/367 483/1448/367
f 477/1449/368 476/1450/368 484/1451/368 479/1452/368
f 484/1453/369 478/1454/369 479/1455/369
f 483/1456/370 482/1457/370 485/1458/370 481/1459/370
f 485/1460/371 480/1461/371 481/1462/371
f 478/1463/372 484/1464/372 485/1465/372 482/1466/372
f 486/1467/373 484/1468/373 476/1469/373 480/1470/373
f 480/1471/374 485/1472/374 486/1473/374
f 484/1474/375 486/1475/375 485/1476/375
f 488/1477/376 487/1478/376 489/1479/376 490/1480/376
f 493/1481/377 491/1482/377 492/1483/377 494/1484/377
f 491/1485/378 487/1486/378 488/1487/378 492/1488/378
f 490/1489/379 489/1490/379 493/1491/379 494/1492/379
f 489/1493/380 487/1494/380 491/1495/380 493/1496/380
f 492/1497/381 488/1498/381 490/1499/381 494/1500/381
f 496/1501/382 495/1502/382 497/1503/382 498/1504/382
f 501/1505/383 499/1506/383 500/1507/383 502/1508/383
f 499/1509/384 495/1510/384 496/1511/384 500/1512/384
f 498/1513/385 497/1514/385 501/1515/385 502/1516/385
f 497/1517/386 495/1518/386 499/1519/386 501/1520/386
f 500/1521/387 496/1522/387 498/1523/387 502/1524/387
f 504/1525/388 503/1526/388 505/1527/388 506/1528/388
f 509/1529/389 507/1530/389 508/1531/389 510/1532/389
f 507/1533/390 503/1534/390 504/1535/390 508/1536/390
f 506/1537/391 505/1538/391 509/1539/391 510/1540/391
f 505/1541/392 503/1542/392 507/1543/392 509/1544/392
f 508/1545/393 504/1546/393 506/1547/393 510/1548/393
f 512/1549/394 511/1550/394 513/1551/394 514/1552/394
f 517/1553/395 515/1554/395 516/1555/395 518/1556/395
f 515/1557/396 511/1558/396 512/1559/396 516/1560/396
f 514/1561/397 513/1562/397 517/1563/397 518/1564/397
f 513/1565/398 511/1566/398 515/1567/398 517/1568/398
f 516/1569/399 512/1570/399 514/1571/399 518/1572/399
f 520/1573/400 519/1574/400 521/1575/400 522/1576/400
f 525/1577/401 523/1578/401 524/1579/401 526/1580/401
f 523/1581/402 519/1582/402 520/1583/402 524/1584/402
f 522/1585/403 521/1586/403 525/1587/403 526/1588/403
f 521/1589/404 519/1590/404 523/1591/404 525/1592/404
f 524/1593/405 520/1594/405 522/1595/405 526/1596/405
f 528/1597/406 527/1598/406 529/1599/406 530/1600/406
f 533/1601/407 531/1602/407 532/1603/407 534/1604/407
f 531/1605/408 527/1606/408 528/1607/408 532/1608/408
f 530/1609/409 529/1610/409 533/1611/409 534/1612/409
f 529/1613/410 527/1614/410 531/1615/410 533/1616/410
f 532/1617/411 528/1618/411 530/1619/411 534/1620/411
f 536/1621/412 535/1622/412 537/1623/412 538/1624/412
f 541/1625/413 539/1626/413 540/1627/413 542/1628/413
f 539/1629/414 535/1630/414 536/1631/414 540/1632/414
f 538/1633/415 537/1634/415 541/1635/415 542/1636/415
f 537/1637/416 535/1638/416 539/1639/416 541/1640/416
f 540/1641/417 536/1642/417 538/1643/417 542/1644/417
f 544/1645/418 543/1646/418 545/1647/418 546/1648/418
f 549/1649/419 547/1650/419 548/1651/419 550/1652/419
f 547/1653/420 543/1654/420 544/1655/420 548/1656/420
f 546/1657/421 545/1658/421 549/1659/421 550/1660/421
f 545/1661/422 543/1662/422 547/1663/422 549/1664/422
f 548/1665/423 544/1666/423 546/1667/423 550/1668/423
f 552/1669/424 551/1670/424 553/1671/424 554/1672/424
f 557/1673/425 555/1674/425 556/1675/425 558/1676/425
f 555/1677/426 551/1678/426 552/1679/426 556/1680/426
f 554/1681/427 553/1682/427 557/1683/427 558/1684/427
f 553/1685/428 551/1686/428 555/1687/428 557/1688/428
f 556/1689/429 552/1690/429 554/1691/429 558/1692/429
f 560/1693/430 559/1694/430 561/1695/430 562/1696/430
f 565/1697/431 563/1698/431 564/1699/431 566/1700/431
f 563/1701/432 559/1702/432 560/1703/432 564/1704/432
f 562/1705/433 561/1706/433 565/1707/433 566/1708/433
f 561/1709/434 559/1710/434 563/1711/434 565/1712/434
f 564/1713/435 560/1714/435 562/1715/435 566/1716/435
f 568/1717/436 567/1718/436 569/1719/436 570/1720/436
f 573/1721/437 571/1722/437 572/1723/437 574/1724/437
f 571/1725/438 567/1726/438 568/1727/438 572/1728/438
f 570/1729/439 569/1730/439 573/1731/439 574/1732/439
f 569/1733/440 567/1734/440 571/1735/440 573/1736/440
f 572/1737/441 568/1738/441 570/1739/441 574/1740/441
f 576/1741/442 575/1742/442 577/1743/442 578/1744/442
f 581/1745/443 579/1746/443 580/1747/443 582/1748/443
f 579/1749/444 575/1750/444 576/1751/444 580/1752/444
f 578/1753/445 577/1754/445 581/1755/445 582/1756/445
f 577/1757/446 575/1758/446 579/1759/446 581/1760/446
f 580/1761/447 576/1762/447 578/1763/447 582/1764/447
f 584/1765/448 583/1766/448 585/1767/448 586/1768/448
f 589/1769/449 587/1770/449 588/1771/449 590/1772/449
f 587/1773/450 583/1774/450 584/1775/450 588/1776/450
f 586/1777/451 585/1778/451 589/1779/451 590/1780/451
f 585/1781/452 583/1782/452 587/1783/452 589/1784/452
f 588/1785/453 584/1786/453 586/1787/453 590/1788/453
f 592/1789/454 591/1790/454 593/1791/454 594/1792/454
f 597/1793/455 595/1794/455 596/1795/455 598/1796/455
f 595/1797/456 591/1798/456 592/1799/456 596/1800/456
f 594/1801/457 593/1802/457 597/1803/457 598/1804/457
f 593/1805/458 591/1806/458 595/1807/458 597/1808/458
f 596/1809/459 592/1810/459 594/1811/459 598/1812/459
f 600/1813/460 599/1814/460 601/1815/460 602/1816/460
f 605/1817/461 603/1818/461 604/1819/461 606/1820/461
f 603/1821/462 599/1822/462 600/1823/462 604/1824/462
f 602/1825/463 601/1826/463 605/1827/463 606/1828/463
f 601/1829/464 599/1830/464 603/1831/464 605/1832/464
f 604/1833/465 600/1834/465 602/1835/465 606/1836/465
f 608/1837/466 607/1838/466 609/1839/466 610/1840/466
f 613/1841/467 611/1842/467 612/1843/467 614/1844/467
f 611/1845/468 607/1846/468 608/1847/468 612/1848/468
f 610/1849/469 609/1850/469 613/1851/469 614/1852/469
f 609/1853/470 607/1854/470 611/1855/470 613/1856/470
f 612/1857/471 608/1858/471 610/1859/471 614/1860/471
f 616/1861/472 615/1862/472 617/1863/472 618/1864/472
f 621/1865/473 619/1866/473 620/1867/473 622/1868/473
f 619/1869/474 615/1870/474 616/1871/474 620/1872/474
f 618/1873/475 617/1874/475 621/1875/475 622/1876/475
f 617/1877/476 615/1878/476 619/1879/476 621/1880/476
f 620/1881/477 616/1882/477 618/1883/477 622/1884/477
f 624/1885/478 623/1886/478 625/1887/478 626/1888/478
f 629/1889/479 627/1890/479 628/1891/479 630/1892/479
f 627/1893/480 623/1894/480 624/1895/480 628/1896/480
f 626/1897/481 625/1898/481 629/1899/481 630/1900/481
f 625/1901/482 623/1902/482 627/1903/482 629/1904/482
f 628/1905/483 624/1906/483 626/1907/483 630/1908/483
f 632/1909/484 631/1910/484 633/1911/484 634/1912/484
f 637/1913/485 635/1914/485 636/1915/485 638/1916/485
f 635/1917/486 631/1918/486 632/1919/486 636/1920/486
f 634/1921/487 633/1922/487 637/1923/487 638/1924/487
f 633/1925/488 631/1926/488 635/1927/488 637/1928/488
f 636/1929/489 632/1930/489 634/1931/489 638/1932/489
f 640/1933/490 639/1934/490 641/1935/490 642/1936/490
f 645/1937/491 643/1938/491 644/1939/491 646/1940/491
f 643/1941/492 639/1942/492 640/1943/492 644/1944/492
f 642/1945/493 641/1946/493 645/1947/493 646/1948/493
f 641/1949/494 639/1950/494 643/1951/494 645/1952/494
f 644/1953/495 640/1954/495 642/1955/495 646/1956/495
f 648/1957/496 647/1958/496 649/1959/496 650/1960/496
f 653/1961/497 651/1962/497 652/1963/497 654/1964/497
f 651/1965/498 647/1966/498 648/1967/498 652/1968/498
f 650/1969/499 649/1970/499 653/1971/499 654/1972/499
f 649/1973/500 647/1974/500 651/1975/500 653/1976/500
f 652/1977/501 648/1978/501 650/1979/501 654/1980/501
f 656/1981/502 655/1982/502 657/1983/502 658/1984/502
f 661/1985/503 659/1986/503 660/1987/503 662/1988/503
f 659/1989/504 655/1990/504 656/1991/504 660/1992/504
f 658/1993/505 657/1994/505 661/1995/505 662/1996/505
f 657/1997/506 655/1998/506 659/1999/506 661/2000/506
f 660/2001/507 656/2002/507 658/2003/507 662/2004/507
f 664/2005/508 663/2006/508 665/2007/508 666/2008/508
f 669/2009/509 667/2010/509 668/2011/509 670/2012/509
f 667/2013/510 663/2014/510 664/2015/510 668/2016/510
f 666/2017/511 665/2018/511 669/2019/511 670/2020/511
f 665/2021/512 663/2022/512 667/2023/512 669/2024/512
f 668/2025/513 664/2026/513 666/2027/513 670/2028/513
f 672/2029/514 671/2030/514 673/2031/514 674/2032/514
f 677/2033/515 675/2034/515 676/2035/515 678/2036/515
f 675/2037/516 671/2038/516 672/2039/516 676/2040/516
f 674/2041/517 673/2042/517 677/2043/517 678/2044/517
f 673/2045/518 671/2046/518 675/2047/518 677/2048/518
f 676/2049/519 672/2050/519 674/2051/519 678/2052/519
f 680/2053/520 679/2054/520 681/2055/520 682/2056/520
f 685/2057/521 683/2058/521 684/2059/521 686/2060/521
f 683/2061/522 679/2062/522 680/2063/522 684/2064/522
f 682/2065/523 681/2066/523 685/2067/523 686/2068/523
f 681/2069/524 679/2070/524 683/2071/524 685/2072/524
f 684/2073/525 680/2074/525 682/2075/525 686/2076/525
o palmera
v 20.8125 2.625 5.25
v 20.8125 2.625 5.125
v 20.8125 1.5 5.25
v 20.8125 1.5 5.125
v 20.6875 2.625 5.25
v 20.6875 2.625 5.125
v 20.6875 1.5 5.25
v 20.6875 1.5 5.125
v 20.8125 2.4941357808764737 5.25
v 20.6875 2.4761438774777744 5.25
v 20.757177621591026 2.503423291235256 5.25
v 20.6875 1.625 5.25
v 20.6875 1.625 5.125
v 20.6875 0 5.25
v 20.6875 0 5.125
v 20.5625 1.625 5.25
v 20.5625 1.625 5.125
v 20.5625 0 5.25
v 20.5625 0 5.125
v 20.6875 1.435973905710462 5.25
v 20.5625 1.4099856008012295 5.25
v 20.632177621591026 1.449389198450926 5.25
v 21.830929465505104 2.341261005635091 5.513207504830119
v 21.603468469816804 2.384673028384615 5.418990246743924
v 21.810875734872724 2.2181600345983146 5.504900952144046
v 21.58341473918442 2.2615720573478377 5.41068369405785
v 21.78309410465306 2.3412609687145745 5.628692474640712
v 21.555633108964756 2.3846729914640976 5.534475216554515
v 21.763040374020676 2.2181599976777973 5.620385921954638
v 21.535579378332375 2.2615720204273213 5.526168663868443
v 20.912265657138988 2.4635469680752466 6.018611886224331
v 20.890559745001145 2.4853358967313572 5.770510906850443
v 20.911316097854606 2.33902263050623 6.007758882485131
v 20.889610185716755 2.3608115591623413 5.759657903111242
v 20.663216973691505 2.463547066017925 6.0404007199027205
v 20.641511061553658 2.485335994674036 5.792299740528833
v 20.66226741440712 2.3390227284489082 6.0295477161635205
v 20.64056150226927 2.36081165710502 5.781446736789633
v 20.964149574615046 2.536703580063768 5.894540698793561
v 20.9424436624772 2.558492508719879 5.646439719419673
v 20.96320001533066 2.4121792424947515 5.883687695054363
v 20.941494103192817 2.433968171150863 5.635586715680473
v 20.590576549443817 2.5367037269777857 5.9272239493111485
v 20.56887063730597 2.558492655633897 5.679122969937259
v 20.58962699015943 2.4121793894087693 5.916370945571947
v 20.567921078021588 2.4339683180648803 5.668269966198057
v 20.92758825387025 2.761620726923473 5.4766435246021
v 20.88417642959456 2.8051985842356952 4.980441565854322
v 20.926638694585865 2.6370963893544563 5.465790520862898
v 20.883226870310175 2.680674246666679 4.969588562115119
v 20.554015228699022 2.7616208738374906 5.509326775119684
v 20.510603404423332 2.8051987311497126 5.013124816371906
v 20.553065669414636 2.637096536268474 5.498473771380482
v 20.509653845138946 2.6806743935806967 5.002271812632703
v 21.01603338202058 2.6098601990830934 5.7704695216101545
v 20.950915645607047 2.675226985051427 5.026166583488489
v 21.015083822736194 2.485335861514077 5.759616517870956
v 20.949966086322657 2.55070264748241 5.015313579749288
v 20.51793601512561 2.6098603949684502 5.814047188966937
v 20.452818278712073 2.675227180936784 5.069744250845268
v 20.516986455841224 2.485336057399434 5.803194185227733
v 20.451868719427686 2.550702843367768 5.058891247106068
v 20.860381739662934 2.390390356086724 6.1426830736551
v 20.838675827525087 2.412179284742835 5.89458209428121
v 20.859432180378548 2.265866018517708 6.1318300699159
v 20.8377262682407 2.2876549471738192 5.88372909054201
v 20.735857397939192 2.3903904050580635 6.153577490494294
v 20.714151485801345 2.412179333714175 5.905476511120407
v 20.734907838654806 2.265866067489047 6.142724486755096
v 20.71320192651696 2.2876549961451587 5.894623507381205
v 19.941968511997104 2.4580998321021967 5.570954562224383
v 20.273331915283695 2.4907832211889445 5.398457921561059
v 19.95163204231075 2.333575494419519 5.56592410433592
v 20.282995445597344 2.3662588835062666 5.3934274636725945
v 19.826531486164885 2.4580997421286455 5.349201787569804
v 20.15789488945148 2.490783131215393 5.176705146906482
v 19.836195016478534 2.3335754044459676 5.344171329681339
v 20.167558419765125 2.3662587935327157 5.171674689018015
v 20.07645044910099 2.5312564910697755 5.571409068552859
v 20.40781385238758 2.563939880156523 5.398912427889536
v 20.086113979414637 2.4067321533870976 5.566378610664394
v 20.41747738270123 2.4394155424738453 5.39388197000107
v 19.903294910352663 2.5312563561094485 5.238779906570992
v 20.234658313639255 2.5639397451961967 5.066283265907668
v 19.912958440666316 2.406732018426771 5.233749448682525
v 20.244321843952903 2.4394154075135184 5.061252808019203
v 20.448545677494174 2.75617363922862 5.3777084767017165
v 21.000818016305164 2.810645954373199 5.090214075596176
v 20.458209207807826 2.6316493015459423 5.372678018813248
v 21.010481546618813 2.686121616690521 5.08518361770771
v 20.275390138745855 2.7561735042682933 5.045079314719848
v 20.827662477556842 2.8106458194128723 4.757584913614307
v 20.2850536690595 2.631649166585616 5.040048856831383
v 20.837326007870487 2.6861214817301944 4.752554455725843
v 20.210932322971 2.604413159666438 5.57186345523456
v 20.984113597306383 2.680674400868848 5.169371293686803
v 20.22059585328465 2.47988882198376 5.566832997346095
v 20.993777127620028 2.5561500631861707 5.16434083579834
v 19.980058271306568 2.604412979719336 5.128357905925402
v 20.75323954564195 2.6806742209217465 4.72586574437765
v 19.989721801620217 2.4798886420366584 5.123327448036939
v 20.7629030759556 2.556149883239069 4.720835286489184
v 19.80748657489322 2.3849431731346176 5.570500055895909
v 20.138849978179806 2.4176265622213644 5.398003415232585
v 19.817150105206867 2.2604188354519392 5.565469598007445
v 20.14851350849346 2.293102224538687 5.392972957344117
v 19.749768061977107 2.3849431281478415 5.45962366856862
v 20.081131465263702 2.4176265172345897 5.287127027905296
v 19.75943159229076 2.2604187904651645 5.454593210680153
v 20.09079499557735 2.2931021795519113 5.282096570016829
v 20.304044960544903 2.4580997860896945 4.3169691667233145
v 20.476542011229242 2.4907829305462514 4.648332380694988
v 20.309075558208967 2.333575441272996 4.326632532343755
v 20.481572608893302 2.366258585729553 4.657995746315427
v 20.525797580761903 2.4581000684414427 4.20153184421965
v 20.69829463144624 2.4907832128979996 4.532895058191322
v 20.53082817842597 2.333575723624744 4.211195209840087
v 20.703325229110305 2.3662588680813017 4.542558423811759
v 20.30359049282582 2.531256351975949 4.451451177995061
v 20.47608754351016 2.5639394964325057 4.782814391966735
v 20.308621090489886 2.40673200715925 4.4611145436154995
v 20.48111814117422 2.4394151516158074 4.792477757587173
v 20.63621942315132 2.53125677550357 4.278295194239565
v 20.80871647383566 2.563939919960128 4.609658408211235
v 20.641250020815384 2.406732430686872 4.28795855986
v 20.813747071499723 2.439415575143429 4.619321773831674
v 20.497290948003293 2.7561735816781896 4.823546469493223
v 20.784786032477186 2.8106454891057853 5.375818492779347
v 20.502321545667357 2.6316492368614908 4.833209835113664
v 20.789816630141253 2.686121144289086 5.385481858399785
v 20.829919878328795 2.7561740052058115 4.650390485737724
v 21.11741496280269 2.8106459126334062 5.202662509023849
v 20.834950475992855 2.6316496603891126 4.660053851358166
v 21.12244556046675 2.6861215678167083 5.212325874644289
v 20.303135871406173 2.60441309057808 4.585933252242883
v 20.705628989669627 2.6806737609767124 5.359114084843455
v 20.308166469070237 2.479888745761381 4.59559661786332
v 20.710659587333687 2.5561494161600145 5.368777450463892
v 20.74664111184017 2.6044136552815758 4.35505860723555
v 21.149134230103627 2.680674325680209 5.128239439836122
v 20.751671709504237 2.4798893104648774 4.364721972855989
v 21.15416482776769 2.5561499808635104 5.137902805456559
v 20.304499428263984 2.3849432202034397 4.182487155451565
v 20.47699647894832 2.417626364659997 4.513850369423238
v 20.309530025928048 2.260418875386741 4.192150521072003
v 20.482027076612383 2.2931020198432983 4.523513735043679
v 20.415375738372482 2.384943361379314 4.124768494199735
v 20.587872789056817 2.4176265058358712 4.456131708171405
v 20.420406336036546 2.260419016562615 4.13443185982017
v 20.592903386720884 2.293102161019172 4.465795073791842
v 21.29042074444575 2.465449892030893 4.346255698271452
v 21.1036342456945 2.498133114021697 4.6697794391075025
v 21.28497343315421 2.3409255494752843 4.355690469640507
v 21.09818693440296 2.3736087714660874 4.679214210476552
v 21.506927090343495 2.465449643412262 4.471255707015226
v 21.32014059159225 2.498132865403066 4.794779447851274
v 21.501479779051955 2.3409253008566524 4.480690478384279
v 21.31469328030071 2.373608522847457 4.804214219220327
v 21.17675560630144 2.538606590659743 4.418129492586788
v 20.989969107550195 2.571289812650547 4.741653233422836
v 21.171308295009904 2.4140822481041333 4.427564263955842
v 20.984521796258655 2.4467654700949373 4.751088004791889
v 21.50151512514806 2.538606217731796 4.605629505702449
v 21.314728626396814 2.5712894397226 4.9291532465384975
v 21.496067813856524 2.4140818751761866 4.615064277071504
v 21.309281315105274 2.4467650971669905 4.93858801790755
v 20.967008864596146 2.763523794517235 4.781421494332056
v 20.655698033344066 2.817995831168574 5.320627729058803
v 20.961561553304605 2.6389994519616256 4.790856265701109
v 20.650250722052533 2.693471488612965 5.330062500427854
v 21.291768383442765 2.763523421589288 4.9689215074477175
v 20.980457552190693 2.817995458240627 5.508127742174462
v 21.286321072151228 2.638999079033679 4.97835627881677
v 20.975010240899152 2.693471115685018 5.517562513543517
v 21.0630904633965 2.6117634103149707 4.490003271927131
v 20.627255299643586 2.688024261626846 5.244892000544576
v 21.05764315210496 2.4872390677593614 4.499438043296184
v 20.62180798835205 2.5634999190712366 5.254326771913629
v 21.496103155191992 2.6117629130777082 4.74000328941468
v 21.060267991439083 2.688023764389583 5.494892018032125
v 21.490655843900452 2.487238570522098 4.749438060783733
v 21.054820680147543 2.563499421833974 5.504326789401176
v 21.404085882590056 2.392293193402044 4.274381903956117
v 21.21729938383881 2.424976415392848 4.597905644792165
v 21.398638571298516 2.2677688508464344 4.28381667532517
v 21.211852072547266 2.3004520728372384 4.607340416161218
v 21.51233905553893 2.3922930690927284 4.336881908328003
v 21.32555255678768 2.424976291083532 4.660405649164053
v 21.50689174424739 2.267768726537119 4.346316679697058
v 21.32010524549614 2.300451948527923 4.669840420533106
v 21.7511435549481 2.424517530866979 5.41250958607286
v 21.523682559259797 2.4679295536165027 5.318292327986665
v 21.731089824315717 2.3014165598302023 5.404203033386787
v 21.503628828627413 2.344828582579726 5.309985775300593
v 21.655472833244012 2.4245174570259453 5.643479525694044
v 21.428011837555704 2.467929479775469 5.549262267607848
v 21.63541910261163 2.3014164859891686 5.63517297300797
v 21.407958106923324 2.344828508738692 5.540955714921774
v 21.671357644391094 2.5077740560988664 5.311811667315601
v 21.44389664870279 2.55118607884839 5.217594409229404
v 21.65130391375871 2.384673085062089 5.303505114629527
v 21.423842918070406 2.428085107811613 5.209287856543332
v 21.527851561834957 2.5077739453373162 5.658266576747376
v 21.300390566146653 2.5511859680868394 5.56404931866118
v 21.507797831202577 2.384672974300539 5.649960024061304
v 21.280336835514273 2.428084997050063 5.555742765975108
v 21.303381670573707 2.7683965983515417 5.159390942713598
v 20.8484596791971 2.855220643850589 4.970956426541209
v 21.283327939941323 2.6452956273147654 5.151084390027528
v 20.82840594856472 2.7321196728138126 4.962649873855135
v 21.159875588017574 2.7683964875899916 5.505845852145374
v 20.70495359664097 2.855220533089039 5.317411335972984
v 21.13982185738519 2.645295516553215 5.4975392994593015
v 20.684899866008585 2.7321195620522616 5.309104783286909
v 21.591571797905786 2.5910306029979635 5.211113603858921
v 20.909188810840877 2.7212666712465343 4.9284618296003355
v 21.571518067273402 2.4679296319611868 5.202807051172849
v 20.889135080208497 2.5981657002097576 4.92015527691426
v 21.40023035449761 2.591030455315896 5.673053483101288
v 20.7178473674327 2.721266523564467 5.3904017088427025
v 21.380176623865225 2.467929484279119 5.664746930415216
v 20.697793636800316 2.59816555252769 5.382095156156629
vt 0.1328125 0.40625
vt 0.1484375 0.40625
vt 0.1484375 0.421875
vt 0.1328125 0.421875
vt 0.2578125 0.40625
vt 0.2578125 0.421875
vt 0.2421875 0.421875
vt 0.2421875 0.40625
vt 0.2890625 0.65625
vt 0.2734375 0.65625
vt 0.2734375 0.515625
vt 0.2890625 0.515625
vt 0.015625 0.640625
vt 0 0.640625
vt 0 0.6242671875
vt 0.015625 0.5
vt 0 0.6242671875
vt 0 0.5
vt 0.015625 0.5
vt 0.0234375 0.5
vt 0.0390625 0.5
vt 0.0390625 0.62201796875
vt 0.0234375 0.640625
vt 0.0390625 0.62201796875
vt 0.0390625 0.640625
vt 0.0234375 0.640625
vt 0.0625 0.5
vt 0.0625 0.6242671875
vt 0.046875 0.62201796875
vt 0.046875 0.5
vt 0.055584375 0.625428125
vt 0.0625 0.6242671875
vt 0.0625 0.640625
vt 0.046875 0.640625
vt 0.046875 0.640625
vt 0.046875 0.62201796875
vt 0.055584375 0.625428125
vt 0.0625 0.6242671875
vt 0.055584375 0.625428125
vt 0.046875 0.62201796875
vt 0.5859375 0.8203125
vt 0.6015625 0.8203125
vt 0.6015625 0.8359375
vt 0.5859375 0.8359375
vt 0.28125 0.3984375
vt 0.28125 0.4140625
vt 0.265625 0.4140625
vt 0.265625 0.3984375
vt 0.140625 0.7109375
vt 0.125 0.7109375
vt 0.125 0.5078125
vt 0.140625 0.5078125
vt 0.1640625 0.7109375
vt 0.1484375 0.7109375
vt 0.1484375 0.687309375
vt 0.1640625 0.5078125
vt 0.1484375 0.687309375
vt 0.1484375 0.5078125
vt 0.1640625 0.5078125
vt 0.171875 0.5078125
vt 0.1875 0.5078125
vt 0.1875 0.6840609375
vt 0.171875 0.7109375
vt 0.1875 0.6840609375
vt 0.1875 0.7109375
vt 0.171875 0.7109375
vt 0.2109375 0.5078125
vt 0.2109375 0.687309375
vt 0.1953125 0.6840609375
vt 0.1953125 0.5078125
vt 0.204021875 0.6889859375
vt 0.2109375 0.687309375
vt 0.2109375 0.7109375
vt 0.1953125 0.7109375
vt 0.1953125 0.7109375
vt 0.1953125 0.6840609375
vt 0.204021875 0.6889859375
vt 0.2109375 0.687309375
vt 0.204021875 0.6889859375
vt 0.1953125 0.6840609375
vt 0.0859375 0.4296875
vt 0.0546875 0.4296875
vt 0.0546875 0.4140625
vt 0.0859375 0.4140625
vt 0.46875 0.3984375
vt 0.484375 0.3984375
vt 0.484375 0.4296875
vt 0.46875 0.4296875
vt 0.5625 0.4296875
vt 0.578125 0.4296875
vt 0.578125 0.4609375
vt 0.5625 0.4609375
vt 0.5625 0.59375
vt 0.5625 0.5625
vt 0.578125 0.5625
vt 0.578125 0.59375
vt 0.6015625 0.6640625
vt 0.6015625 0.6796875
vt 0.5859375 0.6796875
vt 0.5859375 0.6640625
vt 0.6015625 0.65625
vt 0.5859375 0.65625
vt 0.5859375 0.640625
vt 0.6015625 0.640625
vt 0.1015625 0.7421875
vt 0.0703125 0.7421875
vt 0.0703125 0.7265625
vt 0.1015625 0.7265625
vt 0.265625 0.421875
vt 0.28125 0.421875
vt 0.28125 0.453125
vt 0.265625 0.453125
vt 0.390625 0.515625
vt 0.421875 0.515625
vt 0.421875 0.546875
vt 0.390625 0.546875
vt 0.4609375 0.8828125
vt 0.4609375 0.8515625
vt 0.4921875 0.8515625
vt 0.4921875 0.8828125
vt 0.3984375 0.421875
vt 0.3984375 0.4375
vt 0.3671875 0.4375
vt 0.3671875 0.421875
vt 0.59375 0.6171875
vt 0.5625 0.6171875
vt 0.5625 0.6015625
vt 0.59375 0.6015625
vt 0.53125 0.4453125
vt 0.5 0.4453125
vt 0.5 0.4296875
vt 0.53125 0.4296875
vt 0.1640625 0.4140625
vt 0.1796875 0.4140625
vt 0.1796875 0.4453125
vt 0.1640625 0.4453125
vt 0.390625 0.59375
vt 0.4375 0.59375
vt 0.4375 0.625
vt 0.390625 0.625
vt 0.21875 0.5859375
vt 0.21875 0.5546875
vt 0.265625 0.5546875
vt 0.265625 0.5859375
vt 0.546875 0.8671875
vt 0.546875 0.8828125
vt 0.5 0.8828125
vt 0.5 0.8671875
vt 0.5078125 0.5
vt 0.4609375 0.5
vt 0.4609375 0.484375
vt 0.5078125 0.484375
vt 0.5234375 0.90625
vt 0.4609375 0.90625
vt 0.4609375 0.890625
vt 0.5234375 0.890625
vt 0.2421875 0.484375
vt 0.2578125 0.484375
vt 0.2578125 0.546875
vt 0.2421875 0.546875
vt 0.3125 0.7734375
vt 0.359375 0.7734375
vt 0.359375 0.8359375
vt 0.3125 0.8359375
vt 0.3125 0.765625
vt 0.3125 0.703125
vt 0.359375 0.703125
vt 0.359375 0.765625
vt 0.046875 0.4765625
vt 0.046875 0.4921875
vt 0 0.4921875
vt 0 0.4765625
vt 0.5546875 0.6015625
vt 0.5078125 0.6015625
vt 0.5078125 0.5859375
vt 0.5546875 0.5859375
vt 0.484375 0.6484375
vt 0.390625 0.6484375
vt 0.390625 0.6328125
vt 0.484375 0.6328125
vt 0.296875 0.53125
vt 0.3125 0.53125
vt 0.3125 0.625
vt 0.296875 0.625
vt 0.1875 0.71875
vt 0.25 0.71875
vt 0.25 0.8125
vt 0.1875 0.8125
vt 0.1171875 0.8125
vt 0.1171875 0.71875
vt 0.1796875 0.71875
vt 0.1796875 0.8125
vt 0.5234375 0.828125
vt 0.5234375 0.84375
vt 0.4609375 0.84375
vt 0.4609375 0.828125
vt 0.5234375 0.8203125
vt 0.4609375 0.8203125
vt 0.4609375 0.8046875
vt 0.5234375 0.8046875
vt 0.5859375 0.703125
vt 0.5546875 0.703125
vt 0.5546875 0.6875
vt 0.5859375 0.6875
vt 0.1875 0.4140625
vt 0.203125 0.4140625
vt 0.203125 0.4453125
vt 0.1875 0.4453125
vt 0.5625 0.6484375
vt 0.578125 0.6484375
vt 0.578125 0.6796875
vt 0.5625 0.6796875
vt 0.5625 1
vt 0.5625 0.96875
vt 0.578125 0.96875
vt 0.578125 1
vt 0.3046875 0.3984375
vt 0.3046875 0.4140625
vt 0.2890625 0.4140625
vt 0.2890625 0.3984375
vt 0.328125 0.4140625
vt 0.3125 0.4140625
vt 0.3125 0.3984375
vt 0.328125 0.3984375
vt 0.1015625 0.453125
vt 0.0546875 0.453125
vt 0.0546875 0.4375
vt 0.1015625 0.4375
vt 0.21875 0.4140625
vt 0.234375 0.4140625
vt 0.234375 0.4609375
vt 0.21875 0.4609375
vt 0.421875 0.796875
vt 0.453125 0.796875
vt 0.453125 0.84375
vt 0.421875 0.84375
vt 0.421875 0.8984375
vt 0.421875 0.8515625
vt 0.453125 0.8515625
vt 0.453125 0.8984375
vt 0.5234375 0.40625
vt 0.5234375 0.421875
vt 0.4921875 0.421875
vt 0.4921875 0.40625
vt 0.59375 0.421875
vt 0.5625 0.421875
vt 0.5625 0.40625
vt 0.59375 0.40625
vt 0.5859375 0.484375
vt 0.5390625 0.484375
vt 0.5390625 0.46875
vt 0.5859375 0.46875
vt 0.5390625 0.4140625
vt 0.5546875 0.4140625
vt 0.5546875 0.4609375
vt 0.5390625 0.4609375
vt 0.3671875 0.734375
vt 0.4140625 0.734375
vt 0.4140625 0.78125
vt 0.3671875 0.78125
vt 0.3671875 0.7265625
vt 0.3671875 0.6796875
vt 0.4140625 0.6796875
vt 0.4140625 0.7265625
vt 0.5859375 0.4921875
vt 0.5859375 0.5078125
vt 0.5390625 0.5078125
vt 0.5390625 0.4921875
vt 0.578125 0.640625
vt 0.53125 0.640625
vt 0.53125 0.625
vt 0.578125 0.625
vt 0.5390625 0.9296875
vt 0.4609375 0.9296875
vt 0.4609375 0.9140625
vt 0.5390625 0.9140625
vt 0.21875 0.46875
vt 0.234375 0.46875
vt 0.234375 0.546875
vt 0.21875 0.546875
vt 0.0703125 0.6328125
vt 0.1171875 0.6328125
vt 0.1171875 0.7109375
vt 0.0703125 0.7109375
vt 0.359375 0.890625
vt 0.28125 0.890625
vt 0.28125 0.84375
vt 0.359375 0.84375
vt 0.5859375 0.515625
vt 0.5859375 0.53125
vt 0.5390625 0.53125
vt 0.5390625 0.515625
vt 0.4140625 0.4609375
vt 0.3671875 0.4609375
vt 0.3671875 0.4453125
vt 0.4140625 0.4453125
vt 0.484375 0.9765625
vt 0.375 0.9765625
vt 0.375 0.9609375
vt 0.484375 0.9609375
vt 0.09375 0.515625
vt 0.109375 0.515625
vt 0.109375 0.625
vt 0.09375 0.625
vt 0.140625 0.8203125
vt 0.203125 0.8203125
vt 0.203125 0.9296875
vt 0.140625 0.9296875
vt 0.109375 0.8125
vt 0 0.8125
vt 0 0.75
vt 0.109375 0.75
vt 0.546875 0.671875
vt 0.546875 0.6875
vt 0.484375 0.6875
vt 0.484375 0.671875
vt 0.53125 0.5234375
vt 0.46875 0.5234375
vt 0.46875 0.5078125
vt 0.53125 0.5078125
vt 0.59375 0.953125
vt 0.546875 0.953125
vt 0.546875 0.9375
vt 0.59375 0.9375
vt 0.421875 0.4140625
vt 0.4375 0.4140625
vt 0.4375 0.4609375
vt 0.421875 0.4609375
vt 0.1484375 0.453125
vt 0.1640625 0.453125
vt 0.1640625 0.5
vt 0.1484375 0.5
vt 0.171875 0.5
vt 0.171875 0.453125
vt 0.1875 0.453125
vt 0.1875 0.5
vt 0.3984375 0.3984375
vt 0.3984375 0.4140625
vt 0.3828125 0.4140625
vt 0.3828125 0.3984375
vt 0.375 0.4140625
vt 0.359375 0.4140625
vt 0.359375 0.3984375
vt 0.375 0.3984375
vt 0.5546875 0.578125
vt 0.5078125 0.578125
vt 0.5078125 0.5625
vt 0.5546875 0.5625
vt 0.515625 0.453125
vt 0.53125 0.453125
vt 0.53125 0.5
vt 0.515625 0.5
vt 0.390625 0.5859375
vt 0.390625 0.5546875
vt 0.4375 0.5546875
vt 0.4375 0.5859375
vt 0.21875 0.7109375
vt 0.21875 0.6640625
vt 0.25 0.6640625
vt 0.25 0.7109375
vt 0.6171875 0.9609375
vt 0.6171875 0.9765625
vt 0.5859375 0.9765625
vt 0.5859375 0.9609375
vt 0.6171875 1
vt 0.5859375 1
vt 0.5859375 0.984375
vt 0.6171875 0.984375
vt 0.4375 0.484375
vt 0.390625 0.484375
vt 0.390625 0.46875
vt 0.4375 0.46875
vt 0.34375 0.4375
vt 0.359375 0.4375
vt 0.359375 0.484375
vt 0.34375 0.484375
vt 0.3203125 1
vt 0.3203125 0.953125
vt 0.3671875 0.953125
vt 0.3671875 1
vt 0.3671875 0.9453125
vt 0.3671875 0.8984375
vt 0.4140625 0.8984375
vt 0.4140625 0.9453125
vt 0.59375 0.9140625
vt 0.59375 0.9296875
vt 0.546875 0.9296875
vt 0.546875 0.9140625
vt 0.59375 0.7890625
vt 0.546875 0.7890625
vt 0.546875 0.7734375
vt 0.59375 0.7734375
vt 0.5234375 0.625
vt 0.4453125 0.625
vt 0.4453125 0.609375
vt 0.5234375 0.609375
vt 0.34375 0.4921875
vt 0.359375 0.4921875
vt 0.359375 0.5703125
vt 0.34375 0.5703125
vt 0.234375 1
vt 0.234375 0.953125
vt 0.3125 0.953125
vt 0.3125 1
vt 0.2578125 0.828125
vt 0.2578125 0.75
vt 0.3046875 0.75
vt 0.3046875 0.828125
vt 0.59375 0.75
vt 0.59375 0.765625
vt 0.546875 0.765625
vt 0.546875 0.75
vt 0.59375 0.8125
vt 0.546875 0.8125
vt 0.546875 0.796875
vt 0.59375 0.796875
vt 0.4765625 0.671875
vt 0.3671875 0.671875
vt 0.3671875 0.65625
vt 0.4765625 0.65625
vt 0.3671875 0.5390625
vt 0.3828125 0.5390625
vt 0.3828125 0.6484375
vt 0.3671875 0.6484375
vt 0 1
vt 0 0.9375
vt 0.109375 0.9375
vt 0.109375 1
vt 0 0.9296875
vt 0 0.8203125
vt 0.0625 0.8203125
vt 0.0625 0.9296875
vt 0.5546875 0.9609375
vt 0.5546875 0.9765625
vt 0.4921875 0.9765625
vt 0.4921875 0.9609375
vt 0.5546875 1
vt 0.4921875 1
vt 0.4921875 0.984375
vt 0.5546875 0.984375
vt 0.5546875 0.5546875
vt 0.5078125 0.5546875
vt 0.5078125 0.5390625
vt 0.5546875 0.5390625
vt 0.1953125 0.453125
vt 0.2109375 0.453125
vt 0.2109375 0.5
vt 0.1953125 0.5
vt 0.296875 0.4765625
vt 0.3125 0.4765625
vt 0.3125 0.5234375
vt 0.296875 0.5234375
vt 0.0703125 0.5078125
vt 0.0703125 0.4609375
vt 0.0859375 0.4609375
vt 0.0859375 0.5078125
vt 0.6015625 0.578125
vt 0.6015625 0.59375
vt 0.5859375 0.59375
vt 0.5859375 0.578125
vt 0.6015625 0.4609375
vt 0.5859375 0.4609375
vt 0.5859375 0.4453125
vt 0.6015625 0.4453125
vt 0.578125 0.859375
vt 0.53125 0.859375
vt 0.53125 0.84375
vt 0.578125 0.84375
vt 0.2890625 0.421875
vt 0.3046875 0.421875
vt 0.3046875 0.46875
vt 0.2890625 0.46875
vt 0.3203125 0.578125
vt 0.3515625 0.578125
vt 0.3515625 0.625
vt 0.3203125 0.625
vt 0.421875 0.953125
vt 0.421875 0.90625
vt 0.453125 0.90625
vt 0.453125 0.953125
vt 0.6171875 0.84375
vt 0.6171875 0.859375
vt 0.5859375 0.859375
vt 0.5859375 0.84375
vt 0.6171875 0.90625
vt 0.5859375 0.90625
vt 0.5859375 0.890625
vt 0.6171875 0.890625
vt 0.578125 0.90625
vt 0.53125 0.90625
vt 0.53125 0.890625
vt 0.578125 0.890625
vt 0.2421875 0.4296875
vt 0.2578125 0.4296875
vt 0.2578125 0.4765625
vt 0.2421875 0.4765625
vt 0.3671875 0.7890625
vt 0.4140625 0.7890625
vt 0.4140625 0.8359375
vt 0.3671875 0.8359375
vt 0.3671875 0.890625
vt 0.3671875 0.84375
vt 0.4140625 0.84375
vt 0.4140625 0.890625
vt 0.6015625 0.8671875
vt 0.6015625 0.8828125
vt 0.5546875 0.8828125
vt 0.5546875 0.8671875
vt 0.15625 0.4453125
vt 0.109375 0.4453125
vt 0.109375 0.4296875
vt 0.15625 0.4296875
vt 0.5390625 0.953125
vt 0.4609375 0.953125
vt 0.4609375 0.9375
vt 0.5390625 0.9375
vt 0.4453125 0.5234375
vt 0.4609375 0.5234375
vt 0.4609375 0.6015625
vt 0.4453125 0.6015625
vt 0.2578125 0.6640625
vt 0.3046875 0.6640625
vt 0.3046875 0.7421875
vt 0.2578125 0.7421875
vt 0.359375 0.9453125
vt 0.28125 0.9453125
vt 0.28125 0.8984375
vt 0.359375 0.8984375
vt 0.046875 0.4296875
vt 0.046875 0.4453125
vt 0 0.4453125
vt 0 0.4296875
vt 0.4921875 0.453125
vt 0.4453125 0.453125
vt 0.4453125 0.4375
vt 0.4921875 0.4375
vt 0.484375 1
vt 0.375 1
vt 0.375 0.984375
vt 0.484375 0.984375
vt 0.0703125 0.515625
vt 0.0859375 0.515625
vt 0.0859375 0.625
vt 0.0703125 0.625
vt 0.0703125 0.8203125
vt 0.1328125 0.8203125
vt 0.1328125 0.9296875
vt 0.0703125 0.9296875
vt 0.2265625 1
vt 0.1171875 1
vt 0.1171875 0.9375
vt 0.2265625 0.9375
vt 0.453125 0.4921875
vt 0.453125 0.5078125
vt 0.390625 0.5078125
vt 0.390625 0.4921875
vt 0.5546875 0.6640625
vt 0.4921875 0.6640625
vt 0.4921875 0.6484375
vt 0.5546875 0.6484375
vt 0.578125 0.8359375
vt 0.53125 0.8359375
vt 0.53125 0.8203125
vt 0.578125 0.8203125
vt 0.3125 0.421875
vt 0.328125 0.421875
vt 0.328125 0.46875
vt 0.3125 0.46875
vt 0.265625 0.4609375
vt 0.28125 0.4609375
vt 0.28125 0.5078125
vt 0.265625 0.5078125
vt 0.140625 0.5
vt 0.09375 0.5
vt 0.09375 0.484375
vt 0.140625 0.484375
vt 0.0546875 0.390625
vt 0.0546875 0.40625
vt 0.0390625 0.40625
vt 0.0390625 0.390625
vt 0.078125 0.40625
vt 0.0625 0.40625
vt 0.0625 0.390625
vt 0.078125 0.390625
vt 0.59375 0.5546875
vt 0.5625 0.5546875
vt 0.5625 0.5390625
vt 0.59375 0.5390625
vt 0.4453125 0.3984375
vt 0.4609375 0.3984375
vt 0.4609375 0.4296875
vt 0.4453125 0.4296875
vt 0.46875 0.5703125
vt 0.5 0.5703125
vt 0.5 0.6015625
vt 0.46875 0.6015625
vt 0.46875 0.5625
vt 0.46875 0.53125
vt 0.5 0.53125
vt 0.5 0.5625
vt 0.125 0.40625
vt 0.125 0.421875
vt 0.09375 0.421875
vt 0.09375 0.40625
vt 0.609375 0.7421875
vt 0.578125 0.7421875
vt 0.578125 0.7265625
vt 0.609375 0.7265625
vt 0.03125 0.421875
vt 0 0.421875
vt 0 0.40625
vt 0.03125 0.40625
vt 0.3359375 0.3984375
vt 0.3515625 0.3984375
vt 0.3515625 0.4296875
vt 0.3359375 0.4296875
vt 0.421875 0.71875
vt 0.46875 0.71875
vt 0.46875 0.75
vt 0.421875 0.75
vt 0.421875 0.7890625
vt 0.421875 0.7578125
vt 0.46875 0.7578125
vt 0.46875 0.7890625
vt 0.5703125 0.7109375
vt 0.5703125 0.7265625
vt 0.5234375 0.7265625
vt 0.5234375 0.7109375
vt 0.046875 0.46875
vt 0 0.46875
vt 0 0.453125
vt 0.046875 0.453125
vt 0.5390625 0.796875
vt 0.4765625 0.796875
vt 0.4765625 0.78125
vt 0.5390625 0.78125
vt 0.3671875 0.46875
vt 0.3828125 0.46875
vt 0.3828125 0.53125
vt 0.3671875 0.53125
vt 0.21875 0.59375
vt 0.265625 0.59375
vt 0.265625 0.65625
vt 0.21875 0.65625
vt 0.3125 0.6953125
vt 0.3125 0.6328125
vt 0.359375 0.6328125
vt 0.359375 0.6953125
vt 0.140625 0.4609375
vt 0.140625 0.4765625
vt 0.09375 0.4765625
vt 0.09375 0.4609375
vt 0.4921875 0.4765625
vt 0.4453125 0.4765625
vt 0.4453125 0.4609375
vt 0.4921875 0.4609375
vt 0.515625 0.7109375
vt 0.421875 0.7109375
vt 0.421875 0.6953125
vt 0.515625 0.6953125
vt 0.3203125 0.4765625
vt 0.3359375 0.4765625
vt 0.3359375 0.5703125
vt 0.3203125 0.5703125
vt 0 0.6484375
vt 0.0625 0.6484375
vt 0.0625 0.7421875
vt 0 0.7421875
vt 0.2109375 0.9296875
vt 0.2109375 0.8359375
vt 0.2734375 0.8359375
vt 0.2734375 0.9296875
vt 0.5390625 0.7578125
vt 0.5390625 0.7734375
vt 0.4765625 0.7734375
vt 0.4765625 0.7578125
vt 0.5390625 0.75
vt 0.4765625 0.75
vt 0.4765625 0.734375
vt 0.5390625 0.734375
vn 0 1 0
vn 0 -1 0
vn 0 0 -1
vn 1 0 0
vn 1 0 0
vn -1 0 0
vn -1 0 0
vn 0 0 1
vn 0 0 1
vn 0 0 1
vn 0 0 1
vn 0 1 0
vn 0 -1 0
vn 0 0 -1
vn 1 0 0
vn 1 0 0
vn -1 0 0
vn -1 0 0
vn 0 0 1
vn 0 0 1
vn 0 0 1
vn 0 0 1
vn 0.382682886816355 2.9536413292952297e-7 -0.9238797584847357
vn -0.3826828868163631 -2.9536414464931186e-7 0.9238797584847325
vn 0.16042984505906283 0.9848077682942137 0.06645242148857777
vn -0.1604298450590562 -0.9848077682942145 -0.06645242148858366
vn 0.9098439827532139 -0.17364809099809111 0.37686903234477676
vn -0.9098439827532115 0.17364809099809517 -0.3768690323447803
vn 0.9961947337899426 -3.9177070620955e-7 -0.08715533471355694
vn -0.9961947337899432 3.9177070681670333e-7 0.08715533471354989
vn 0.007596474275083551 0.9961947005521307 0.08682402991360638
vn -0.0075964742750838 -0.9961947005521306 -0.08682402991360917
vn 0.08682364855138038 -0.0871557146244361 0.992403917495558
vn -0.08682364855138071 0.08715571462445322 -0.9924039174955565
vn 0.9961947337899418 -3.9177072092000657e-7 -0.08715533471356526
vn -0.9961947337899427 3.9177070502039516e-7 0.08715533471355622
vn 0.0075964742750851445 0.9961947005521307 0.08682402991360796
vn -0.007596474275084467 -0.9961947005521304 -0.08682402991360928
vn 0.08682364855139021 -0.0871557146244236 0.9924039174955582
vn -0.08682364855138572 0.08715571462443551 -0.9924039174955577
vn 0.9961947337899423 -3.917707187550681e-7 -0.08715533471356124
vn -0.9961947337899425 3.9177071909594277e-7 0.08715533471355773
vn 0.007596474275083123 0.9961947005521306 0.08682402991360785
vn -0.007596474275084341 -0.9961947005521304 -0.08682402991360831
vn 0.08682364855138072 -0.08715571462445137 0.9924039174955566
vn -0.08682364855138103 0.08715571462446571 -0.9924039174955553
vn 0.9961947337899426 -3.9177070743079624e-7 -0.0871553347135568
vn -0.9961947337899424 3.91770717684165e-7 0.08715533471355963
vn 0.007596474275084407 0.9961947005521306 0.08682402991360846
vn -0.007596474275083373 -0.9961947005521306 -0.0868240299136075
vn 0.08682364855138813 -0.08715571462442236 0.9924039174955586
vn -0.08682364855138056 0.0871557146244526 -0.9924039174955565
vn 0.9961947337899425 -3.9177072036489347e-7 -0.08715533471355752
vn -0.9961947337899412 3.9177073440574655e-7 0.08715533471357352
vn 0.007596474275085522 0.9961947005521306 0.08682402991360737
vn -0.007596474275083106 -0.9961947005521306 -0.08682402991360756
vn 0.08682364855138143 -0.08715571462443794 0.9924039174955578
vn -0.08682364855139273 0.08715571462443794 -0.9924039174955569
vn 0.46174810332886096 3.5989422257169096e-7 0.8870110986183152
vn -0.46174810332885624 -3.598942095358213e-7 -0.8870110986183176
vn -0.07730824250919247 0.9961947014614222 0.040243663107723676
vn 0.07730824250919242 -0.9961947014614222 -0.04024366310772333
vn -0.8836357420975786 -0.08715570423131495 0.4599910417688645
vn 0.8836357420975794 0.0871557042313215 -0.4599910417688615
vn 0.46174810332885996 3.5989420998916523e-7 0.8870110986183154
vn -0.4617481033288642 -3.5989420426689064e-7 -0.8870110986183134
vn -0.0773082425091928 0.9961947014614222 0.040243663107724266
vn 0.07730824250919265 -0.9961947014614222 -0.040243663107724884
vn -0.8836357420975762 -0.08715570423132145 0.4599910417688681
vn 0.8836357420975777 0.08715570423131548 -0.45999104176886624
vn 0.46174810332886457 3.598941848537145e-7 0.8870110986183133
vn -0.4617481033288642 -3.5989420374416093e-7 -0.8870110986183133
vn -0.07730824250919192 0.9961947014614222 0.0402436631077241
vn 0.07730824250919044 -0.9961947014614224 -0.040243663107724176
vn -0.8836357420975801 -0.0871557042313348 0.4599910417688581
vn 0.8836357420975786 0.08715570423132754 -0.4599910417688621
vn 0.46174810332886324 3.5989421677738394e-7 0.887011098618314
vn -0.4617481033288579 -3.5989422236815264e-7 -0.8870110986183165
vn -0.07730824250919095 0.9961947014614224 0.04024366310772389
vn 0.07730824250919115 -0.9961947014614223 -0.04024366310772546
vn -0.8836357420975772 -0.08715570423133397 0.4599910417688638
vn 0.8836357420975773 0.08715570423130276 -0.45999104176886924
vn 0.46174810332886324 3.5989421679853075e-7 0.8870110986183137
vn -0.4617481033288603 -3.5989420388293674e-7 -0.8870110986183153
vn -0.07730824250919208 0.9961947014614224 0.04024366310772011
vn 0.07730824250918952 -0.9961947014614221 -0.040243663107730074
vn -0.8836357420975741 -0.08715570423133365 0.45999104176886957
vn 0.883635742097586 0.08715570423133479 -0.4599910417688464
vn -0.887010480868 -0.0000011294069793462333 0.4617492900146613
vn 0.8870104808679962 0.0000011294070043910147 -0.46174929001466897
vn -0.040244781312513994 0.996194758533589 -0.07730692496350305
vn 0.040244781312513314 -0.9961947585335887 0.0773069249635038
vn -0.45999213515822746 -0.08715505188416724 -0.883635237257797
vn 0.4599921351582306 0.0871550518841547 0.8836352372577966
vn -0.8870104808679978 -0.0000011294069854154476 0.4617492900146655
vn 0.8870104808679954 0.000001129406998183028 -0.4617492900146704
vn -0.04024478131251164 0.9961947585335889 -0.07730692496350407
vn 0.04024478131251387 -0.9961947585335889 0.0773069249635042
vn -0.4599921351582262 -0.08715505188415441 -0.8836352372577989
vn 0.4599921351582335 0.08715505188415468 0.8836352372577951
vn -0.8870104808680004 -0.000001129406979671894 0.46174929001466103
vn 0.8870104808680016 0.0000011294069603762143 -0.46174929001465825
vn -0.04024478131251377 0.9961947585335889 -0.0773069249635044
vn 0.04024478131251332 -0.9961947585335887 0.07730692496350394
vn -0.4599921351582312 -0.08715505188416692 -0.8836352372577952
vn 0.45999213515822784 0.08715505188416064 0.8836352372577975
vn -0.8870104808679995 -0.0000011294069923094081 0.46174929001466264
vn 0.8870104808679976 0.0000011294069980706727 -0.4617492900146663
vn -0.04024478131251369 0.996194758533589 -0.07730692496350287
vn 0.04024478131251458 -0.9961947585335887 0.07730692496350355
vn -0.4599921351582355 -0.0871550518841419 -0.8836352372577954
vn 0.45999213515823256 0.08715505188414252 0.8836352372577968
vn -0.8870104808680018 -0.0000011294069861556009 0.46174929001465803
vn 0.8870104808679994 0.000001129406998913926 -0.4617492900146631
vn -0.040244781312513654 0.9961947585335886 -0.07730692496350473
vn 0.040244781312515375 -0.9961947585335889 0.07730692496350326
vn -0.4599921351582171 -0.08715505188415441 -0.8836352372578037
vn 0.45999213515823856 0.08715505188417345 0.8836352372577907
vn -0.8660253835909866 9.944745187340204e-7 -0.5000000349750942
vn 0.8660253835909886 -9.944745199830234e-7 0.5000000349750909
vn 0.04357849033231708 0.9961947404448751 -0.07547817095242859
vn -0.043578490332318906 -0.9961947404448753 0.07547817095242607
vn 0.49809733000332596 -0.08715525864214976 -0.8627299755627933
vn -0.49809733000331763 0.08715525864211254 0.862729975562802
vn -0.8660253835909879 9.944745128128306e-7 -0.5000000349750923
vn 0.8660253835909868 -9.944745125491552e-7 0.500000034975094
vn 0.043578490332318996 0.9961947404448751 -0.07547817095242812
vn -0.04357849033231806 -0.9961947404448751 0.07547817095242884
vn 0.49809733000332723 -0.08715525864214561 -0.8627299755627931
vn -0.49809733000332845 0.08715525864214052 0.8627299755627929
vn -0.8660253835909852 9.94474531879064e-7 -0.500000034975097
vn 0.8660253835909875 -9.9447451978319e-7 0.500000034975093
vn 0.04357849033231746 0.9961947404448753 -0.07547817095242783
vn -0.043578490332317525 -0.9961947404448751 0.07547817095242833
vn 0.4980973300033275 -0.08715525864214077 -0.8627299755627933
vn -0.4980973300033209 0.08715525864211444 0.8627299755627997
vn -0.8660253835909837 9.944745380201818e-7 -0.5000000349750995
vn 0.8660253835909852 -9.944745317474166e-7 0.5000000349750968
vn 0.043578490332317775 0.9961947404448752 -0.07547817095242766
vn -0.04357849033231935 -0.9961947404448752 0.07547817095242701
vn 0.498097330003328 -0.0871552586421443 -0.8627299755627927
vn -0.4980973300033264 0.08715525864212664 0.8627299755627954
vn -0.866025383590986 9.94474531908666e-7 -0.5000000349750955
vn 0.8660253835909865 -9.944745248356174e-7 0.5000000349750946
vn 0.04357849033231823 0.9961947404448751 -0.07547817095242845
vn -0.043578490332316054 -0.9961947404448751 0.0754781709524296
vn 0.49809733000331935 -0.08715525864214045 -0.862729975562798
vn -0.49809733000333256 0.08715525864214393 0.86272997556279
vn 0.38268288681635326 2.9536413048703004e-7 -0.9238797584847365
vn -0.3826828868163585 -2.953641400002503e-7 0.9238797584847342
vn 0.16042984505905922 0.9848077682942141 0.06645242148858059
vn -0.1604298450590593 -0.9848077682942139 -0.06645242148858174
vn 0.9098439827532121 -0.17364809099809686 0.3768690323447782
vn -0.9098439827532095 0.17364809099809048 -0.37686903234478714
vn 0.38268288681636475 2.9536414714037594e-7 -0.9238797584847319
vn -0.38268288681636015 -2.9536413462954864e-7 0.9238797584847337
vn 0.16042984505905994 0.984807768294214 0.0664524214885806
vn -0.1604298450590589 -0.9848077682942142 -0.06645242148857985
vn 0.9098439827532114 -0.1736480909980888 0.37686903234478386
vn -0.9098439827532075 0.17364809099810266 -0.37686903234478675
vn 0.38268288681635165 2.953641202729799e-7 -0.9238797584847371
vn -0.3826828868163528 -2.9536412773922774e-7 0.9238797584847366
vn 0.16042984505905958 0.984807768294214 0.06645242148857963
vn -0.1604298450590583 -0.9848077682942141 -0.06645242148858152
vn 0.9098439827532133 -0.17364809099808584 0.37686903234478003
vn -0.9098439827532118 0.1736480909980963 -0.37686903234477936
vn 0.38268288681635626 2.953641325594468e-7 -0.9238797584847354
vn -0.3826828868163556 -2.953641272026193e-7 0.9238797584847355
vn 0.16042984505905908 0.9848077682942141 0.06645242148858108
vn -0.1604298450590582 -0.984807768294214 -0.06645242148858228
vn 0.909843982753212 -0.1736480909980905 0.3768690323447814
vn -0.9098439827532109 0.17364809099810116 -0.3768690323447792
usemtl m_d63b48de-5995-e43b-dcc1-461060c57ade
f 691/2077/526 687/2078/526 688/2079/526 692/2080/526
f 690/2081/527 689/2082/527 693/2083/527 694/2084/527
f 692/2085/528 688/2086/528 690/2087/528 694/2088/528
f 688/2089/529 687/2090/529 695/2091/529 690/2092/529
f 695/2093/530 689/2094/530 690/2095/530
f 694/2096/531 693/2097/531 696/2098/531 692/2099/531
f 696/2100/532 691/2101/532 692/2102/532
f 689/2103/533 695/2104/533 696/2105/533 693/2106/533
f 697/2107/534 695/2108/534 687/2109/534 691/2110/534
f 691/2111/535 696/2112/535 697/2113/535
f 695/2114/536 697/2115/536 696/2116/536
f 702/2117/537 698/2118/537 699/2119/537 703/2120/537
f 701/2121/538 700/2122/538 704/2123/538 705/2124/538
f 703/2125/539 699/2126/539 701/2127/539 705/2128/539
f 699/2129/540 698/2130/540 706/2131/540 701/2132/540
f 706/2133/541 700/2134/541 701/2135/541
f 705/2136/542 704/2137/542 707/2138/542 703/2139/542
f 707/2140/543 702/2141/543 703/2142/543
f 700/2143/544 706/2144/544 707/2145/544 704/2146/544
f 708/2147/545 706/2148/545 698/2149/545 702/2150/545
f 702/2151/546 707/2152/546 708/2153/546
f 706/2154/547 708/2155/547 707/2156/547
f 710/2157/548 709/2158/548 711/2159/548 712/2160/548
f 715/2161/549 713/2162/549 714/2163/549 716/2164/549
f 713/2165/550 709/2166/550 710/2167/550 714/2168/550
f 712/2169/551 711/2170/551 715/2171/551 716/2172/551
f 711/2173/552 709/2174/552 713/2175/552 715/2176/552
f 714/2177/553 710/2178/553 712/2179/553 716/2180/553
f 718/2181/554 717/2182/554 719/2183/554 720/2184/554
f 723/2185/555 721/2186/555 722/2187/555 724/2188/555
f 721/2189/556 717/2190/556 718/2191/556 722/2192/556
f 720/2193/557 719/2194/557 723/2195/557 724/2196/557
f 719/2197/558 717/2198/558 721/2199/558 723/2200/558
f 722/2201/559 718/2202/559 720/2203/559 724/2204/559
f 726/2205/560 725/2206/560 727/2207/560 728/2208/560
f 731/2209/561 729/2210/561 730/2211/561 732/2212/561
f 729/2213/562 725/2214/562 726/2215/562 730/2216/562
f 728/2217/563 727/2218/563 731/2219/563 732/2220/563
f 727/2221/564 725/2222/564 729/2223/564 731/2224/564
f 730/2225/565 726/2226/565 728/2227/565 732/2228/565
f 734/2229/566 733/2230/566 735/2231/566 736/2232/566
f 739/2233/567 737/2234/567 738/2235/567 740/2236/567
f 737/2237/568 733/2238/568 734/2239/568 738/2240/568
f 736/2241/569 735/2242/569 739/2243/569 740/2244/569
f 735/2245/570 733/2246/570 737/2247/570 739/2248/570
f 738/2249/571 734/2250/571 736/2251/571 740/2252/571
f 742/2253/572 741/2254/572 743/2255/572 744/2256/572
f 747/2257/573 745/2258/573 746/2259/573 748/2260/573
f 745/2261/574 741/2262/574 742/2263/574 746/2264/574
f 744/2265/575 743/2266/575 747/2267/575 748/2268/575
f 743/2269/576 741/2270/576 745/2271/576 747/2272/576
f 746/2273/577 742/2274/577 744/2275/577 748/2276/577
f 750/2277/578 749/2278/578 751/2279/578 752/2280/578
f 755/2281/579 753/2282/579 754/2283/579 756/2284/579
f 753/2285/580 749/2286/580 750/2287/580 754/2288/580
f 752/2289/581 751/2290/581 755/2291/581 756/2292/581
f 751/2293/582 749/2294/582 753/2295/582 755/2296/582
f 754/2297/583 750/2298/583 752/2299/583 756/2300/583
f 758/2301/584 757/2302/584 759/2303/584 760/2304/584
f 763/2305/585 761/2306/585 762/2307/585 764/2308/585
f 761/2309/586 757/2310/586 758/2311/586 762/2312/586
f 760/2313/587 759/2314/587 763/2315/587 764/2316/587
f 759/2317/588 757/2318/588 761/2319/588 763/2320/588
f 762/2321/589 758/2322/589 760/2323/589 764/2324/589
f 766/2325/590 765/2326/590 767/2327/590 768/2328/590
f 771/2329/591 769/2330/591 770/2331/591 772/2332/591
f 769/2333/592 765/2334/592 766/2335/592 770/2336/592
f 768/2337/593 767/2338/593 771/2339/593 772/2340/593
f 767/2341/594 765/2342/594 769/2343/594 771/2344/594
f 770/2345/595 766/2346/595 768/2347/595 772/2348/595
f 774/2349/596 773/2350/596 775/2351/596 776/2352/596
f 779/2353/597 777/2354/597 778/2355/597 780/2356/597
f 777/2357/598 773/2358/598 774/2359/598 778/2360/598
f 776/2361/599 775/2362/599 779/2363/599 780/2364/599
f 775/2365/600 773/2366/600 777/2367/600 779/2368/600
f 778/2369/601 774/2370/601 776/2371/601 780/2372/601
f 782/2373/602 781/2374/602 783/2375/602 784/2376/602
f 787/2377/603 785/2378/603 786/2379/603 788/2380/603
f 785/2381/604 781/2382/604 782/2383/604 786/2384/604
f 784/2385/605 783/2386/605 787/2387/605 788/2388/605
f 783/2389/606 781/2390/606 785/2391/606 787/2392/606
f 786/2393/607 782/2394/607 784/2395/607 788/2396/607
f 790/2397/608 789/2398/608 791/2399/608 792/2400/608
f 795/2401/609 793/2402/609 794/2403/609 796/2404/609
f 793/2405/610 789/2406/610 790/2407/610 794/2408/610
f 792/2409/611 791/2410/611 795/2411/611 796/2412/611
f 791/2413/612 789/2414/612 793/2415/612 795/2416/612
f 794/2417/613 790/2418/613 792/2419/613 796/2420/613
f 798/2421/614 797/2422/614 799/2423/614 800/2424/614
f 803/2425/615 801/2426/615 802/2427/615 804/2428/615
f 801/2429/616 797/2430/616 798/2431/616 802/2432/616
f 800/2433/617 799/2434/617 803/2435/617 804/2436/617
f 799/2437/618 797/2438/618 801/2439/618 803/2440/618
f 802/2441/619 798/2442/619 800/2443/619 804/2444/619
f 806/2445/620 805/2446/620 807/2447/620 808/2448/620
f 811/2449/621 809/2450/621 810/2451/621 812/2452/621
f 809/2453/622 805/2454/622 806/2455/622 810/2456/622
f 808/2457/623 807/2458/623 811/2459/623 812/2460/623
f 807/2461/624 805/2462/624 809/2463/624 811/2464/624
f 810/2465/625 806/2466/625 808/2467/625 812/2468/625
f 814/2469/626 813/2470/626 815/2471/626 816/2472/626
f 819/2473/627 817/2474/627 818/2475/627 820/2476/627
f 817/2477/628 813/2478/628 814/2479/628 818/2480/628
f 816/2481/629 815/2482/629 819/2483/629 820/2484/629
f 815/2485/630 813/2486/630 817/2487/630 819/2488/630
f 818/2489/631 814/2490/631 816/2491/631 820/2492/631
f 822/2493/632 821/2494/632 823/2495/632 824/2496/632
f 827/2497/633 825/2498/633 826/2499/633 828/2500/633
f 825/2501/634 821/2502/634 822/2503/634 826/2504/634
f 824/2505/635 823/2506/635 827/2507/635 828/2508/635
f 823/2509/636 821/2510/636 825/2511/636 827/2512/636
f 826/2513/637 822/2514/637 824/2515/637 828/2516/637
f 830/2517/638 829/2518/638 831/2519/638 832/2520/638
f 835/2521/639 833/2522/639 834/2523/639 836/2524/639
f 833/2525/640 829/2526/640 830/2527/640 834/2528/640
f 832/2529/641 831/2530/641 835/2531/641 836/2532/641
f 831/2533/642 829/2534/642 833/2535/642 835/2536/642
f 834/2537/643 830/2538/643 832/2539/643 836/2540/643
f 838/2541/644 837/2542/644 839/2543/644 840/2544/644
f 843/2545/645 841/2546/645 842/2547/645 844/2548/645
f 841/2549/646 837/2550/646 838/2551/646 842/2552/646
f 840/2553/647 839/2554/647 843/2555/647 844/2556/647
f 839/2557/648 837/2558/648 841/2559/648 843/2560/648
f 842/2561/649 838/2562/649 840/2563/649 844/2564/649
f 846/2565/650 845/2566/650 847/2567/650 848/2568/650
f 851/2569/651 849/2570/651 850/2571/651 852/2572/651
f 849/2573/652 845/2574/652 846/2575/652 850/2576/652
f 848/2577/653 847/2578/653 851/2579/653 852/2580/653
f 847/2581/654 845/2582/654 849/2583/654 851/2584/654
f 850/2585/655 846/2586/655 848/2587/655 852/2588/655
f 854/2589/656 853/2590/656 855/2591/656 856/2592/656
f 859/2593/657 857/2594/657 858/2595/657 860/2596/657
f 857/2597/658 853/2598/658 854/2599/658 858/2600/658
f 856/2601/659 855/2602/659 859/2603/659 860/2604/659
f 855/2605/660 853/2606/660 857/2607/660 859/2608/660
f 858/2609/661 854/2610/661 856/2611/661 860/2612/661
f 862/2613/662 861/2614/662 863/2615/662 864/2616/662
f 867/2617/663 865/2618/663 866/2619/663 868/2620/663
f 865/2621/664 861/2622/664 862/2623/664 866/2624/664
f 864/2625/665 863/2626/665 867/2627/665 868/2628/665
f 863/2629/666 861/2630/666 865/2631/666 867/2632/666
f 866/2633/667 862/2634/667 864/2635/667 868/2636/667
f 870/2637/668 869/2638/668 871/2639/668 872/2640/668
f 875/2641/669 873/2642/669 874/2643/669 876/2644/669
f 873/2645/670 869/2646/670 870/2647/670 874/2648/670
f 872/2649/671 871/2650/671 875/2651/671 876/2652/671
f 871/2653/672 869/2654/672 873/2655/672 875/2656/672
f 874/2657/673 870/2658/673 872/2659/673 876/2660/673
f 878/2661/674 877/2662/674 879/2663/674 880/2664/674
f 883/2665/675 881/2666/675 882/2667/675 884/2668/675
f 881/2669/676 877/2670/676 878/2671/676 882/2672/676
f 880/2673/677 879/2674/677 883/2675/677 884/2676/677
f 879/2677/678 877/2678/678 881/2679/678 883/2680/678
f 882/2681/679 878/2682/679 880/2683/679 884/2684/679
f 886/2685/680 885/2686/680 887/2687/680 888/2688/680
f 891/2689/681 889/2690/681 890/2691/681 892/2692/681
f 889/2693/682 885/2694/682 886/2695/682 890/2696/682
f 888/2697/683 887/2698/683 891/2699/683 892/2700/683
f 887/2701/684 885/2702/684 889/2703/684 891/2704/684
f 890/2705/685 886/2706/685 888/2707/685 892/2708/685
f 894/2709/686 893/2710/686 895/2711/686 896/2712/686
f 899/2713/687 897/2714/687 898/2715/687 900/2716/687
f 897/2717/688 893/2718/688 894/2719/688 898/2720/688
f 896/2721/689 895/2722/689 899/2723/689 900/2724/689
f 895/2725/690 893/2726/690 897/2727/690 899/2728/690
f 898/2729/691 894/2730/691 896/2731/691 900/2732/691
f 902/2733/692 901/2734/692 903/2735/692 904/2736/692
f 907/2737/693 905/2738/693 906/2739/693 908/2740/693
f 905/2741/694 901/2742/694 902/2743/694 906/2744/694
f 904/2745/695 903/2746/695 907/2747/695 908/2748/695
f 903/2749/696 901/2750/696 905/2751/696 907/2752/696
f 906/2753/697 902/2754/697 904/2755/697 908/2756/697
o palmera
v -18.875 2.625 7.1875
v -18.875 2.625 7.0625
v -18.875 1.5 7.1875
v -18.875 1.5 7.0625
v -19 2.625 7.1875
v -19 2.625 7.0625
v -19 1.5 7.1875
v -19 1.5 7.0625
v -18.875 2.4941357808764737 7.1875
v -19 2.4761438774777744 7.1875
v -18.930322378408974 2.503423291235256 7.1875
v -19 1.625 7.1875
v -19 1.625 7.0625
v -19 0 7.1875
v -19 0 7.0625
v -19.125 1.625 7.1875
v -19.125 1.625 7.0625
v -19.125 0 7.1875
v -19.125 0 7.0625
v -19 1.435973905710462 7.1875
v -19.125 1.4099856008012295 7.1875
v -19.055322378408974 1.449389198450926 7.1875
v -17.856570534494896 2.341261005635091 7.450707504830119
v -18.084031530183196 2.384673028384615 7.356490246743924
v -17.876624265127276 2.2181600345983146 7.442400952144046
v -18.10408526081558 2.2615720573478377 7.34818369405785
v -17.90440589534694 2.3412609687145745 7.566192474640712
v -18.131866891035244 2.3846729914640976 7.471975216554515
v -17.924459625979324 2.2181599976777973 7.557885921954638
v -18.151920621667625 2.2615720204273213 7.463668663868443
v -18.775234342861012 2.4635469680752466 7.956111886224331
v -18.796940254998855 2.4853358967313572 7.708010906850443
v -18.776183902145394 2.33902263050623 7.945258882485131
v -18.797889814283245 2.3608115591623413 7.697157903111242
v -19.024283026308495 2.463547066017925 7.9779007199027205
v -19.045988938446342 2.485335994674036 7.729799740528833
v -19.02523258559288 2.3390227284489082 7.9670477161635205
v -19.04693849773073 2.36081165710502 7.718946736789633
v -18.723350425384954 2.536703580063768 7.832040698793561
v -18.7450563375228 2.558492508719879 7.583939719419673
v -18.72429998466934 2.4121792424947515 7.821187695054363
v -18.746005896807183 2.433968171150863 7.573086715680473
v -19.096923450556183 2.5367037269777857 7.8647239493111485
v -19.11862936269403 2.558492655633897 7.616622969937259
v -19.09787300984057 2.4121793894087693 7.853870945571947
v -19.119578921978412 2.4339683180648803 7.605769966198057
v -18.75991174612975 2.761620726923473 7.4141435246021
v -18.80332357040544 2.8051985842356952 6.917941565854322
v -18.760861305414135 2.6370963893544563 7.403290520862898
v -18.804273129689825 2.680674246666679 6.907088562115119
v -19.133484771300978 2.7616208738374906 7.446826775119684
v -19.176896595576668 2.8051987311497126 6.950624816371906
v -19.134434330585364 2.637096536268474 7.435973771380482
v -19.177846154861054 2.6806743935806967 6.939771812632703
v -18.67146661797942 2.6098601990830934 7.7079695216101545
v -18.736584354392953 2.675226985051427 6.963666583488489
v -18.672416177263806 2.485335861514077 7.697116517870956
v -18.737533913677343 2.55070264748241 6.952813579749288
v -19.16956398487439 2.6098603949684502 7.751547188966937
v -19.234681721287927 2.675227180936784 7.007244250845268
v -19.170513544158776 2.485336057399434 7.740694185227733
v -19.235631280572314 2.550702843367768 6.996391247106068
v -18.827118260337066 2.390390356086724 8.0801830736551
v -18.848824172474913 2.412179284742835 7.83208209428121
v -18.828067819621452 2.265866018517708 8.0693300699159
v -18.8497737317593 2.2876549471738192 7.82122909054201
v -18.951642602060808 2.3903904050580635 8.091077490494294
v -18.973348514198655 2.412179333714175 7.842976511120407
v -18.952592161345194 2.265866067489047 8.080224486755096
v -18.97429807348304 2.2876549961451587 7.832123507381205
v -19.745531488002896 2.4580998321021967 7.508454562224383
v -19.414168084716305 2.4907832211889445 7.335957921561059
v -19.73586795768925 2.333575494419519 7.50342410433592
v -19.404504554402656 2.3662588835062666 7.3309274636725945
v -19.860968513835115 2.4580997421286455 7.286701787569804
v -19.52960511054852 2.490783131215393 7.114205146906482
v -19.851304983521466 2.3335754044459676 7.281671329681339
v -19.519941580234875 2.3662587935327157 7.109174689018015
v -19.61104955089901 2.5312564910697755 7.508909068552859
v -19.27968614761242 2.563939880156523 7.336412427889536
v -19.601386020585363 2.4067321533870976 7.503878610664394
v -19.27002261729877 2.4394155424738453 7.33138197000107
v -19.784205089647337 2.5312563561094485 7.176279906570992
v -19.452841686360745 2.5639397451961967 7.003783265907668
v -19.774541559333684 2.406732018426771 7.171249448682525
v -19.443178156047097 2.4394154075135184 6.998752808019203
v -19.238954322505826 2.75617363922862 7.3152084767017165
v -18.686681983694836 2.810645954373199 7.027714075596176
v -19.229290792192174 2.6316493015459423 7.310178018813248
v -18.677018453381187 2.686121616690521 7.02268361770771
v -19.412109861254145 2.7561735042682933 6.982579314719848
v -18.859837522443158 2.8106458194128723 6.695084913614307
v -19.4024463309405 2.631649166585616 6.977548856831383
v -18.850173992129513 2.6861214817301944 6.690054455725843
v -19.476567677029 2.604413159666438 7.50936345523456
v -18.703386402693617 2.680674400868848 7.106871293686803
v -19.46690414671535 2.47988882198376 7.504332997346095
v -18.693722872379972 2.5561500631861707 7.10184083579834
v -19.707441728693432 2.604412979719336 7.065857905925402
v -18.93426045435805 2.6806742209217465 6.66336574437765
v -19.697778198379783 2.4798886420366584 7.060827448036939
v -18.9245969240444 2.556149883239069 6.658335286489184
v -19.88001342510678 2.3849431731346176 7.508000055895909
v -19.548650021820194 2.4176265622213644 7.335503415232585
v -19.870349894793133 2.2604188354519392 7.502969598007445
v -19.53898649150654 2.293102224538687 7.330472957344117
v -19.937731938022893 2.3849431281478415 7.39712366856862
v -19.606368534736298 2.4176265172345897 7.224627027905296
v -19.92806840770924 2.2604187904651645 7.392093210680153
v -19.59670500442265 2.2931021795519113 7.219596570016829
v -19.383455039455097 2.4580997860896945 6.2544691667233145
v -19.210957988770758 2.4907829305462514 6.585832380694988
v -19.378424441791033 2.333575441272996 6.264132532343755
v -19.205927391106698 2.366258585729553 6.595495746315427
v -19.161702419238097 2.4581000684414427 6.13903184421965
v -18.98920536855376 2.4907832128979996 6.470395058191322
v -19.15667182157403 2.333575723624744 6.148695209840087
v -18.984174770889695 2.3662588680813017 6.480058423811759
v -19.38390950717418 2.531256351975949 6.388951177995061
v -19.21141245648984 2.5639394964325057 6.720314391966735
v -19.378878909510114 2.40673200715925 6.3986145436154995
v -19.20638185882578 2.4394151516158074 6.729977757587173
v -19.05128057684868 2.53125677550357 6.215795194239565
v -18.87878352616434 2.563939919960128 6.547158408211235
v -19.046249979184616 2.406732430686872 6.22545855986
v -18.873752928500277 2.439415575143429 6.556821773831674
v -19.190209051996707 2.7561735816781896 6.761046469493223
v -18.902713967522814 2.8106454891057853 7.313318492779347
v -19.185178454332643 2.6316492368614908 6.770709835113664
v -18.897683369858747 2.686121144289086 7.322981858399785
v -18.857580121671205 2.7561740052058115 6.587890485737724
v -18.57008503719731 2.8106459126334062 7.140162509023849
v -18.852549524007145 2.6316496603891126 6.597553851358166
v -18.56505443953325 2.6861215678167083 7.149825874644289
v -19.384364128593827 2.60441309057808 6.523433252242883
v -18.981871010330373 2.6806737609767124 7.296614084843455
v -19.379333530929763 2.479888745761381 6.53309661786332
v -18.976840412666313 2.5561494161600145 7.306277450463892
v -18.94085888815983 2.6044136552815758 6.29255860723555
v -18.538365769896373 2.680674325680209 7.065739439836122
v -18.935828290495763 2.4798893104648774 6.302221972855989
v -18.53333517223231 2.5561499808635104 7.075402805456559
v -19.383000571736016 2.3849432202034397 6.119987155451565
v -19.21050352105168 2.417626364659997 6.451350369423238
v -19.377969974071952 2.260418875386741 6.129650521072003
v -19.205472923387617 2.2931020198432983 6.461013735043679
v -19.272124261627518 2.384943361379314 6.062268494199735
v -19.099627210943183 2.4176265058358712 6.393631708171405
v -19.267093663963454 2.260419016562615 6.07193185982017
v -19.094596613279116 2.293102161019172 6.403295073791842
v -18.39707925555425 2.465449892030893 6.283755698271452
v -18.5838657543055 2.498133114021697 6.6072794391075025
v -18.40252656684579 2.3409255494752843 6.293190469640507
v -18.58931306559704 2.3736087714660874 6.616714210476552
v -18.180572909656505 2.465449643412262 6.408755707015226
v -18.36735940840775 2.498132865403066 6.732279447851274
v -18.186020220948045 2.3409253008566524 6.418190478384279
v -18.37280671969929 2.373608522847457 6.741714219220327
v -18.51074439369856 2.538606590659743 6.355629492586788
v -18.697530892449805 2.571289812650547 6.679153233422836
v -18.516191704990096 2.4140822481041333 6.365064263955842
v -18.702978203741345 2.4467654700949373 6.688588004791889
v -18.18598487485194 2.538606217731796 6.543129505702449
v -18.372771373603186 2.5712894397226 6.8666532465384975
v -18.191432186143476 2.4140818751761866 6.552564277071504
v -18.378218684894726 2.4467650971669905 6.87608801790755
v -18.720491135403854 2.763523794517235 6.718921494332056
v -19.031801966655934 2.817995831168574 7.258127729058803
v -18.725938446695395 2.6389994519616256 6.728356265701109
v -19.037249277947467 2.693471488612965 7.267562500427854
v -18.395731616557235 2.763523421589288 6.9064215074477175
v -18.707042447809307 2.817995458240627 7.445627742174462
v -18.401178927848772 2.638999079033679 6.91585627881677
v -18.712489759100848 2.693471115685018 7.455062513543517
v -18.6244095366035 2.6117634103149707 6.427503271927131
v -19.060244700356414 2.688024261626846 7.182392000544576
v -18.62985684789504 2.4872390677593614 6.436938043296184
v -19.06569201164795 2.5634999190712366 7.191826771913629
v -18.191396844808008 2.6117629130777082 6.67750328941468
v -18.627232008560917 2.688023764389583 7.432392018032125
v -18.196844156099548 2.487238570522098 6.686938060783733
v -18.632679319852457 2.563499421833974 7.441826789401176
v -18.283414117409944 2.392293193402044 6.211881903956117
v -18.47020061616119 2.424976415392848 6.535405644792165
v -18.288861428701484 2.2677688508464344 6.22131667532517
v -18.475647927452734 2.3004520728372384 6.544840416161218
v -18.17516094446107 2.3922930690927284 6.274381908328003
v -18.36194744321232 2.424976291083532 6.597905649164053
v -18.18060825575261 2.267768726537119 6.283816679697058
v -18.36739475450386 2.300451948527923 6.607340420533106
v -17.9363564450519 2.424517530866979 7.35000958607286
v -18.163817440740203 2.4679295536165027 7.255792327986665
v -17.956410175684283 2.3014165598302023 7.341703033386787
v -18.183871171372587 2.344828582579726 7.247485775300593
v -18.032027166755988 2.4245174570259453 7.580979525694044
v -18.259488162444296 2.467929479775469 7.486762267607848
v -18.05208089738837 2.3014164859891686 7.57267297300797
v -18.279541893076676 2.344828508738692 7.478455714921774
v -18.016142355608906 2.5077740560988664 7.249311667315601
v -18.24360335129721 2.55118607884839 7.155094409229404
v -18.03619608624129 2.384673085062089 7.241005114629527
v -18.263657081929594 2.428085107811613 7.146787856543332
v -18.159648438165043 2.5077739453373162 7.595766576747376
v -18.387109433853347 2.5511859680868394 7.50154931866118
v -18.179702168797423 2.384672974300539 7.587460024061304
v -18.407163164485727 2.428084997050063 7.493242765975108
v -18.384118329426293 2.7683965983515417 7.096890942713598
v -18.8390403208029 2.855220643850589 6.908456426541209
v -18.404172060058677 2.6452956273147654 7.088584390027528
v -18.85909405143528 2.7321196728138126 6.900149873855135
v -18.527624411982426 2.7683964875899916 7.443345852145374
v -18.98254640335903 2.855220533089039 7.254911335972984
v -18.54767814261481 2.645295516553215 7.4350392994593015
v -19.002600133991415 2.7321195620522616 7.246604783286909
v -18.095928202094214 2.5910306029979635 7.148613603858921
v -18.778311189159123 2.7212666712465343 6.8659618296003355
v -18.115981932726598 2.4679296319611868 7.140307051172849
v -18.798364919791503 2.5981657002097576 6.85765527691426
v -18.28726964550239 2.591030455315896 7.610553483101288
v -18.9696526325673 2.721266523564467 7.3279017088427025
v -18.307323376134775 2.467929484279119 7.602246930415216
v -18.989706363199684 2.59816555252769 7.319595156156629
vt 0.1328125 0.40625
vt 0.1484375 0.40625
vt 0.1484375 0.421875
vt 0.1328125 0.421875
vt 0.2578125 0.40625
vt 0.2578125 0.421875
vt 0.2421875 0.421875
vt 0.2421875 0.40625
vt 0.2890625 0.65625
vt 0.2734375 0.65625
vt 0.2734375 0.515625
vt 0.2890625 0.515625
vt 0.015625 0.640625
vt 0 0.640625
vt 0 0.6242671875
vt 0.015625 0.5
vt 0 0.6242671875
vt 0 0.5
vt 0.015625 0.5
vt 0.0234375 0.5
vt 0.0390625 0.5
vt 0.0390625 0.62201796875
vt 0.0234375 0.640625
vt 0.0390625 0.62201796875
vt 0.0390625 0.640625
vt 0.0234375 0.640625
vt 0.0625 0.5
vt 0.0625 0.6242671875
vt 0.046875 0.62201796875
vt 0.046875 0.5
vt 0.055584375 0.625428125
vt 0.0625 0.6242671875
vt 0.0625 0.640625
vt 0.046875 0.640625
vt 0.046875 0.640625
vt 0.046875 0.62201796875
vt 0.055584375 0.625428125
vt 0.0625 0.6242671875
vt 0.055584375 0.625428125
vt 0.046875 0.62201796875
vt 0.5859375 0.8203125
vt 0.6015625 0.8203125
vt 0.6015625 0.8359375
vt 0.5859375 0.8359375
vt 0.28125 0.3984375
vt 0.28125 0.4140625
vt 0.265625 0.4140625
vt 0.265625 0.3984375
vt 0.140625 0.7109375
vt 0.125 0.7109375
vt 0.125 0.5078125
vt 0.140625 0.5078125
vt 0.1640625 0.7109375
vt 0.1484375 0.7109375
vt 0.1484375 0.687309375
vt 0.1640625 0.5078125
vt 0.1484375 0.687309375
vt 0.1484375 0.5078125
vt 0.1640625 0.5078125
vt 0.171875 0.5078125
vt 0.1875 0.5078125
vt 0.1875 0.6840609375
vt 0.171875 0.7109375
vt 0.1875 0.6840609375
vt 0.1875 0.7109375
vt 0.171875 0.7109375
vt 0.2109375 0.5078125
vt 0.2109375 0.687309375
vt 0.1953125 0.6840609375
vt 0.1953125 0.5078125
vt 0.204021875 0.6889859375
vt 0.2109375 0.687309375
vt 0.2109375 0.7109375
vt 0.1953125 0.7109375
vt 0.1953125 0.7109375
vt 0.1953125 0.6840609375
vt 0.204021875 0.6889859375
vt 0.2109375 0.687309375
vt 0.204021875 0.6889859375
vt 0.1953125 0.6840609375
vt 0.0859375 0.4296875
vt 0.0546875 0.4296875
vt 0.0546875 0.4140625
vt 0.0859375 0.4140625
vt 0.46875 0.3984375
vt 0.484375 0.3984375
vt 0.484375 0.4296875
vt 0.46875 0.4296875
vt 0.5625 0.4296875
vt 0.578125 0.4296875
vt 0.578125 0.4609375
vt 0.5625 0.4609375
vt 0.5625 0.59375
vt 0.5625 0.5625
vt 0.578125 0.5625
vt 0.578125 0.59375
vt 0.6015625 0.6640625
vt 0.6015625 0.6796875
vt 0.5859375 0.6796875
vt 0.5859375 0.6640625
vt 0.6015625 0.65625
vt 0.5859375 0.65625
vt 0.5859375 0.640625
vt 0.6015625 0.640625
vt 0.1015625 0.7421875
vt 0.0703125 0.7421875
vt 0.0703125 0.7265625
vt 0.1015625 0.7265625
vt 0.265625 0.421875
vt 0.28125 0.421875
vt 0.28125 0.453125
vt 0.265625 0.453125
vt 0.390625 0.515625
vt 0.421875 0.515625
vt 0.421875 0.546875
vt 0.390625 0.546875
vt 0.4609375 0.8828125
vt 0.4609375 0.8515625
vt 0.4921875 0.8515625
vt 0.4921875 0.8828125
vt 0.3984375 0.421875
vt 0.3984375 0.4375
vt 0.3671875 0.4375
vt 0.3671875 0.421875
vt 0.59375 0.6171875
vt 0.5625 0.6171875
vt 0.5625 0.6015625
vt 0.59375 0.6015625
vt 0.53125 0.4453125
vt 0.5 0.4453125
vt 0.5 0.4296875
vt 0.53125 0.4296875
vt 0.1640625 0.4140625
vt 0.1796875 0.4140625
vt 0.1796875 0.4453125
vt 0.1640625 0.4453125
vt 0.390625 0.59375
vt 0.4375 0.59375
vt 0.4375 0.625
vt 0.390625 0.625
vt 0.21875 0.5859375
vt 0.21875 0.5546875
vt 0.265625 0.5546875
vt 0.265625 0.5859375
vt 0.546875 0.8671875
vt 0.546875 0.8828125
vt 0.5 0.8828125
vt 0.5 0.8671875
vt 0.5078125 0.5
vt 0.4609375 0.5
vt 0.4609375 0.484375
vt 0.5078125 0.484375
vt 0.5234375 0.90625
vt 0.4609375 0.90625
vt 0.4609375 0.890625
vt 0.5234375 0.890625
vt 0.2421875 0.484375
vt 0.2578125 0.484375
vt 0.2578125 0.546875
vt 0.2421875 0.546875
vt 0.3125 0.7734375
vt 0.359375 0.7734375
vt 0.359375 0.8359375
vt 0.3125 0.8359375
vt 0.3125 0.765625
vt 0.3125 0.703125
vt 0.359375 0.703125
vt 0.359375 0.765625
vt 0.046875 0.4765625
vt 0.046875 0.4921875
vt 0 0.4921875
vt 0 0.4765625
vt 0.5546875 0.6015625
vt 0.5078125 0.6015625
vt 0.5078125 0.5859375
vt 0.5546875 0.5859375
vt 0.484375 0.6484375
vt 0.390625 0.6484375
vt 0.390625 0.6328125
vt 0.484375 0.6328125
vt 0.296875 0.53125
vt 0.3125 0.53125
vt 0.3125 0.625
vt 0.296875 0.625
vt 0.1875 0.71875
vt 0.25 0.71875
vt 0.25 0.8125
vt 0.1875 0.8125
vt 0.1171875 0.8125
vt 0.1171875 0.71875
vt 0.1796875 0.71875
vt 0.1796875 0.8125
vt 0.5234375 0.828125
vt 0.5234375 0.84375
vt 0.4609375 0.84375
vt 0.4609375 0.828125
vt 0.5234375 0.8203125
vt 0.4609375 0.8203125
vt 0.4609375 0.8046875
vt 0.5234375 0.8046875
vt 0.5859375 0.703125
vt 0.5546875 0.703125
vt 0.5546875 0.6875
vt 0.5859375 0.6875
vt 0.1875 0.4140625
vt 0.203125 0.4140625
vt 0.203125 0.4453125
vt 0.1875 0.4453125
vt 0.5625 0.6484375
vt 0.578125 0.6484375
vt 0.578125 0.6796875
vt 0.5625 0.6796875
vt 0.5625 1
vt 0.5625 0.96875
vt 0.578125 0.96875
vt 0.578125 1
vt 0.3046875 0.3984375
vt 0.3046875 0.4140625
vt 0.2890625 0.4140625
vt 0.2890625 0.3984375
vt 0.328125 0.4140625
vt 0.3125 0.4140625
vt 0.3125 0.3984375
vt 0.328125 0.3984375
vt 0.1015625 0.453125
vt 0.0546875 0.453125
vt 0.0546875 0.4375
vt 0.1015625 0.4375
vt 0.21875 0.4140625
vt 0.234375 0.4140625
vt 0.234375 0.4609375
vt 0.21875 0.4609375
vt 0.421875 0.796875
vt 0.453125 0.796875
vt 0.453125 0.84375
vt 0.421875 0.84375
vt 0.421875 0.8984375
vt 0.421875 0.8515625
vt 0.453125 0.8515625
vt 0.453125 0.8984375
vt 0.5234375 0.40625
vt 0.5234375 0.421875
vt 0.4921875 0.421875
vt 0.4921875 0.40625
vt 0.59375 0.421875
vt 0.5625 0.421875
vt 0.5625 0.40625
vt 0.59375 0.40625
vt 0.5859375 0.484375
vt 0.5390625 0.484375
vt 0.5390625 0.46875
vt 0.5859375 0.46875
vt 0.5390625 0.4140625
vt 0.5546875 0.4140625
vt 0.5546875 0.4609375
vt 0.5390625 0.4609375
vt 0.3671875 0.734375
vt 0.4140625 0.734375
vt 0.4140625 0.78125
vt 0.3671875 0.78125
vt 0.3671875 0.7265625
vt 0.3671875 0.6796875
vt 0.4140625 0.6796875
vt 0.4140625 0.7265625
vt 0.5859375 0.4921875
vt 0.5859375 0.5078125
vt 0.5390625 0.5078125
vt 0.5390625 0.4921875
vt 0.578125 0.640625
vt 0.53125 0.640625
vt 0.53125 0.625
vt 0.578125 0.625
vt 0.5390625 0.9296875
vt 0.4609375 0.9296875
vt 0.4609375 0.9140625
vt 0.5390625 0.9140625
vt 0.21875 0.46875
vt 0.234375 0.46875
vt 0.234375 0.546875
vt 0.21875 0.546875
vt 0.0703125 0.6328125
vt 0.1171875 0.6328125
vt 0.1171875 0.7109375
vt 0.0703125 0.7109375
vt 0.359375 0.890625
vt 0.28125 0.890625
vt 0.28125 0.84375
vt 0.359375 0.84375
vt 0.5859375 0.515625
vt 0.5859375 0.53125
vt 0.5390625 0.53125
vt 0.5390625 0.515625
vt 0.4140625 0.4609375
vt 0.3671875 0.4609375
vt 0.3671875 0.4453125
vt 0.4140625 0.4453125
vt 0.484375 0.9765625
vt 0.375 0.9765625
vt 0.375 0.9609375
vt 0.484375 0.9609375
vt 0.09375 0.515625
vt 0.109375 0.515625
vt 0.109375 0.625
vt 0.09375 0.625
vt 0.140625 0.8203125
vt 0.203125 0.8203125
vt 0.203125 0.9296875
vt 0.140625 0.9296875
vt 0.109375 0.8125
vt 0 0.8125
vt 0 0.75
vt 0.109375 0.75
vt 0.546875 0.671875
vt 0.546875 0.6875
vt 0.484375 0.6875
vt 0.484375 0.671875
vt 0.53125 0.5234375
vt 0.46875 0.5234375
vt 0.46875 0.5078125
vt 0.53125 0.5078125
vt 0.59375 0.953125
vt 0.546875 0.953125
vt 0.546875 0.9375
vt 0.59375 0.9375
vt 0.421875 0.4140625
vt 0.4375 0.4140625
vt 0.4375 0.4609375
vt 0.421875 0.4609375
vt 0.1484375 0.453125
vt 0.1640625 0.453125
vt 0.1640625 0.5
vt 0.1484375 0.5
vt 0.171875 0.5
vt 0.171875 0.453125
vt 0.1875 0.453125
vt 0.1875 0.5
vt 0.3984375 0.3984375
vt 0.3984375 0.4140625
vt 0.3828125 0.4140625
vt 0.3828125 0.3984375
vt 0.375 0.4140625
vt 0.359375 0.4140625
vt 0.359375 0.3984375
vt 0.375 0.3984375
vt 0.5546875 0.578125
vt 0.5078125 0.578125
vt 0.5078125 0.5625
vt 0.5546875 0.5625
vt 0.515625 0.453125
vt 0.53125 0.453125
vt 0.53125 0.5
vt 0.515625 0.5
vt 0.390625 0.5859375
vt 0.390625 0.5546875
vt 0.4375 0.5546875
vt 0.4375 0.5859375
vt 0.21875 0.7109375
vt 0.21875 0.6640625
vt 0.25 0.6640625
vt 0.25 0.7109375
vt 0.6171875 0.9609375
vt 0.6171875 0.9765625
vt 0.5859375 0.9765625
vt 0.5859375 0.9609375
vt 0.6171875 1
vt 0.5859375 1
vt 0.5859375 0.984375
vt 0.6171875 0.984375
vt 0.4375 0.484375
vt 0.390625 0.484375
vt 0.390625 0.46875
vt 0.4375 0.46875
vt 0.34375 0.4375
vt 0.359375 0.4375
vt 0.359375 0.484375
vt 0.34375 0.484375
vt 0.3203125 1
vt 0.3203125 0.953125
vt 0.3671875 0.953125
vt 0.3671875 1
vt 0.3671875 0.9453125
vt 0.3671875 0.8984375
vt 0.4140625 0.8984375
vt 0.4140625 0.9453125
vt 0.59375 0.9140625
vt 0.59375 0.9296875
vt 0.546875 0.9296875
vt 0.546875 0.9140625
vt 0.59375 0.7890625
vt 0.546875 0.7890625
vt 0.546875 0.7734375
vt 0.59375 0.7734375
vt 0.5234375 0.625
vt 0.4453125 0.625
vt 0.4453125 0.609375
vt 0.5234375 0.609375
vt 0.34375 0.4921875
vt 0.359375 0.4921875
vt 0.359375 0.5703125
vt 0.34375 0.5703125
vt 0.234375 1
vt 0.234375 0.953125
vt 0.3125 0.953125
vt 0.3125 1
vt 0.2578125 0.828125
vt 0.2578125 0.75
vt 0.3046875 0.75
vt 0.3046875 0.828125
vt 0.59375 0.75
vt 0.59375 0.765625
vt 0.546875 0.765625
vt 0.546875 0.75
vt 0.59375 0.8125
vt 0.546875 0.8125
vt 0.546875 0.796875
vt 0.59375 0.796875
vt 0.4765625 0.671875
vt 0.3671875 0.671875
vt 0.3671875 0.65625
vt 0.4765625 0.65625
vt 0.3671875 0.5390625
vt 0.3828125 0.5390625
vt 0.3828125 0.6484375
vt 0.3671875 0.6484375
vt 0 1
vt 0 0.9375
vt 0.109375 0.9375
vt 0.109375 1
vt 0 0.9296875
vt 0 0.8203125
vt 0.0625 0.8203125
vt 0.0625 0.9296875
vt 0.5546875 0.9609375
vt 0.5546875 0.9765625
vt 0.4921875 0.9765625
vt 0.4921875 0.9609375
vt 0.5546875 1
vt 0.4921875 1
vt 0.4921875 0.984375
vt 0.5546875 0.984375
vt 0.5546875 0.5546875
vt 0.5078125 0.5546875
vt 0.5078125 0.5390625
vt 0.5546875 0.5390625
vt 0.1953125 0.453125
vt 0.2109375 0.453125
vt 0.2109375 0.5
vt 0.1953125 0.5
vt 0.296875 0.4765625
vt 0.3125 0.4765625
vt 0.3125 0.5234375
vt 0.296875 0.5234375
vt 0.0703125 0.5078125
vt 0.0703125 0.4609375
vt 0.0859375 0.4609375
vt 0.0859375 0.5078125
vt 0.6015625 0.578125
vt 0.6015625 0.59375
vt 0.5859375 0.59375
vt 0.5859375 0.578125
vt 0.6015625 0.4609375
vt 0.5859375 0.4609375
vt 0.5859375 0.4453125
vt 0.6015625 0.4453125
vt 0.578125 0.859375
vt 0.53125 0.859375
vt 0.53125 0.84375
vt 0.578125 0.84375
vt 0.2890625 0.421875
vt 0.3046875 0.421875
vt 0.3046875 0.46875
vt 0.2890625 0.46875
vt 0.3203125 0.578125
vt 0.3515625 0.578125
vt 0.3515625 0.625
vt 0.3203125 0.625
vt 0.421875 0.953125
vt 0.421875 0.90625
vt 0.453125 0.90625
vt 0.453125 0.953125
vt 0.6171875 0.84375
vt 0.6171875 0.859375
vt 0.5859375 0.859375
vt 0.5859375 0.84375
vt 0.6171875 0.90625
vt 0.5859375 0.90625
vt 0.5859375 0.890625
vt 0.6171875 0.890625
vt 0.578125 0.90625
vt 0.53125 0.90625
vt 0.53125 0.890625
vt 0.578125 0.890625
vt 0.2421875 0.4296875
vt 0.2578125 0.4296875
vt 0.2578125 0.4765625
vt 0.2421875 0.4765625
vt 0.3671875 0.7890625
vt 0.4140625 0.7890625
vt 0.4140625 0.8359375
vt 0.3671875 0.8359375
vt 0.3671875 0.890625
vt 0.3671875 0.84375
vt 0.4140625 0.84375
vt 0.4140625 0.890625
vt 0.6015625 0.8671875
vt 0.6015625 0.8828125
vt 0.5546875 0.8828125
vt 0.5546875 0.8671875
vt 0.15625 0.4453125
vt 0.109375 0.4453125
vt 0.109375 0.4296875
vt 0.15625 0.4296875
vt 0.5390625 0.953125
vt 0.4609375 0.953125
vt 0.4609375 0.9375
vt 0.5390625 0.9375
vt 0.4453125 0.5234375
vt 0.4609375 0.5234375
vt 0.4609375 0.6015625
vt 0.4453125 0.6015625
vt 0.2578125 0.6640625
vt 0.3046875 0.6640625
vt 0.3046875 0.7421875
vt 0.2578125 0.7421875
vt 0.359375 0.9453125
vt 0.28125 0.9453125
vt 0.28125 0.8984375
vt 0.359375 0.8984375
vt 0.046875 0.4296875
vt 0.046875 0.4453125
vt 0 0.4453125
vt 0 0.4296875
vt 0.4921875 0.453125
vt 0.4453125 0.453125
vt 0.4453125 0.4375
vt 0.4921875 0.4375
vt 0.484375 1
vt 0.375 1
vt 0.375 0.984375
vt 0.484375 0.984375
vt 0.0703125 0.515625
vt 0.0859375 0.515625
vt 0.0859375 0.625
vt 0.0703125 0.625
vt 0.0703125 0.8203125
vt 0.1328125 0.8203125
vt 0.1328125 0.9296875
vt 0.0703125 0.9296875
vt 0.2265625 1
vt 0.1171875 1
vt 0.1171875 0.9375
vt 0.2265625 0.9375
vt 0.453125 0.4921875
vt 0.453125 0.5078125
vt 0.390625 0.5078125
vt 0.390625 0.4921875
vt 0.5546875 0.6640625
vt 0.4921875 0.6640625
vt 0.4921875 0.6484375
vt 0.5546875 0.6484375
vt 0.578125 0.8359375
vt 0.53125 0.8359375
vt 0.53125 0.8203125
vt 0.578125 0.8203125
vt 0.3125 0.421875
vt 0.328125 0.421875
vt 0.328125 0.46875
vt 0.3125 0.46875
vt 0.265625 0.4609375
vt 0.28125 0.4609375
vt 0.28125 0.5078125
vt 0.265625 0.5078125
vt 0.140625 0.5
vt 0.09375 0.5
vt 0.09375 0.484375
vt 0.140625 0.484375
vt 0.0546875 0.390625
vt 0.0546875 0.40625
vt 0.0390625 0.40625
vt 0.0390625 0.390625
vt 0.078125 0.40625
vt 0.0625 0.40625
vt 0.0625 0.390625
vt 0.078125 0.390625
vt 0.59375 0.5546875
vt 0.5625 0.5546875
vt 0.5625 0.5390625
vt 0.59375 0.5390625
vt 0.4453125 0.3984375
vt 0.4609375 0.3984375
vt 0.4609375 0.4296875
vt 0.4453125 0.4296875
vt 0.46875 0.5703125
vt 0.5 0.5703125
vt 0.5 0.6015625
vt 0.46875 0.6015625
vt 0.46875 0.5625
vt 0.46875 0.53125
vt 0.5 0.53125
vt 0.5 0.5625
vt 0.125 0.40625
vt 0.125 0.421875
vt 0.09375 0.421875
vt 0.09375 0.40625
vt 0.609375 0.7421875
vt 0.578125 0.7421875
vt 0.578125 0.7265625
vt 0.609375 0.7265625
vt 0.03125 0.421875
vt 0 0.421875
vt 0 0.40625
vt 0.03125 0.40625
vt 0.3359375 0.3984375
vt 0.3515625 0.3984375
vt 0.3515625 0.4296875
vt 0.3359375 0.4296875
vt 0.421875 0.71875
vt 0.46875 0.71875
vt 0.46875 0.75
vt 0.421875 0.75
vt 0.421875 0.7890625
vt 0.421875 0.7578125
vt 0.46875 0.7578125
vt 0.46875 0.7890625
vt 0.5703125 0.7109375
vt 0.5703125 0.7265625
vt 0.5234375 0.7265625
vt 0.5234375 0.7109375
vt 0.046875 0.46875
vt 0 0.46875
vt 0 0.453125
vt 0.046875 0.453125
vt 0.5390625 0.796875
vt 0.4765625 0.796875
vt 0.4765625 0.78125
vt 0.5390625 0.78125
vt 0.3671875 0.46875
vt 0.3828125 0.46875
vt 0.3828125 0.53125
vt 0.3671875 0.53125
vt 0.21875 0.59375
vt 0.265625 0.59375
vt 0.265625 0.65625
vt 0.21875 0.65625
vt 0.3125 0.6953125
vt 0.3125 0.6328125
vt 0.359375 0.6328125
vt 0.359375 0.6953125
vt 0.140625 0.4609375
vt 0.140625 0.4765625
vt 0.09375 0.4765625
vt 0.09375 0.4609375
vt 0.4921875 0.4765625
vt 0.4453125 0.4765625
vt 0.4453125 0.4609375
vt 0.4921875 0.4609375
vt 0.515625 0.7109375
vt 0.421875 0.7109375
vt 0.421875 0.6953125
vt 0.515625 0.6953125
vt 0.3203125 0.4765625
vt 0.3359375 0.4765625
vt 0.3359375 0.5703125
vt 0.3203125 0.5703125
vt 0 0.6484375
vt 0.0625 0.6484375
vt 0.0625 0.7421875
vt 0 0.7421875
vt 0.2109375 0.9296875
vt 0.2109375 0.8359375
vt 0.2734375 0.8359375
vt 0.2734375 0.9296875
vt 0.5390625 0.7578125
vt 0.5390625 0.7734375
vt 0.4765625 0.7734375
vt 0.4765625 0.7578125
vt 0.5390625 0.75
vt 0.4765625 0.75
vt 0.4765625 0.734375
vt 0.5390625 0.734375
vn 0 1 0
vn 0 -1 0
vn 0 0 -1
vn 1 0 0
vn 1 0 0
vn -1 0 0
vn -1 0 0
vn 0 0 1
vn 0 0 1
vn 0 0 1
vn 0 0 1
vn 0 1 0
vn 0 -1 0
vn 0 0 -1
vn 1 0 0
vn 1 0 0
vn -1 0 0
vn -1 0 0
vn 0 0 1
vn 0 0 1
vn 0 0 1
vn 0 0 1
vn 0.382682886816355 2.9536413292952297e-7 -0.9238797584847357
vn -0.3826828868163631 -2.9536414464931186e-7 0.9238797584847325
vn 0.16042984505906283 0.9848077682942137 0.06645242148857777
vn -0.1604298450590562 -0.9848077682942145 -0.06645242148858366
vn 0.9098439827532139 -0.17364809099809111 0.37686903234477676
vn -0.9098439827532115 0.17364809099809517 -0.3768690323447803
vn 0.9961947337899426 -3.9177070620955e-7 -0.08715533471355694
vn -0.9961947337899432 3.9177070681670333e-7 0.08715533471354989
vn 0.007596474275083551 0.9961947005521307 0.08682402991360638
vn -0.0075964742750838 -0.9961947005521306 -0.08682402991360917
vn 0.08682364855138038 -0.0871557146244361 0.992403917495558
vn -0.08682364855138071 0.08715571462445322 -0.9924039174955565
vn 0.9961947337899418 -3.9177072092000657e-7 -0.08715533471356526
vn -0.9961947337899427 3.9177070502039516e-7 0.08715533471355622
vn 0.0075964742750851445 0.9961947005521307 0.08682402991360796
vn -0.007596474275084467 -0.9961947005521304 -0.08682402991360928
vn 0.08682364855139021 -0.0871557146244236 0.9924039174955582
vn -0.08682364855138572 0.08715571462443551 -0.9924039174955577
vn 0.9961947337899423 -3.917707187550681e-7 -0.08715533471356124
vn -0.9961947337899425 3.9177071909594277e-7 0.08715533471355773
vn 0.007596474275083123 0.9961947005521306 0.08682402991360785
vn -0.007596474275084341 -0.9961947005521304 -0.08682402991360831
vn 0.08682364855138072 -0.08715571462445137 0.9924039174955566
vn -0.08682364855138103 0.08715571462446571 -0.9924039174955553
vn 0.9961947337899426 -3.9177070743079624e-7 -0.0871553347135568
vn -0.9961947337899424 3.91770717684165e-7 0.08715533471355963
vn 0.007596474275084407 0.9961947005521306 0.08682402991360846
vn -0.007596474275083373 -0.9961947005521306 -0.0868240299136075
vn 0.08682364855138813 -0.08715571462442236 0.9924039174955586
vn -0.08682364855138056 0.0871557146244526 -0.9924039174955565
vn 0.9961947337899425 -3.9177072036489347e-7 -0.08715533471355752
vn -0.9961947337899412 3.9177073440574655e-7 0.08715533471357352
vn 0.007596474275085522 0.9961947005521306 0.08682402991360737
vn -0.007596474275083106 -0.9961947005521306 -0.08682402991360756
vn 0.08682364855138143 -0.08715571462443794 0.9924039174955578
vn -0.08682364855139273 0.08715571462443794 -0.9924039174955569
vn 0.46174810332886096 3.5989422257169096e-7 0.8870110986183152
vn -0.46174810332885624 -3.598942095358213e-7 -0.8870110986183176
vn -0.07730824250919247 0.9961947014614222 0.040243663107723676
vn 0.07730824250919242 -0.9961947014614222 -0.04024366310772333
vn -0.8836357420975786 -0.08715570423131495 0.4599910417688645
vn 0.8836357420975794 0.0871557042313215 -0.4599910417688615
vn 0.46174810332885996 3.5989420998916523e-7 0.8870110986183154
vn -0.4617481033288642 -3.5989420426689064e-7 -0.8870110986183134
vn -0.0773082425091928 0.9961947014614222 0.040243663107724266
vn 0.07730824250919265 -0.9961947014614222 -0.040243663107724884
vn -0.8836357420975762 -0.08715570423132145 0.4599910417688681
vn 0.8836357420975777 0.08715570423131548 -0.45999104176886624
vn 0.46174810332886457 3.598941848537145e-7 0.8870110986183133
vn -0.4617481033288642 -3.5989420374416093e-7 -0.8870110986183133
vn -0.07730824250919192 0.9961947014614222 0.0402436631077241
vn 0.07730824250919044 -0.9961947014614224 -0.040243663107724176
vn -0.8836357420975801 -0.0871557042313348 0.4599910417688581
vn 0.8836357420975786 0.08715570423132754 -0.4599910417688621
vn 0.46174810332886324 3.5989421677738394e-7 0.887011098618314
vn -0.4617481033288579 -3.5989422236815264e-7 -0.8870110986183165
vn -0.07730824250919095 0.9961947014614224 0.04024366310772389
vn 0.07730824250919115 -0.9961947014614223 -0.04024366310772546
vn -0.8836357420975772 -0.08715570423133397 0.4599910417688638
vn 0.8836357420975773 0.08715570423130276 -0.45999104176886924
vn 0.46174810332886324 3.5989421679853075e-7 0.8870110986183137
vn -0.4617481033288603 -3.5989420388293674e-7 -0.8870110986183153
vn -0.07730824250919208 0.9961947014614224 0.04024366310772011
vn 0.07730824250918952 -0.9961947014614221 -0.040243663107730074
vn -0.8836357420975741 -0.08715570423133365 0.45999104176886957
vn 0.883635742097586 0.08715570423133479 -0.4599910417688464
vn -0.887010480868 -0.0000011294069793462333 0.4617492900146613
vn 0.8870104808679962 0.0000011294070043910147 -0.46174929001466897
vn -0.040244781312513994 0.996194758533589 -0.07730692496350305
vn 0.040244781312513314 -0.9961947585335887 0.0773069249635038
vn -0.45999213515822746 -0.08715505188416724 -0.883635237257797
vn 0.4599921351582306 0.0871550518841547 0.8836352372577966
vn -0.8870104808679978 -0.0000011294069854154476 0.4617492900146655
vn 0.8870104808679954 0.000001129406998183028 -0.4617492900146704
vn -0.04024478131251164 0.9961947585335889 -0.07730692496350407
vn 0.04024478131251387 -0.9961947585335889 0.0773069249635042
vn -0.4599921351582262 -0.08715505188415441 -0.8836352372577989
vn 0.4599921351582335 0.08715505188415468 0.8836352372577951
vn -0.8870104808680004 -0.000001129406979671894 0.46174929001466103
vn 0.8870104808680016 0.0000011294069603762143 -0.46174929001465825
vn -0.04024478131251377 0.9961947585335889 -0.0773069249635044
vn 0.04024478131251332 -0.9961947585335887 0.07730692496350394
vn -0.4599921351582312 -0.08715505188416692 -0.8836352372577952
vn 0.45999213515822784 0.08715505188416064 0.8836352372577975
vn -0.8870104808679995 -0.0000011294069923094081 0.46174929001466264
vn 0.8870104808679976 0.0000011294069980706727 -0.4617492900146663
vn -0.04024478131251369 0.996194758533589 -0.07730692496350287
vn 0.04024478131251458 -0.9961947585335887 0.07730692496350355
vn -0.4599921351582355 -0.0871550518841419 -0.8836352372577954
vn 0.45999213515823256 0.08715505188414252 0.8836352372577968
vn -0.8870104808680018 -0.0000011294069861556009 0.46174929001465803
vn 0.8870104808679994 0.000001129406998913926 -0.4617492900146631
vn -0.040244781312513654 0.9961947585335886 -0.07730692496350473
vn 0.040244781312515375 -0.9961947585335889 0.07730692496350326
vn -0.4599921351582171 -0.08715505188415441 -0.8836352372578037
vn 0.45999213515823856 0.08715505188417345 0.8836352372577907
vn -0.8660253835909866 9.944745187340204e-7 -0.5000000349750942
vn 0.8660253835909886 -9.944745199830234e-7 0.5000000349750909
vn 0.04357849033231708 0.9961947404448751 -0.07547817095242859
vn -0.043578490332318906 -0.9961947404448753 0.07547817095242607
vn 0.49809733000332596 -0.08715525864214976 -0.8627299755627933
vn -0.49809733000331763 0.08715525864211254 0.862729975562802
vn -0.8660253835909879 9.944745128128306e-7 -0.5000000349750923
vn 0.8660253835909868 -9.944745125491552e-7 0.500000034975094
vn 0.043578490332318996 0.9961947404448751 -0.07547817095242812
vn -0.04357849033231806 -0.9961947404448751 0.07547817095242884
vn 0.49809733000332723 -0.08715525864214561 -0.8627299755627931
vn -0.49809733000332845 0.08715525864214052 0.8627299755627929
vn -0.8660253835909852 9.94474531879064e-7 -0.500000034975097
vn 0.8660253835909875 -9.9447451978319e-7 0.500000034975093
vn 0.04357849033231746 0.9961947404448753 -0.07547817095242783
vn -0.043578490332317525 -0.9961947404448751 0.07547817095242833
vn 0.4980973300033275 -0.08715525864214077 -0.8627299755627933
vn -0.4980973300033209 0.08715525864211444 0.8627299755627997
vn -0.8660253835909837 9.944745380201818e-7 -0.5000000349750995
vn 0.8660253835909852 -9.944745317474166e-7 0.5000000349750968
vn 0.043578490332317775 0.9961947404448752 -0.07547817095242766
vn -0.04357849033231935 -0.9961947404448752 0.07547817095242701
vn 0.498097330003328 -0.0871552586421443 -0.8627299755627927
vn -0.4980973300033264 0.08715525864212664 0.8627299755627954
vn -0.866025383590986 9.94474531908666e-7 -0.5000000349750955
vn 0.8660253835909865 -9.944745248356174e-7 0.5000000349750946
vn 0.04357849033231823 0.9961947404448751 -0.07547817095242845
vn -0.043578490332316054 -0.9961947404448751 0.0754781709524296
vn 0.49809733000331935 -0.08715525864214045 -0.862729975562798
vn -0.49809733000333256 0.08715525864214393 0.86272997556279
vn 0.38268288681635326 2.9536413048703004e-7 -0.9238797584847365
vn -0.3826828868163585 -2.953641400002503e-7 0.9238797584847342
vn 0.16042984505905922 0.9848077682942141 0.06645242148858059
vn -0.1604298450590593 -0.9848077682942139 -0.06645242148858174
vn 0.9098439827532121 -0.17364809099809686 0.3768690323447782
vn -0.9098439827532095 0.17364809099809048 -0.37686903234478714
vn 0.38268288681636475 2.9536414714037594e-7 -0.9238797584847319
vn -0.38268288681636015 -2.9536413462954864e-7 0.9238797584847337
vn 0.16042984505905994 0.984807768294214 0.0664524214885806
vn -0.1604298450590589 -0.9848077682942142 -0.06645242148857985
vn 0.9098439827532114 -0.1736480909980888 0.37686903234478386
vn -0.9098439827532075 0.17364809099810266 -0.37686903234478675
vn 0.38268288681635165 2.953641202729799e-7 -0.9238797584847371
vn -0.3826828868163528 -2.9536412773922774e-7 0.9238797584847366
vn 0.16042984505905958 0.984807768294214 0.06645242148857963
vn -0.1604298450590583 -0.9848077682942141 -0.06645242148858152
vn 0.9098439827532133 -0.17364809099808584 0.37686903234478003
vn -0.9098439827532118 0.1736480909980963 -0.37686903234477936
vn 0.38268288681635626 2.953641325594468e-7 -0.9238797584847354
vn -0.3826828868163556 -2.953641272026193e-7 0.9238797584847355
vn 0.16042984505905908 0.9848077682942141 0.06645242148858108
vn -0.1604298450590582 -0.984807768294214 -0.06645242148858228
vn 0.909843982753212 -0.1736480909980905 0.3768690323447814
vn -0.9098439827532109 0.17364809099810116 -0.3768690323447792
usemtl m_d63b48de-5995-e43b-dcc1-461060c57ade
f 913/2757/698 909/2758/698 910/2759/698 914/2760/698
f 912/2761/699 911/2762/699 915/2763/699 916/2764/699
f 914/2765/700 910/2766/700 912/2767/700 916/2768/700
f 910/2769/701 909/2770/701 917/2771/701 912/2772/701
f 917/2773/702 911/2774/702 912/2775/702
f 916/2776/703 915/2777/703 918/2778/703 914/2779/703
f 918/2780/704 913/2781/704 914/2782/704
f 911/2783/705 917/2784/705 918/2785/705 915/2786/705
f 919/2787/706 917/2788/706 909/2789/706 913/2790/706
f 913/2791/707 918/2792/707 919/2793/707
f 917/2794/708 919/2795/708 918/2796/708
f 924/2797/709 920/2798/709 921/2799/709 925/2800/709
f 923/2801/710 922/2802/710 926/2803/710 927/2804/710
f 925/2805/711 921/2806/711 923/2807/711 927/2808/711
f 921/2809/712 920/2810/712 928/2811/712 923/2812/712
f 928/2813/713 922/2814/713 923/2815/713
f 927/2816/714 926/2817/714 929/2818/714 925/2819/714
f 929/2820/715 924/2821/715 925/2822/715
f 922/2823/716 928/2824/716 929/2825/716 926/2826/716
f 930/2827/717 928/2828/717 920/2829/717 924/2830/717
f 924/2831/718 929/2832/718 930/2833/718
f 928/2834/719 930/2835/719 929/2836/719
f 932/2837/720 931/2838/720 933/2839/720 934/2840/720
f 937/2841/721 935/2842/721 936/2843/721 938/2844/721
f 935/2845/722 931/2846/722 932/2847/722 936/2848/722
f 934/2849/723 933/2850/723 937/2851/723 938/2852/723
f 933/2853/724 931/2854/724 935/2855/724 937/2856/724
f 936/2857/725 932/2858/725 934/2859/725 938/2860/725
f 940/2861/726 939/2862/726 941/2863/726 942/2864/726
f 945/2865/727 943/2866/727 944/2867/727 946/2868/727
f 943/2869/728 939/2870/728 940/2871/728 944/2872/728
f 942/2873/729 941/2874/729 945/2875/729 946/2876/729
f 941/2877/730 939/2878/730 943/2879/730 945/2880/730
f 944/2881/731 940/2882/731 942/2883/731 946/2884/731
f 948/2885/732 947/2886/732 949/2887/732 950/2888/732
f 953/2889/733 951/2890/733 952/2891/733 954/2892/733
f 951/2893/734 947/2894/734 948/2895/734 952/2896/734
f 950/2897/735 949/2898/735 953/2899/735 954/2900/735
f 949/2901/736 947/2902/736 951/2903/736 953/2904/736
f 952/2905/737 948/2906/737 950/2907/737 954/2908/737
f 956/2909/738 955/2910/738 957/2911/738 958/2912/738
f 961/2913/739 959/2914/739 960/2915/739 962/2916/739
f 959/2917/740 955/2918/740 956/2919/740 960/2920/740
f 958/2921/741 957/2922/741 961/2923/741 962/2924/741
f 957/2925/742 955/2926/742 959/2927/742 961/2928/742
f 960/2929/743 956/2930/743 958/2931/743 962/2932/743
f 964/2933/744 963/2934/744 965/2935/744 966/2936/744
f 969/2937/745 967/2938/745 968/2939/745 970/2940/745
f 967/2941/746 963/2942/746 964/2943/746 968/2944/746
f 966/2945/747 965/2946/747 969/2947/747 970/2948/747
f 965/2949/748 963/2950/748 967/2951/748 969/2952/748
f 968/2953/749 964/2954/749 966/2955/749 970/2956/749
f 972/2957/750 971/2958/750 973/2959/750 974/2960/750
f 977/2961/751 975/2962/751 976/2963/751 978/2964/751
f 975/2965/752 971/2966/752 972/2967/752 976/2968/752
f 974/2969/753 973/2970/753 977/2971/753 978/2972/753
f 973/2973/754 971/2974/754 975/2975/754 977/2976/754
f 976/2977/755 972/2978/755 974/2979/755 978/2980/755
f 980/2981/756 979/2982/756 981/2983/756 982/2984/756
f 985/2985/757 983/2986/757 984/2987/757 986/2988/757
f 983/2989/758 979/2990/758 980/2991/758 984/2992/758
f 982/2993/759 981/2994/759 985/2995/759 986/2996/759
f 981/2997/760 979/2998/760 983/2999/760 985/3000/760
f 984/3001/761 980/3002/761 982/3003/761 986/3004/761
f 988/3005/762 987/3006/762 989/3007/762 990/3008/762
f 993/3009/763 991/3010/763 992/3011/763 994/3012/763
f 991/3013/764 987/3014/764 988/3015/764 992/3016/764
f 990/3017/765 989/3018/765 993/3019/765 994/3020/765
f 989/3021/766 987/3022/766 991/3023/766 993/3024/766
f 992/3025/767 988/3026/767 990/3027/767 994/3028/767
f 996/3029/768 995/3030/768 997/3031/768 998/3032/768
f 1001/3033/769 999/3034/769 1000/3035/769 1002/3036/769
f 999/3037/770 995/3038/770 996/3039/770 1000/3040/770
f 998/3041/771 997/3042/771 1001/3043/771 1002/3044/771
f 997/3045/772 995/3046/772 999/3047/772 1001/3048/772
f 1000/3049/773 996/3050/773 998/3051/773 1002/3052/773
f 1004/3053/774 1003/3054/774 1005/3055/774 1006/3056/774
f 1009/3057/775 1007/3058/775 1008/3059/775 1010/3060/775
f 1007/3061/776 1003/3062/776 1004/3063/776 1008/3064/776
f 1006/3065/777 1005/3066/777 1009/3067/777 1010/3068/777
f 1005/3069/778 1003/3070/778 1007/3071/778 1009/3072/778
f 1008/3073/779 1004/3074/779 1006/3075/779 1010/3076/779
f 1012/3077/780 1011/3078/780 1013/3079/780 1014/3080/780
f 1017/3081/781 1015/3082/781 1016/3083/781 1018/3084/781
f 1015/3085/782 1011/3086/782 1012/3087/782 1016/3088/782
f 1014/3089/783 1013/3090/783 1017/3091/783 1018/3092/783
f 1013/3093/784 1011/3094/784 1015/3095/784 1017/3096/784
f 1016/3097/785 1012/3098/785 1014/3099/785 1018/3100/785
f 1020/3101/786 1019/3102/786 1021/3103/786 1022/3104/786
f 1025/3105/787 1023/3106/787 1024/3107/787 1026/3108/787
f 1023/3109/788 1019/3110/788 1020/3111/788 1024/3112/788
f 1022/3113/789 1021/3114/789 1025/3115/789 1026/3116/789
f 1021/3117/790 1019/3118/790 1023/3119/790 1025/3120/790
f 1024/3121/791 1020/3122/791 1022/3123/791 1026/3124/791
f 1028/3125/792 1027/3126/792 1029/3127/792 1030/3128/792
f 1033/3129/793 1031/3130/793 1032/3131/793 1034/3132/793
f 1031/3133/794 1027/3134/794 1028/3135/794 1032/3136/794
f 1030/3137/795 1029/3138/795 1033/3139/795 1034/3140/795
f 1029/3141/796 1027/3142/796 1031/3143/796 1033/3144/796
f 1032/3145/797 1028/3146/797 1030/3147/797 1034/3148/797
f 1036/3149/798 1035/3150/798 1037/3151/798 1038/3152/798
f 1041/3153/799 1039/3154/799 1040/3155/799 1042/3156/799
f 1039/3157/800 1035/3158/800 1036/3159/800 1040/3160/800
f 1038/3161/801 1037/3162/801 1041/3163/801 1042/3164/801
f 1037/3165/802 1035/3166/802 1039/3167/802 1041/3168/802
f 1040/3169/803 1036/3170/803 1038/3171/803 1042/3172/803
f 1044/3173/804 1043/3174/804 1045/3175/804 1046/3176/804
f 1049/3177/805 1047/3178/805 1048/3179/805 1050/3180/805
f 1047/3181/806 1043/3182/806 1044/3183/806 1048/3184/806
f 1046/3185/807 1045/3186/807 1049/3187/807 1050/3188/807
f 1045/3189/808 1043/3190/808 1047/3191/808 1049/3192/808
f 1048/3193/809 1044/3194/809 1046/3195/809 1050/3196/809
f 1052/3197/810 1051/3198/810 1053/3199/810 1054/3200/810
f 1057/3201/811 1055/3202/811 1056/3203/811 1058/3204/811
f 1055/3205/812 1051/3206/812 1052/3207/812 1056/3208/812
f 1054/3209/813 1053/3210/813 1057/3211/813 1058/3212/813
f 1053/3213/814 1051/3214/814 1055/3215/814 1057/3216/814
f 1056/3217/815 1052/3218/815 1054/3219/815 1058/3220/815
f 1060/3221/816 1059/3222/816 1061/3223/816 1062/3224/816
f 1065/3225/817 1063/3226/817 1064/3227/817 1066/3228/817
f 1063/3229/818 1059/3230/818 1060/3231/818 1064/3232/818
f 1062/3233/819 1061/3234/819 1065/3235/819 1066/3236/819
f 1061/3237/820 1059/3238/820 1063/3239/820 1065/3240/820
f 1064/3241/821 1060/3242/821 1062/3243/821 1066/3244/821
f 1068/3245/822 1067/3246/822 1069/3247/822 1070/3248/822
f 1073/3249/823 1071/3250/823 1072/3251/823 1074/3252/823
f 1071/3253/824 1067/3254/824 1068/3255/824 1072/3256/824
f 1070/3257/825 1069/3258/825 1073/3259/825 1074/3260/825
f 1069/3261/826 1067/3262/826 1071/3263/826 1073/3264/826
f 1072/3265/827 1068/3266/827 1070/3267/827 1074/3268/827
f 1076/3269/828 1075/3270/828 1077/3271/828 1078/3272/828
f 1081/3273/829 1079/3274/829 1080/3275/829 1082/3276/829
f 1079/3277/830 1075/3278/830 1076/3279/830 1080/3280/830
f 1078/3281/831 1077/3282/831 1081/3283/831 1082/3284/831
f 1077/3285/832 1075/3286/832 1079/3287/832 1081/3288/832
f 1080/3289/833 1076/3290/833 1078/3291/833 1082/3292/833
f 1084/3293/834 1083/3294/834 1085/3295/834 1086/3296/834
f 1089/3297/835 1087/3298/835 1088/3299/835 1090/3300/835
f 1087/3301/836 1083/3302/836 1084/3303/836 1088/3304/836
f 1086/3305/837 1085/3306/837 1089/3307/837 1090/3308/837
f 1085/3309/838 1083/3310/838 1087/3311/838 1089/3312/838
f 1088/3313/839 1084/3314/839 1086/3315/839 1090/3316/839
f 1092/3317/840 1091/3318/840 1093/3319/840 1094/3320/840
f 1097/3321/841 1095/3322/841 1096/3323/841 1098/3324/841
f 1095/3325/842 1091/3326/842 1092/3327/842 1096/3328/842
f 1094/3329/843 1093/3330/843 1097/3331/843 1098/3332/843
f 1093/3333/844 1091/3334/844 1095/3335/844 1097/3336/844
f 1096/3337/845 1092/3338/845 1094/3339/845 1098/3340/845
f 1100/3341/846 1099/3342/846 1101/3343/846 1102/3344/846
f 1105/3345/847 1103/3346/847 1104/3347/847 1106/3348/847
f 1103/3349/848 1099/3350/848 1100/3351/848 1104/3352/848
f 1102/3353/849 1101/3354/849 1105/3355/849 1106/3356/849
f 1101/3357/850 1099/3358/850 1103/3359/850 1105/3360/850
f 1104/3361/851 1100/3362/851 1102/3363/851 1106/3364/851
f 1108/3365/852 1107/3366/852 1109/3367/852 1110/3368/852
f 1113/3369/853 1111/3370/853 1112/3371/853 1114/3372/853
f 1111/3373/854 1107/3374/854 1108/3375/854 1112/3376/854
f 1110/3377/855 1109/3378/855 1113/3379/855 1114/3380/855
f 1109/3381/856 1107/3382/856 1111/3383/856 1113/3384/856
f 1112/3385/857 1108/3386/857 1110/3387/857 1114/3388/857
f 1116/3389/858 1115/3390/858 1117/3391/858 1118/3392/858
f 1121/3393/859 1119/3394/859 1120/3395/859 1122/3396/859
f 1119/3397/860 1115/3398/860 1116/3399/860 1120/3400/860
f 1118/3401/861 1117/3402/861 1121/3403/861 1122/3404/861
f 1117/3405/862 1115/3406/862 1119/3407/862 1121/3408/862
f 1120/3409/863 1116/3410/863 1118/3411/863 1122/3412/863
f 1124/3413/864 1123/3414/864 1125/3415/864 1126/3416/864
f 1129/3417/865 1127/3418/865 1128/3419/865 1130/3420/865
f 1127/3421/866 1123/3422/866 1124/3423/866 1128/3424/866
f 1126/3425/867 1125/3426/867 1129/3427/867 1130/3428/867
f 1125/3429/868 1123/3430/868 1127/3431/868 1129/3432/868
f 1128/3433/869 1124/3434/869 1126/3435/869 1130/3436/869
o palmera
v -17.50869258317789 3.5544474618614426 7.054876809150383
v -17.632623190849618 3.5544474618614426 7.07119258317789
v -17.50869258317789 2.084684263920824 7.054876809150383
v -17.632623190849618 2.084684263920824 7.07119258317789
v -17.492376809150382 3.5544474618614426 7.17880741682211
v -17.61630741682211 3.5544474618614426 7.195123190849617
v -17.492376809150382 2.084684263920824 7.17880741682211
v -17.61630741682211 2.084684263920824 7.195123190849617
v -17.50869258317789 3.3834790945770017 7.054876809150383
v -17.492376809150382 3.359973461264725 7.17880741682211
v -17.50147156377961 3.3956128198444073 7.1097258969429395
v -17.492376809150382 2.2479912859142264 7.17880741682211
v -17.61630741682211 2.2479912859142264 7.195123190849617
v -17.492376809150382 0.125 7.17880741682211
v -17.61630741682211 0.125 7.195123190849617
v -17.47606103512288 2.2479912859142264 7.302738024493836
v -17.599991642794603 2.2479912859142264 7.319053798521343
v -17.47606103512288 0.125 7.302738024493836
v -17.599991642794603 0.125 7.319053798521343
v -17.492376809150382 2.0010369776144783 7.17880741682211
v -17.47606103512288 1.9670843961634124 7.302738024493836
v -17.485155789752103 2.0185634696673977 7.233656504614666
v -17.38066857521613 3.1837549003163543 6.010804675534456
v -17.44439017395264 3.2404708055478313 6.248617530811998
v -17.386286527093215 3.022928876440259 6.031771066413894
v -17.45000812582973 3.0796447816717345 6.269583921691437
v -17.25992782782602 3.183754852081318 6.043156984875153
v -17.323649426562532 3.2404707573127935 6.280969840152696
v -17.265545779703107 3.022928828205221 6.0641233757545905
v -17.329267378439617 3.0796447334366976 6.301936231032134
v -16.759678309530628 3.3435161511779454 6.855640678234417
v -17.002823560572665 3.3719824315879947 6.909544569408655
v -16.77031452196065 3.1808305613051675 6.857998715159718
v -17.013459773002687 3.2092968417152177 6.911902606333959
v -16.705568506017045 3.3435162791357627 7.099714702177385
v -16.94871375705908 3.3719825595458124 7.15361859335162
v -16.716204718447067 3.1808306892629847 7.102072739102685
v -16.9593499694891 3.2092969696730353 7.155976630276925
v -16.88946026093902 3.439092058721723 6.820395174524397
v -17.132605511981055 3.467558339131773 6.8742990656986365
v -16.900096473369043 3.2764064688489456 6.822753211449699
v -17.14324172441108 3.3048727492589958 6.876657102623935
v -16.80829555566864 3.439092250658449 7.186506210438847
v -17.051440806710676 3.467558531068499 7.240410101613084
v -16.818931768098665 3.2764066607856717 7.1888642473641475
v -17.062077019140702 3.304872941195721 7.242768138538385
v -17.299010056894428 3.732936454313012 6.911190234988595
v -17.7853005589785 3.789869015133111 7.018998017337071
v -17.309646269324453 3.570250864440234 6.913548271913897
v -17.795936771408524 3.627183425260334 7.021356054262374
v -17.21784535162405 3.7329366462497378 7.277301270903045
v -17.704135853708124 3.7898692070698363 7.38510905325152
v -17.228481564054075 3.57025105637696 7.279659307828347
v -17.71477206613815 3.6271836171970597 7.387467090176822
v -17.019242187820634 3.5346679754509385 6.785149778605681
v -17.748677940946738 3.6200668166810877 6.946861452128393
v -17.029878400250652 3.3719823855781614 6.787507815530981
v -17.759314153376764 3.4573812268083097 6.9492194890536965
v -16.91102258079346 3.534668231366573 7.273297826491612
v -17.640458333919568 3.620067072596722 7.435009500014326
v -16.921658793223486 3.3719826414937955 7.275655863416915
v -17.65109454634959 3.457381482723945 7.437367536939629
v -16.629896358122238 3.247940243634166 6.890886181944437
v -16.873041609164275 3.2764065240442157 6.944790073118675
v -16.64053257055226 3.085254653761389 6.89324421886974
v -16.883677821594297 3.1137209341714387 6.947148110043977
v -16.602841456365447 3.247940307613075 7.01292319391592
v -16.84598670740748 3.276406588023125 7.066827085090161
v -16.613477668795465 3.0852547177402974 7.015281230841223
v -16.856622919837505 3.1137209981503475 7.069185122015461
v -17.076856671389372 3.3363997067447304 7.876067802712152
v -17.291129182651346 3.3790991222679976 7.570054588952855
v -17.08310543682849 3.173714116723459 7.867143551753259
v -17.297377948090464 3.2164135322467264 7.561130337993963
v -17.281644764892953 3.336399589198228 8.019461794075673
v -17.495917276154923 3.3790990047214957 7.713448580316374
v -17.28789353033207 3.1737139991769574 8.01053754311678
v -17.502166041594045 3.2164134147002255 7.7045243293574845
v -17.09395946859809 3.431975675664588 7.742677052242511
v -17.30823197986006 3.474675091187855 7.436663838483216
v -17.100208234037208 3.2692900856433162 7.733752801283619
v -17.314480745299182 3.311989501166584 7.427739587524326
v -17.401141608853457 3.4319754993448353 7.957768039287792
v -17.61541412011543 3.4746749148681033 7.6517548255284975
v -17.40739037429258 3.2692899093235646 7.948843788328897
v -17.62166288555455 3.3119893248468313 7.642830574569605
v -17.33457109833938 3.725820072953145 7.399048150795472
v -17.69169195044267 3.7969857654919235 6.889026127863311
v -17.340819863778506 3.5631344829318743 7.3901238998365795
v -17.697940715881792 3.634300175470652 6.880101876904419
v -17.641753238594752 3.725819896633393 7.614139137840749
v -17.998874090698042 3.796985589172171 7.104117114908591
v -17.648002004033874 3.563134306612122 7.605214886881858
v -18.005122856137163 3.6342999991509 7.095192863949698
v -17.11106237617631 3.5275516571644214 7.609286380082809
v -17.611031569120914 3.6271836267187103 6.895255547977786
v -17.117311141615428 3.36486606714315 7.600362129123915
v -17.617280334560032 3.4644980366974396 6.886331297018896
v -17.52063856318347 3.527551422071418 7.896074362809849
v -18.02060775612807 3.627183391625708 7.182043530704826
v -17.526887328622585 3.364865832050148 7.887150111850956
v -18.02685652156719 3.464497801604437 7.173119279745934
v -17.05975387418065 3.240823737824872 8.00945855318179
v -17.274026385442625 3.2835231533481384 7.703445339422496
v -17.06600263961977 3.0781381478036005 8.000534302222896
v -17.28027515088175 3.1208375633268677 7.694521088463604
v -17.16214792093244 3.2408236790516205 8.081155548863551
v -17.376420432194415 3.2835230945748886 7.7751423351042535
v -17.168396686371562 3.0781380890303502 8.072231297904658
v -17.382669197633536 3.1208375045536165 7.766218084145361
v -18.367374508118214 3.3363996466314125 7.680766907149264
v -18.061361535572704 3.3790987425560566 7.4664940140846205
v -18.358450438687935 3.173714047289856 7.674518024627123
v -18.052437466142425 3.2164131432145 7.46024513156248
v -18.51076877345697 3.3364000155115976 7.475979005485423
v -18.20475580091146 3.3790991114362416 7.261706112420778
v -18.50184470402669 3.173714416170041 7.469730122963281
v -18.19583173148118 3.216413512094686 7.255457229898639
v -18.23398368915477 3.4319754939445986 7.663664061980614
v -17.92797071660926 3.4746745898692426 7.449391168915969
v -18.22505961972449 3.269289894603042 7.657415179458473
v -17.919046647178977 3.311988990527686 7.443142286393828
v -18.449075087162896 3.4319760472648753 7.356482209484851
v -18.14306211461739 3.47467514318952 7.142209316420207
v -18.44015101773262 3.269290447923319 7.350233326962711
v -18.13413804518711 3.3119895438479636 7.135960433898066
v -17.890354707303132 3.7258199977660302 7.423052559506876
v -17.380333086393946 3.7969851576404374 7.065931071065803
v -17.88143063787285 3.5631343984244728 7.416803676984735
v -17.371409016963668 3.6342995582988795 7.059682188543659
v -18.105446105311266 3.725820551086307 7.115870707011112
v -17.595424484402077 3.7969857109607137 6.758749218570039
v -18.09652203588098 3.5631349517447504 7.109621824488973
v -17.5865004149718 3.634300111619158 6.7525003360478975
v -18.100592787692065 3.527551566903509 7.6465613609775716
v -17.386562518419208 3.6271827907276775 7.146591277160069
v -18.091668718261786 3.3648659675619523 7.640312478455431
v -17.37763844898893 3.4644971913861218 7.140342394637929
v -18.387381318369577 3.527552304663879 7.236985557649891
v -17.67335104909672 3.627183528488048 6.737015473832385
v -18.3784572489393 3.3648667053223225 7.230736675127749
v -17.66442697966644 3.464497929146492 6.730766591310245
v -18.500765327081666 3.2408237993182256 7.697869752317917
v -18.194752354536153 3.2835228952428697 7.483596859253275
v -18.491841257651387 3.0781381999766686 7.691620869795776
v -18.185828285105874 3.120837295901313 7.4773479767311315
v -18.572462459751037 3.240823983758318 7.595475801485998
v -18.26644948720553 3.283523079682962 7.381202908421356
v -18.563538390320762 3.078138384416761 7.589226918963857
v -18.257525417775256 3.1208374803414047 7.3749540258992115
v -18.467086402077996 3.346002237932158 6.699007045370895
v -18.121949921253545 3.3887014351518974 6.84196723774771
v -18.45702132968519 3.1833166415446157 6.703176269377926
v -18.111884848860743 3.2260158387643543 6.8461364617547416
v -18.371415534658812 3.346001913122812 6.4680371661069564
v -18.02627905383436 3.3887011103425513 6.610997358483768
v -18.361350462266007 3.1833163167352687 6.472206390113987
v -18.016213981441556 3.226015513955009 6.615166582490803
v -18.380991220366475 3.441578258667728 6.802318349809025
v -18.035854739542028 3.484277455887468 6.945278542185838
v -18.37092614797367 3.278892662280185 6.806487573816055
v -18.025789667149223 3.3215918594999243 6.949447766192869
v -18.237484919237698 3.441577771453708 6.455863530913116
v -17.89234843841325 3.4842769686734476 6.59882372328993
v -18.22741984684489 3.2788921750661655 6.460032754920146
v -17.88228336602044 3.3215913722859054 6.60299294729696
v -17.99342978853257 3.735422728724127 6.96285155741083
v -17.418202320491826 3.8065880574236926 7.20111854470552
v -17.983364716139764 3.5727371323365844 6.967020781417862
v -17.40813724809902 3.6439024610361503 7.205287768712549
v -17.849923487403792 3.7354222415101077 6.616396738514921
v -17.27469601936305 3.8065875702096728 6.854663725809608
v -17.839858415010983 3.572736645122565 6.620565962521951
v -17.26463094697024 3.643901973822131 6.85883294981664
v -18.294896052880446 3.5371544375189568 6.905629660921691
v -17.489577597623402 3.6367858976983483 7.23920344313426
v -18.28483098048764 3.3744688411314145 6.909798884928724
v -17.479512525230597 3.474100301310806 7.243372667141288
v -18.103554318042075 3.537153787900264 6.443689902393813
v -17.29823586278503 3.636785248079655 6.777263684606378
v -18.09348924564927 3.3744681915127206 6.447859126400845
v -17.288170790392225 3.4740996516921134 6.781432908613409
v -18.553181583789517 3.2504262171965888 6.595695740932766
v -18.20804510296507 3.2931254144163287 6.7386559333095795
v -18.54311651139671 3.0877406208090457 6.599864964939798
v -18.19798003057226 3.130439818028785 6.742825157316612
v -18.505346150079923 3.2504260547919155 6.480210801300796
v -18.160209669255476 3.2931252520116545 6.62317099367761
v -18.495281077687117 3.087740458404373 6.4843800253078285
v -18.150144596862667 3.1304396556241127 6.627340217684642
v -17.470090858221237 3.2925259018934603 6.103051722466098
v -17.533812456957747 3.3492418071249364 6.340864577743641
v -17.475708810098322 3.131699878017364 6.124018113345537
v -17.539430408834836 3.18841578324884 6.36183096862308
v -17.228609363441016 3.2925258054233857 6.167756341147492
v -17.292330962177527 3.3492417106548618 6.405569196425038
v -17.2342273153181 3.1316997815472893 6.188722732026933
v -17.297948914054615 3.1884156867787654 6.426535587304475
v -17.559513141226343 3.4012969034705645 6.195298769397741
v -17.623234739962857 3.4580128087020405 6.433111624675283
v -17.56513109310343 3.2404708795944677 6.216265160277178
v -17.628852691839942 3.2971867848259437 6.454078015554723
v -17.19729089905601 3.4012967587654535 6.2923556974198345
v -17.261012497792525 3.4580126639969286 6.530168552697378
v -17.202908850933095 3.2404707348893567 6.313322088299271
v -17.26663044966961 3.297186640120833 6.551134943576816
v -17.662599382709022 3.741788833387637 6.580021554545733
v -17.790042580182046 3.855220643850589 7.05564726510082
v -17.668217334586107 3.580962809511541 6.600987945425171
v -17.795660532059134 3.694394619974493 7.076613655980258
v -17.30037714053869 3.7417886886825253 6.677078482567825
v -17.427820338011713 3.855220499145478 7.152704193122911
v -17.305995092415777 3.580962664806429 6.698044873447264
v -17.433438289888805 3.6943944752693807 7.173670584002352
v -17.64893557605598 3.510067933354929 6.287545771692892
v -17.840100372265518 3.680215649049358 7.000984337525521
v -17.654553527933068 3.349241909478833 6.30851216257233
v -17.84571832414261 3.519389625173261 7.02195072840496
v -17.16597258649554 3.51006774041478 6.416955009055681
v -17.357137382705076 3.6802154561092086 7.13039357488831
v -17.171590538372623 3.3492417165386827 6.437921399935121
v -17.362755334582165 3.519389432233112 7.1513599657677505
vt 0.1328125 0.40625
vt 0.1484375 0.40625
vt 0.1484375 0.421875
vt 0.1328125 0.421875
vt 0.2578125 0.40625
vt 0.2578125 0.421875
vt 0.2421875 0.421875
vt 0.2421875 0.40625
vt 0.2890625 0.65625
vt 0.2734375 0.65625
vt 0.2734375 0.515625
vt 0.2890625 0.515625
vt 0.015625 0.640625
vt 0 0.640625
vt 0 0.6242671875
vt 0.015625 0.5
vt 0 0.6242671875
vt 0 0.5
vt 0.015625 0.5
vt 0.0234375 0.5
vt 0.0390625 0.5
vt 0.0390625 0.62201796875
vt 0.0234375 0.640625
vt 0.0390625 0.62201796875
vt 0.0390625 0.640625
vt 0.0234375 0.640625
vt 0.0625 0.5
vt 0.0625 0.6242671875
vt 0.046875 0.62201796875
vt 0.046875 0.5
vt 0.055584375 0.625428125
vt 0.0625 0.6242671875
vt 0.0625 0.640625
vt 0.046875 0.640625
vt 0.046875 0.640625
vt 0.046875 0.62201796875
vt 0.055584375 0.625428125
vt 0.0625 0.6242671875
vt 0.055584375 0.625428125
vt 0.046875 0.62201796875
vt 0.5859375 0.8203125
vt 0.6015625 0.8203125
vt 0.6015625 0.8359375
vt 0.5859375 0.8359375
vt 0.28125 0.3984375
vt 0.28125 0.4140625
vt 0.265625 0.4140625
vt 0.265625 0.3984375
vt 0.140625 0.7109375
vt 0.125 0.7109375
vt 0.125 0.5078125
vt 0.140625 0.5078125
vt 0.1640625 0.7109375
vt 0.1484375 0.7109375
vt 0.1484375 0.687309375
vt 0.1640625 0.5078125
vt 0.1484375 0.687309375
vt 0.1484375 0.5078125
vt 0.1640625 0.5078125
vt 0.171875 0.5078125
vt 0.1875 0.5078125
vt 0.1875 0.6840609375
vt 0.171875 0.7109375
vt 0.1875 0.6840609375
vt 0.1875 0.7109375
vt 0.171875 0.7109375
vt 0.2109375 0.5078125
vt 0.2109375 0.687309375
vt 0.1953125 0.6840609375
vt 0.1953125 0.5078125
vt 0.204021875 0.6889859375
vt 0.2109375 0.687309375
vt 0.2109375 0.7109375
vt 0.1953125 0.7109375
vt 0.1953125 0.7109375
vt 0.1953125 0.6840609375
vt 0.204021875 0.6889859375
vt 0.2109375 0.687309375
vt 0.204021875 0.6889859375
vt 0.1953125 0.6840609375
vt 0.0859375 0.4296875
vt 0.0546875 0.4296875
vt 0.0546875 0.4140625
vt 0.0859375 0.4140625
vt 0.46875 0.3984375
vt 0.484375 0.3984375
vt 0.484375 0.4296875
vt 0.46875 0.4296875
vt 0.5625 0.4296875
vt 0.578125 0.4296875
vt 0.578125 0.4609375
vt 0.5625 0.4609375
vt 0.5625 0.59375
vt 0.5625 0.5625
vt 0.578125 0.5625
vt 0.578125 0.59375
vt 0.6015625 0.6640625
vt 0.6015625 0.6796875
vt 0.5859375 0.6796875
vt 0.5859375 0.6640625
vt 0.6015625 0.65625
vt 0.5859375 0.65625
vt 0.5859375 0.640625
vt 0.6015625 0.640625
vt 0.1015625 0.7421875
vt 0.0703125 0.7421875
vt 0.0703125 0.7265625
vt 0.1015625 0.7265625
vt 0.265625 0.421875
vt 0.28125 0.421875
vt 0.28125 0.453125
vt 0.265625 0.453125
vt 0.390625 0.515625
vt 0.421875 0.515625
vt 0.421875 0.546875
vt 0.390625 0.546875
vt 0.4609375 0.8828125
vt 0.4609375 0.8515625
vt 0.4921875 0.8515625
vt 0.4921875 0.8828125
vt 0.3984375 0.421875
vt 0.3984375 0.4375
vt 0.3671875 0.4375
vt 0.3671875 0.421875
vt 0.59375 0.6171875
vt 0.5625 0.6171875
vt 0.5625 0.6015625
vt 0.59375 0.6015625
vt 0.53125 0.4453125
vt 0.5 0.4453125
vt 0.5 0.4296875
vt 0.53125 0.4296875
vt 0.1640625 0.4140625
vt 0.1796875 0.4140625
vt 0.1796875 0.4453125
vt 0.1640625 0.4453125
vt 0.390625 0.59375
vt 0.4375 0.59375
vt 0.4375 0.625
vt 0.390625 0.625
vt 0.21875 0.5859375
vt 0.21875 0.5546875
vt 0.265625 0.5546875
vt 0.265625 0.5859375
vt 0.546875 0.8671875
vt 0.546875 0.8828125
vt 0.5 0.8828125
vt 0.5 0.8671875
vt 0.5078125 0.5
vt 0.4609375 0.5
vt 0.4609375 0.484375
vt 0.5078125 0.484375
vt 0.5234375 0.90625
vt 0.4609375 0.90625
vt 0.4609375 0.890625
vt 0.5234375 0.890625
vt 0.2421875 0.484375
vt 0.2578125 0.484375
vt 0.2578125 0.546875
vt 0.2421875 0.546875
vt 0.3125 0.7734375
vt 0.359375 0.7734375
vt 0.359375 0.8359375
vt 0.3125 0.8359375
vt 0.3125 0.765625
vt 0.3125 0.703125
vt 0.359375 0.703125
vt 0.359375 0.765625
vt 0.046875 0.4765625
vt 0.046875 0.4921875
vt 0 0.4921875
vt 0 0.4765625
vt 0.5546875 0.6015625
vt 0.5078125 0.6015625
vt 0.5078125 0.5859375
vt 0.5546875 0.5859375
vt 0.484375 0.6484375
vt 0.390625 0.6484375
vt 0.390625 0.6328125
vt 0.484375 0.6328125
vt 0.296875 0.53125
vt 0.3125 0.53125
vt 0.3125 0.625
vt 0.296875 0.625
vt 0.1875 0.71875
vt 0.25 0.71875
vt 0.25 0.8125
vt 0.1875 0.8125
vt 0.1171875 0.8125
vt 0.1171875 0.71875
vt 0.1796875 0.71875
vt 0.1796875 0.8125
vt 0.5234375 0.828125
vt 0.5234375 0.84375
vt 0.4609375 0.84375
vt 0.4609375 0.828125
vt 0.5234375 0.8203125
vt 0.4609375 0.8203125
vt 0.4609375 0.8046875
vt 0.5234375 0.8046875
vt 0.5859375 0.703125
vt 0.5546875 0.703125
vt 0.5546875 0.6875
vt 0.5859375 0.6875
vt 0.1875 0.4140625
vt 0.203125 0.4140625
vt 0.203125 0.4453125
vt 0.1875 0.4453125
vt 0.5625 0.6484375
vt 0.578125 0.6484375
vt 0.578125 0.6796875
vt 0.5625 0.6796875
vt 0.5625 1
vt 0.5625 0.96875
vt 0.578125 0.96875
vt 0.578125 1
vt 0.3046875 0.3984375
vt 0.3046875 0.4140625
vt 0.2890625 0.4140625
vt 0.2890625 0.3984375
vt 0.328125 0.4140625
vt 0.3125 0.4140625
vt 0.3125 0.3984375
vt 0.328125 0.3984375
vt 0.1015625 0.453125
vt 0.0546875 0.453125
vt 0.0546875 0.4375
vt 0.1015625 0.4375
vt 0.21875 0.4140625
vt 0.234375 0.4140625
vt 0.234375 0.4609375
vt 0.21875 0.4609375
vt 0.421875 0.796875
vt 0.453125 0.796875
vt 0.453125 0.84375
vt 0.421875 0.84375
vt 0.421875 0.8984375
vt 0.421875 0.8515625
vt 0.453125 0.8515625
vt 0.453125 0.8984375
vt 0.5234375 0.40625
vt 0.5234375 0.421875
vt 0.4921875 0.421875
vt 0.4921875 0.40625
vt 0.59375 0.421875
vt 0.5625 0.421875
vt 0.5625 0.40625
vt 0.59375 0.40625
vt 0.5859375 0.484375
vt 0.5390625 0.484375
vt 0.5390625 0.46875
vt 0.5859375 0.46875
vt 0.5390625 0.4140625
vt 0.5546875 0.4140625
vt 0.5546875 0.4609375
vt 0.5390625 0.4609375
vt 0.3671875 0.734375
vt 0.4140625 0.734375
vt 0.4140625 0.78125
vt 0.3671875 0.78125
vt 0.3671875 0.7265625
vt 0.3671875 0.6796875
vt 0.4140625 0.6796875
vt 0.4140625 0.7265625
vt 0.5859375 0.4921875
vt 0.5859375 0.5078125
vt 0.5390625 0.5078125
vt 0.5390625 0.4921875
vt 0.578125 0.640625
vt 0.53125 0.640625
vt 0.53125 0.625
vt 0.578125 0.625
vt 0.5390625 0.9296875
vt 0.4609375 0.9296875
vt 0.4609375 0.9140625
vt 0.5390625 0.9140625
vt 0.21875 0.46875
vt 0.234375 0.46875
vt 0.234375 0.546875
vt 0.21875 0.546875
vt 0.0703125 0.6328125
vt 0.1171875 0.6328125
vt 0.1171875 0.7109375
vt 0.0703125 0.7109375
vt 0.359375 0.890625
vt 0.28125 0.890625
vt 0.28125 0.84375
vt 0.359375 0.84375
vt 0.5859375 0.515625
vt 0.5859375 0.53125
vt 0.5390625 0.53125
vt 0.5390625 0.515625
vt 0.4140625 0.4609375
vt 0.3671875 0.4609375
vt 0.3671875 0.4453125
vt 0.4140625 0.4453125
vt 0.484375 0.9765625
vt 0.375 0.9765625
vt 0.375 0.9609375
vt 0.484375 0.9609375
vt 0.09375 0.515625
vt 0.109375 0.515625
vt 0.109375 0.625
vt 0.09375 0.625
vt 0.140625 0.8203125
vt 0.203125 0.8203125
vt 0.203125 0.9296875
vt 0.140625 0.9296875
vt 0.109375 0.8125
vt 0 0.8125
vt 0 0.75
vt 0.109375 0.75
vt 0.546875 0.671875
vt 0.546875 0.6875
vt 0.484375 0.6875
vt 0.484375 0.671875
vt 0.53125 0.5234375
vt 0.46875 0.5234375
vt 0.46875 0.5078125
vt 0.53125 0.5078125
vt 0.59375 0.953125
vt 0.546875 0.953125
vt 0.546875 0.9375
vt 0.59375 0.9375
vt 0.421875 0.4140625
vt 0.4375 0.4140625
vt 0.4375 0.4609375
vt 0.421875 0.4609375
vt 0.1484375 0.453125
vt 0.1640625 0.453125
vt 0.1640625 0.5
vt 0.1484375 0.5
vt 0.171875 0.5
vt 0.171875 0.453125
vt 0.1875 0.453125
vt 0.1875 0.5
vt 0.3984375 0.3984375
vt 0.3984375 0.4140625
vt 0.3828125 0.4140625
vt 0.3828125 0.3984375
vt 0.375 0.4140625
vt 0.359375 0.4140625
vt 0.359375 0.3984375
vt 0.375 0.3984375
vt 0.5546875 0.578125
vt 0.5078125 0.578125
vt 0.5078125 0.5625
vt 0.5546875 0.5625
vt 0.515625 0.453125
vt 0.53125 0.453125
vt 0.53125 0.5
vt 0.515625 0.5
vt 0.390625 0.5859375
vt 0.390625 0.5546875
vt 0.4375 0.5546875
vt 0.4375 0.5859375
vt 0.21875 0.7109375
vt 0.21875 0.6640625
vt 0.25 0.6640625
vt 0.25 0.7109375
vt 0.6171875 0.9609375
vt 0.6171875 0.9765625
vt 0.5859375 0.9765625
vt 0.5859375 0.9609375
vt 0.6171875 1
vt 0.5859375 1
vt 0.5859375 0.984375
vt 0.6171875 0.984375
vt 0.4375 0.484375
vt 0.390625 0.484375
vt 0.390625 0.46875
vt 0.4375 0.46875
vt 0.34375 0.4375
vt 0.359375 0.4375
vt 0.359375 0.484375
vt 0.34375 0.484375
vt 0.3203125 1
vt 0.3203125 0.953125
vt 0.3671875 0.953125
vt 0.3671875 1
vt 0.3671875 0.9453125
vt 0.3671875 0.8984375
vt 0.4140625 0.8984375
vt 0.4140625 0.9453125
vt 0.59375 0.9140625
vt 0.59375 0.9296875
vt 0.546875 0.9296875
vt 0.546875 0.9140625
vt 0.59375 0.7890625
vt 0.546875 0.7890625
vt 0.546875 0.7734375
vt 0.59375 0.7734375
vt 0.5234375 0.625
vt 0.4453125 0.625
vt 0.4453125 0.609375
vt 0.5234375 0.609375
vt 0.34375 0.4921875
vt 0.359375 0.4921875
vt 0.359375 0.5703125
vt 0.34375 0.5703125
vt 0.234375 1
vt 0.234375 0.953125
vt 0.3125 0.953125
vt 0.3125 1
vt 0.2578125 0.828125
vt 0.2578125 0.75
vt 0.3046875 0.75
vt 0.3046875 0.828125
vt 0.59375 0.75
vt 0.59375 0.765625
vt 0.546875 0.765625
vt 0.546875 0.75
vt 0.59375 0.8125
vt 0.546875 0.8125
vt 0.546875 0.796875
vt 0.59375 0.796875
vt 0.4765625 0.671875
vt 0.3671875 0.671875
vt 0.3671875 0.65625
vt 0.4765625 0.65625
vt 0.3671875 0.5390625
vt 0.3828125 0.5390625
vt 0.3828125 0.6484375
vt 0.3671875 0.6484375
vt 0 1
vt 0 0.9375
vt 0.109375 0.9375
vt 0.109375 1
vt 0 0.9296875
vt 0 0.8203125
vt 0.0625 0.8203125
vt 0.0625 0.9296875
vt 0.5546875 0.9609375
vt 0.5546875 0.9765625
vt 0.4921875 0.9765625
vt 0.4921875 0.9609375
vt 0.5546875 1
vt 0.4921875 1
vt 0.4921875 0.984375
vt 0.5546875 0.984375
vt 0.5546875 0.5546875
vt 0.5078125 0.5546875
vt 0.5078125 0.5390625
vt 0.5546875 0.5390625
vt 0.1953125 0.453125
vt 0.2109375 0.453125
vt 0.2109375 0.5
vt 0.1953125 0.5
vt 0.296875 0.4765625
vt 0.3125 0.4765625
vt 0.3125 0.5234375
vt 0.296875 0.5234375
vt 0.0703125 0.5078125
vt 0.0703125 0.4609375
vt 0.0859375 0.4609375
vt 0.0859375 0.5078125
vt 0.6015625 0.578125
vt 0.6015625 0.59375
vt 0.5859375 0.59375
vt 0.5859375 0.578125
vt 0.6015625 0.4609375
vt 0.5859375 0.4609375
vt 0.5859375 0.4453125
vt 0.6015625 0.4453125
vt 0.578125 0.859375
vt 0.53125 0.859375
vt 0.53125 0.84375
vt 0.578125 0.84375
vt 0.2890625 0.421875
vt 0.3046875 0.421875
vt 0.3046875 0.46875
vt 0.2890625 0.46875
vt 0.3203125 0.578125
vt 0.3515625 0.578125
vt 0.3515625 0.625
vt 0.3203125 0.625
vt 0.421875 0.953125
vt 0.421875 0.90625
vt 0.453125 0.90625
vt 0.453125 0.953125
vt 0.6171875 0.84375
vt 0.6171875 0.859375
vt 0.5859375 0.859375
vt 0.5859375 0.84375
vt 0.6171875 0.90625
vt 0.5859375 0.90625
vt 0.5859375 0.890625
vt 0.6171875 0.890625
vt 0.578125 0.90625
vt 0.53125 0.90625
vt 0.53125 0.890625
vt 0.578125 0.890625
vt 0.2421875 0.4296875
vt 0.2578125 0.4296875
vt 0.2578125 0.4765625
vt 0.2421875 0.4765625
vt 0.3671875 0.7890625
vt 0.4140625 0.7890625
vt 0.4140625 0.8359375
vt 0.3671875 0.8359375
vt 0.3671875 0.890625
vt 0.3671875 0.84375
vt 0.4140625 0.84375
vt 0.4140625 0.890625
vt 0.6015625 0.8671875
vt 0.6015625 0.8828125
vt 0.5546875 0.8828125
vt 0.5546875 0.8671875
vt 0.15625 0.4453125
vt 0.109375 0.4453125
vt 0.109375 0.4296875
vt 0.15625 0.4296875
vt 0.5390625 0.953125
vt 0.4609375 0.953125
vt 0.4609375 0.9375
vt 0.5390625 0.9375
vt 0.4453125 0.5234375
vt 0.4609375 0.5234375
vt 0.4609375 0.6015625
vt 0.4453125 0.6015625
vt 0.2578125 0.6640625
vt 0.3046875 0.6640625
vt 0.3046875 0.7421875
vt 0.2578125 0.7421875
vt 0.359375 0.9453125
vt 0.28125 0.9453125
vt 0.28125 0.8984375
vt 0.359375 0.8984375
vt 0.046875 0.4296875
vt 0.046875 0.4453125
vt 0 0.4453125
vt 0 0.4296875
vt 0.4921875 0.453125
vt 0.4453125 0.453125
vt 0.4453125 0.4375
vt 0.4921875 0.4375
vt 0.484375 1
vt 0.375 1
vt 0.375 0.984375
vt 0.484375 0.984375
vt 0.0703125 0.515625
vt 0.0859375 0.515625
vt 0.0859375 0.625
vt 0.0703125 0.625
vt 0.0703125 0.8203125
vt 0.1328125 0.8203125
vt 0.1328125 0.9296875
vt 0.0703125 0.9296875
vt 0.2265625 1
vt 0.1171875 1
vt 0.1171875 0.9375
vt 0.2265625 0.9375
vt 0.453125 0.4921875
vt 0.453125 0.5078125
vt 0.390625 0.5078125
vt 0.390625 0.4921875
vt 0.5546875 0.6640625
vt 0.4921875 0.6640625
vt 0.4921875 0.6484375
vt 0.5546875 0.6484375
vt 0.578125 0.8359375
vt 0.53125 0.8359375
vt 0.53125 0.8203125
vt 0.578125 0.8203125
vt 0.3125 0.421875
vt 0.328125 0.421875
vt 0.328125 0.46875
vt 0.3125 0.46875
vt 0.265625 0.4609375
vt 0.28125 0.4609375
vt 0.28125 0.5078125
vt 0.265625 0.5078125
vt 0.140625 0.5
vt 0.09375 0.5
vt 0.09375 0.484375
vt 0.140625 0.484375
vt 0.0546875 0.390625
vt 0.0546875 0.40625
vt 0.0390625 0.40625
vt 0.0390625 0.390625
vt 0.078125 0.40625
vt 0.0625 0.40625
vt 0.0625 0.390625
vt 0.078125 0.390625
vt 0.59375 0.5546875
vt 0.5625 0.5546875
vt 0.5625 0.5390625
vt 0.59375 0.5390625
vt 0.4453125 0.3984375
vt 0.4609375 0.3984375
vt 0.4609375 0.4296875
vt 0.4453125 0.4296875
vt 0.46875 0.5703125
vt 0.5 0.5703125
vt 0.5 0.6015625
vt 0.46875 0.6015625
vt 0.46875 0.5625
vt 0.46875 0.53125
vt 0.5 0.53125
vt 0.5 0.5625
vt 0.125 0.40625
vt 0.125 0.421875
vt 0.09375 0.421875
vt 0.09375 0.40625
vt 0.609375 0.7421875
vt 0.578125 0.7421875
vt 0.578125 0.7265625
vt 0.609375 0.7265625
vt 0.03125 0.421875
vt 0 0.421875
vt 0 0.40625
vt 0.03125 0.40625
vt 0.3359375 0.3984375
vt 0.3515625 0.3984375
vt 0.3515625 0.4296875
vt 0.3359375 0.4296875
vt 0.421875 0.71875
vt 0.46875 0.71875
vt 0.46875 0.75
vt 0.421875 0.75
vt 0.421875 0.7890625
vt 0.421875 0.7578125
vt 0.46875 0.7578125
vt 0.46875 0.7890625
vt 0.5703125 0.7109375
vt 0.5703125 0.7265625
vt 0.5234375 0.7265625
vt 0.5234375 0.7109375
vt 0.046875 0.46875
vt 0 0.46875
vt 0 0.453125
vt 0.046875 0.453125
vt 0.5390625 0.796875
vt 0.4765625 0.796875
vt 0.4765625 0.78125
vt 0.5390625 0.78125
vt 0.3671875 0.46875
vt 0.3828125 0.46875
vt 0.3828125 0.53125
vt 0.3671875 0.53125
vt 0.21875 0.59375
vt 0.265625 0.59375
vt 0.265625 0.65625
vt 0.21875 0.65625
vt 0.3125 0.6953125
vt 0.3125 0.6328125
vt 0.359375 0.6328125
vt 0.359375 0.6953125
vt 0.140625 0.4609375
vt 0.140625 0.4765625
vt 0.09375 0.4765625
vt 0.09375 0.4609375
vt 0.4921875 0.4765625
vt 0.4453125 0.4765625
vt 0.4453125 0.4609375
vt 0.4921875 0.4609375
vt 0.515625 0.7109375
vt 0.421875 0.7109375
vt 0.421875 0.6953125
vt 0.515625 0.6953125
vt 0.3203125 0.4765625
vt 0.3359375 0.4765625
vt 0.3359375 0.5703125
vt 0.3203125 0.5703125
vt 0 0.6484375
vt 0.0625 0.6484375
vt 0.0625 0.7421875
vt 0 0.7421875
vt 0.2109375 0.9296875
vt 0.2109375 0.8359375
vt 0.2734375 0.8359375
vt 0.2734375 0.9296875
vt 0.5390625 0.7578125
vt 0.5390625 0.7734375
vt 0.4765625 0.7734375
vt 0.4765625 0.7578125
vt 0.5390625 0.75
vt 0.4765625 0.75
vt 0.4765625 0.734375
vt 0.5390625 0.734375
vn 0 1 0
vn 0 -1 0
vn -0.9914448613738106 0 0.13052619222005116
vn -0.13052619222005116 0 -0.9914448613738106
vn -0.13052619222005116 0 -0.9914448613738106
vn 0.13052619222005116 0 0.9914448613738106
vn 0.13052619222005116 0 0.9914448613738106
vn 0.9914448613738106 0 -0.13052619222005116
vn 0.9914448613738106 0 -0.13052619222005116
vn 0.9914448613738106 0 -0.13052619222005116
vn 0.9914448613738106 0 -0.13052619222005116
vn 0 1 0
vn 0 -1 0
vn -0.9914448613738106 0 0.13052619222005116
vn -0.13052619222005116 0 -0.9914448613738106
vn -0.13052619222005116 0 -0.9914448613738106
vn 0.13052619222005116 0 0.9914448613738106
vn 0.13052619222005116 0 0.9914448613738106
vn 0.9914448613738106 0 -0.13052619222005116
vn 0.9914448613738106 0 -0.13052619222005116
vn 0.9914448613738106 0 -0.13052619222005116
vn 0.9914448613738106 0 -0.13052619222005116
vn -0.9659259791209015 2.2608039853719662e-7 -0.2588184747255823
vn 0.9659259791208993 -2.2608040750786758e-7 0.2588184747255907
vn 0.05810096207846138 0.974477781667364 -0.21683480173212671
vn -0.05810096207847133 -0.974477781667365 0.21683480173211905
vn 0.25649286033909985 -0.13375308043944936 -0.9572468469877691
vn -0.2564928603391038 0.13375308043945255 0.9572468469877675
vn -0.21643921405434607 -2.998728265228783e-7 -0.9762960957718961
vn 0.21643921405433916 2.998728269876114e-7 0.9762960957718975
vn 0.11086872652234109 0.9935310637988569 -0.024579478147962013
vn -0.11086872652234445 -0.9935310637988567 0.02457947814796277
vn 0.974114340805515 -0.06681672361690018 -0.2159554965314385
vn -0.974114340805514 0.06681672361691332 0.21595549653143872
vn -0.21643921405435426 -2.9987283778269436e-7 -0.9762960957718941
vn 0.21643921405434538 2.998728256126639e-7 0.9762960957718962
vn 0.11086872652234217 0.9935310637988568 -0.02457947814796491
vn -0.11086872652234431 -0.9935310637988565 0.024579478147964337
vn 0.9741143408055133 -0.06681672361689049 -0.21595549653144808
vn -0.9741143408055136 0.06681672361689969 0.2159554965314437
vn -0.2164392140543503 -2.99872836125587e-7 -0.976296095771895
vn 0.21643921405434688 2.9987283638650226e-7 0.9762960957718959
vn 0.11086872652234243 0.9935310637988569 -0.02457947814796206
vn -0.11086872652234307 -0.9935310637988567 0.024579478147963407
vn 0.974114340805514 -0.0668167236169119 -0.2159554965314387
vn -0.9741143408055133 0.066816723616923 0.21595549653143897
vn -0.21643921405434602 -2.998728274576562e-7 -0.9762960957718961
vn 0.21643921405434874 2.998728353058864e-7 0.9762960957718954
vn 0.11086872652234336 0.9935310637988566 -0.024579478147963872
vn -0.11086872652234193 -0.9935310637988568 0.024579478147962283
vn 0.9741143408055138 -0.06681672361688963 -0.21595549653144608
vn -0.9741143408055138 0.06681672361691275 0.21595549653143858
vn -0.21643921405434666 -2.998728373577946e-7 -0.9762960957718958
vn 0.21643921405436234 2.9987284810507656e-7 0.9762960957718924
vn 0.11086872652234143 0.9935310637988569 -0.024579478147964948
vn -0.11086872652234223 -0.9935310637988569 0.02457947814796122
vn 0.9741143408055145 -0.06681672361690157 -0.21595549653143947
vn -0.9741143408055121 0.06681672361690157 0.21595549653145055
vn 0.8191523740143417 2.754736279697764e-7 -0.5735759654540907
vn -0.8191523740143447 -2.7547361799173853e-7 0.5735759654540864
vn 0.06513527927081228 0.9935310653384449 0.09302374751518103
vn -0.06513527927081288 -0.9935310653384448 -0.09302374751518099
vn 0.5722942016144089 -0.06681671562401433 0.8173217685292286
vn -0.5722942016144064 0.06681671562401946 -0.8173217685292301
vn 0.8191523740143422 2.7547361833874135e-7 -0.5735759654540898
vn -0.8191523740143394 -2.754736139587438e-7 0.5735759654540937
vn 0.06513527927081357 0.9935310653384447 0.093023747515181
vn -0.06513527927081408 -0.9935310653384449 -0.09302374751518092
vn 0.5722942016144121 -0.0668167156240194 0.8173217685292258
vn -0.5722942016144105 0.06681671562401481 -0.8173217685292273
vn 0.8191523740143393 2.754735990993275e-7 -0.5735759654540942
vn -0.8191523740143394 -2.7547361355863103e-7 0.5735759654540937
vn 0.06513527927081283 0.993531065338445 0.09302374751517999
vn -0.06513527927081271 -0.993531065338445 -0.0930237475151781
vn 0.5722942016144031 -0.06681671562402962 0.8173217685292314
vn -0.5722942016144067 0.06681671562402407 -0.8173217685292292
vn 0.8191523740143403 2.7547362353464326e-7 -0.5735759654540928
vn -0.8191523740143435 -2.754736278139827e-7 0.573575965454088
vn 0.06513527927081234 0.993531065338445 0.09302374751517879
vn -0.06513527927081508 -0.9935310653384449 -0.0930237475151787
vn 0.5722942016144082 -0.06681671562402894 0.8173217685292278
vn -0.5722942016144131 0.06681671562400507 -0.8173217685292264
vn 0.8191523740143402 2.7547362355083e-7 -0.573575965454093
vn -0.8191523740143419 -2.754736136648543e-7 0.5735759654540902
vn 0.06513527927080713 0.9935310653384452 0.09302374751518165
vn -0.0651352792708197 -0.9935310653384448 -0.09302374751517634
vn 0.5722942016144138 -0.06681671562402876 0.817321768529224
vn -0.5722942016143924 0.06681671562402962 -0.817321768529239
vn 0.5735770613551693 -8.644813351872906e-7 0.819151606655582
vn -0.5735770613551764 8.644813543573039e-7 -0.8191516066555768
vn -0.09302185903297024 0.9935311619715086 0.06513650231317472
vn 0.09302185903297104 -0.9935311619715087 -0.06513650231317442
vn -0.817321104973898 -0.0668162139329476 0.5722952078428694
vn 0.8173211049738967 0.06681621393293798 -0.5722952078428724
vn 0.5735770613551733 -8.644813398328453e-7 0.8191516066555791
vn -0.5735770613551777 8.644813496055273e-7 -0.8191516066555758
vn -0.09302185903297157 0.9935311619715088 0.06513650231317142
vn 0.09302185903297139 -0.9935311619715085 -0.06513650231317462
vn -0.8173211049738995 -0.06681621393293771 0.5722952078428682
vn 0.817321104973895 0.06681621393293793 -0.5722952078428749
vn 0.573577061355169 -8.644813354365602e-7 0.819151606655582
vn -0.5735770613551666 8.644813206670804e-7 -0.8191516066555837
vn -0.09302185903297193 0.9935311619715085 0.06513650231317396
vn 0.09302185903297096 -0.9935311619715086 -0.06513650231317375
vn -0.8173211049738954 -0.06681621393294732 0.5722952078428729
vn 0.8173211049738981 0.06681621393294244 -0.5722952078428698
vn 0.5735770613551705 -8.644813451096868e-7 0.819151606655581
vn -0.573577061355174 8.644813495195273e-7 -0.8191516066555785
vn -0.0930218590329697 0.9935311619715087 0.06513650231317385
vn 0.09302185903297054 -0.9935311619715087 -0.06513650231317485
vn -0.8173211049738944 -0.06681621393292816 0.5722952078428767
vn 0.8173211049738963 0.06681621393292862 -0.572295207842874
vn 0.5735770613551664 -8.644813403993814e-7 0.8191516066555837
vn -0.5735770613551708 8.644813501649775e-7 -0.8191516066555806
vn -0.0930218590329717 0.9935311619715086 0.06513650231317511
vn 0.09302185903297046 -0.9935311619715085 -0.06513650231317564
vn -0.8173211049739056 -0.0668162139329378 0.5722952078428597
vn 0.8173211049738902 0.06681621393295242 -0.5722952078428797
vn -0.3826834696768204 7.612000593997749e-7 0.9238795170559475
vn 0.3826834696768169 -7.612000603557986e-7 -0.923879517055949
vn -0.10491533495269771 0.9935311313441819 -0.04345875678977788
vn 0.10491533495269499 -0.9935311313441821 0.04345875678978054
vn -0.9218149467306709 -0.06681637294127724 -0.3818282025871093
vn 0.921814946730677 0.06681637294124863 0.3818282025870995
vn -0.3826834696768182 7.612000548675224e-7 0.9238795170559484
vn 0.3826834696768202 -7.612000546656965e-7 -0.9238795170559476
vn -0.10491533495269731 0.9935311313441819 -0.04345875678978076
vn 0.10491533495269798 -0.9935311313441819 0.04345875678977976
vn -0.9218149467306707 -0.06681637294127407 -0.3818282025871107
vn 0.9218149467306704 0.06681637294127016 0.38182820258711186
vn -0.38268346967682343 7.612000694613786e-7 0.9238795170559464
vn 0.38268346967681904 -7.612000602028395e-7 -0.923879517055948
vn -0.1049153349526969 0.993531131344182 -0.043458756789778674
vn 0.10491533495269738 -0.993531131344182 0.04345875678977921
vn -0.9218149467306708 -0.06681637294127037 -0.3818282025871108
vn 0.9218149467306754 0.06681637294125013 0.3818282025871031
vn -0.38268346967682626 7.61200074161971e-7 0.9238795170559451
vn 0.3826834696768232 -7.612000693606111e-7 -0.9238795170559463
vn -0.10491533495269667 0.993531131344182 -0.04345875678977914
vn 0.10491533495269592 -0.993531131344182 0.04345875678978158
vn -0.9218149467306704 -0.06681637294127309 -0.3818282025871115
vn 0.9218149467306723 0.06681637294125951 0.38182820258710926
vn -0.38268346967682165 7.612000694840364e-7 0.9238795170559468
vn 0.38268346967682093 -7.612000640701165e-7 -0.9238795170559474
vn -0.10491533495269761 0.9935311313441819 -0.043458756789779715
vn 0.10491533495269832 -0.9935311313441819 0.043458756789777696
vn -0.9218149467306743 -0.06681637294127009 -0.381828202587102
vn 0.9218149467306684 0.06681637294127278 0.3818282025871163
vn -0.965925979120902 2.2608039666764027e-7 -0.2588184747255805
vn 0.9659259791209005 -2.2608040394933928e-7 0.25881847472558595
vn 0.05810096207846618 0.9744777816673647 -0.21683480173212205
vn -0.05810096207846703 -0.9744777816673643 0.21683480173212347
vn 0.2564928603391016 -0.1337530804394536 -0.9572468469877681
vn -0.25649286033911056 0.1337530804394488 0.9572468469877663
vn -0.9659259791208986 2.2608040941460134e-7 -0.25881847472559244
vn 0.9659259791209 -2.260803998384461e-7 0.2588184747255877
vn 0.05810096207846588 0.9744777816673644 -0.21683480173212308
vn -0.05810096207846508 -0.9744777816673648 0.21683480173212158
vn 0.25649286033910706 -0.1337530804394474 -0.9572468469877673
vn -0.2564928603391106 0.13375308043945822 0.9572468469877649
vn -0.9659259791209024 2.260803888495061e-7 -0.2588184747255788
vn 0.965925979120902 -2.2608039456439176e-7 0.25881847472558
vn 0.05810096207846478 0.9744777816673645 -0.21683480173212286
vn -0.05810096207846757 -0.9744777816673648 0.21683480173212108
vn 0.2564928603391029 -0.13375308043944525 -0.9572468469877689
vn -0.2564928603391027 0.1337530804394532 0.9572468469877677
vn -0.9659259791209012 2.26080398253929e-7 -0.25881847472558356
vn 0.9659259791209013 -2.260803941536558e-7 0.258818474725583
vn 0.058100962078466906 0.9744777816673645 -0.21683480173212222
vn -0.05810096207846842 -0.9744777816673645 0.21683480173212163
vn 0.25649286033910457 -0.1337530804394486 -0.9572468469877679
vn -0.25649286033910274 0.13375308043945713 0.9572468469877672
usemtl m_d63b48de-5995-e43b-dcc1-461060c57ade
f 1135/3437/870 1131/3438/870 1132/3439/870 1136/3440/870
f 1134/3441/871 1133/3442/871 1137/3443/871 1138/3444/871
f 1136/3445/872 1132/3446/872 1134/3447/872 1138/3448/872
f 1132/3449/873 1131/3450/873 1139/3451/873 1134/3452/873
f 1139/3453/874 1133/3454/874 1134/3455/874
f 1138/3456/875 1137/3457/875 1140/3458/875 1136/3459/875
f 1140/3460/876 1135/3461/876 1136/3462/876
f 1133/3463/877 1139/3464/877 1140/3465/877 1137/3466/877
f 1141/3467/878 1139/3468/878 1131/3469/878 1135/3470/878
f 1135/3471/879 1140/3472/879 1141/3473/879
f 1139/3474/880 1141/3475/880 1140/3476/880
f 1146/3477/881 1142/3478/881 1143/3479/881 1147/3480/881
f 1145/3481/882 1144/3482/882 1148/3483/882 1149/3484/882
f 1147/3485/883 1143/3486/883 1145/3487/883 1149/3488/883
f 1143/3489/884 1142/3490/884 1150/3491/884 1145/3492/884
f 1150/3493/885 1144/3494/885 1145/3495/885
f 1149/3496/886 1148/3497/886 1151/3498/886 1147/3499/886
f 1151/3500/887 1146/3501/887 1147/3502/887
f 1144/3503/888 1150/3504/888 1151/3505/888 1148/3506/888
f 1152/3507/889 1150/3508/889 1142/3509/889 1146/3510/889
f 1146/3511/890 1151/3512/890 1152/3513/890
f 1150/3514/891 1152/3515/891 1151/3516/891
f 1154/3517/892 1153/3518/892 1155/3519/892 1156/3520/892
f 1159/3521/893 1157/3522/893 1158/3523/893 1160/3524/893
f 1157/3525/894 1153/3526/894 1154/3527/894 1158/3528/894
f 1156/3529/895 1155/3530/895 1159/3531/895 1160/3532/895
f 1155/3533/896 1153/3534/896 1157/3535/896 1159/3536/896
f 1158/3537/897 1154/3538/897 1156/3539/897 1160/3540/897
f 1162/3541/898 1161/3542/898 1163/3543/898 1164/3544/898
f 1167/3545/899 1165/3546/899 1166/3547/899 1168/3548/899
f 1165/3549/900 1161/3550/900 1162/3551/900 1166/3552/900
f 1164/3553/901 1163/3554/901 1167/3555/901 1168/3556/901
f 1163/3557/902 1161/3558/902 1165/3559/902 1167/3560/902
f 1166/3561/903 1162/3562/903 1164/3563/903 1168/3564/903
f 1170/3565/904 1169/3566/904 1171/3567/904 1172/3568/904
f 1175/3569/905 1173/3570/905 1174/3571/905 1176/3572/905
f 1173/3573/906 1169/3574/906 1170/3575/906 1174/3576/906
f 1172/3577/907 1171/3578/907 1175/3579/907 1176/3580/907
f 1171/3581/908 1169/3582/908 1173/3583/908 1175/3584/908
f 1174/3585/909 1170/3586/909 1172/3587/909 1176/3588/909
f 1178/3589/910 1177/3590/910 1179/3591/910 1180/3592/910
f 1183/3593/911 1181/3594/911 1182/3595/911 1184/3596/911
f 1181/3597/912 1177/3598/912 1178/3599/912 1182/3600/912
f 1180/3601/913 1179/3602/913 1183/3603/913 1184/3604/913
f 1179/3605/914 1177/3606/914 1181/3607/914 1183/3608/914
f 1182/3609/915 1178/3610/915 1180/3611/915 1184/3612/915
f 1186/3613/916 1185/3614/916 1187/3615/916 1188/3616/916
f 1191/3617/917 1189/3618/917 1190/3619/917 1192/3620/917
f 1189/3621/918 1185/3622/918 1186/3623/918 1190/3624/918
f 1188/3625/919 1187/3626/919 1191/3627/919 1192/3628/919
f 1187/3629/920 1185/3630/920 1189/3631/920 1191/3632/920
f 1190/3633/921 1186/3634/921 1188/3635/921 1192/3636/921
f 1194/3637/922 1193/3638/922 1195/3639/922 1196/3640/922
f 1199/3641/923 1197/3642/923 1198/3643/923 1200/3644/923
f 1197/3645/924 1193/3646/924 1194/3647/924 1198/3648/924
f 1196/3649/925 1195/3650/925 1199/3651/925 1200/3652/925
f 1195/3653/926 1193/3654/926 1197/3655/926 1199/3656/926
f 1198/3657/927 1194/3658/927 1196/3659/927 1200/3660/927
f 1202/3661/928 1201/3662/928 1203/3663/928 1204/3664/928
f 1207/3665/929 1205/3666/929 1206/3667/929 1208/3668/929
f 1205/3669/930 1201/3670/930 1202/3671/930 1206/3672/930
f 1204/3673/931 1203/3674/931 1207/3675/931 1208/3676/931
f 1203/3677/932 1201/3678/932 1205/3679/932 1207/3680/932
f 1206/3681/933 1202/3682/933 1204/3683/933 1208/3684/933
f 1210/3685/934 1209/3686/934 1211/3687/934 1212/3688/934
f 1215/3689/935 1213/3690/935 1214/3691/935 1216/3692/935
f 1213/3693/936 1209/3694/936 1210/3695/936 1214/3696/936
f 1212/3697/937 1211/3698/937 1215/3699/937 1216/3700/937
f 1211/3701/938 1209/3702/938 1213/3703/938 1215/3704/938
f 1214/3705/939 1210/3706/939 1212/3707/939 1216/3708/939
f 1218/3709/940 1217/3710/940 1219/3711/940 1220/3712/940
f 1223/3713/941 1221/3714/941 1222/3715/941 1224/3716/941
f 1221/3717/942 1217/3718/942 1218/3719/942 1222/3720/942
f 1220/3721/943 1219/3722/943 1223/3723/943 1224/3724/943
f 1219/3725/944 1217/3726/944 1221/3727/944 1223/3728/944
f 1222/3729/945 1218/3730/945 1220/3731/945 1224/3732/945
f 1226/3733/946 1225/3734/946 1227/3735/946 1228/3736/946
f 1231/3737/947 1229/3738/947 1230/3739/947 1232/3740/947
f 1229/3741/948 1225/3742/948 1226/3743/948 1230/3744/948
f 1228/3745/949 1227/3746/949 1231/3747/949 1232/3748/949
f 1227/3749/950 1225/3750/950 1229/3751/950 1231/3752/950
f 1230/3753/951 1226/3754/951 1228/3755/951 1232/3756/951
f 1234/3757/952 1233/3758/952 1235/3759/952 1236/3760/952
f 1239/3761/953 1237/3762/953 1238/3763/953 1240/3764/953
f 1237/3765/954 1233/3766/954 1234/3767/954 1238/3768/954
f 1236/3769/955 1235/3770/955 1239/3771/955 1240/3772/955
f 1235/3773/956 1233/3774/956 1237/3775/956 1239/3776/956
f 1238/3777/957 1234/3778/957 1236/3779/957 1240/3780/957
f 1242/3781/958 1241/3782/958 1243/3783/958 1244/3784/958
f 1247/3785/959 1245/3786/959 1246/3787/959 1248/3788/959
f 1245/3789/960 1241/3790/960 1242/3791/960 1246/3792/960
f 1244/3793/961 1243/3794/961 1247/3795/961 1248/3796/961
f 1243/3797/962 1241/3798/962 1245/3799/962 1247/3800/962
f 1246/3801/963 1242/3802/963 1244/3803/963 1248/3804/963
f 1250/3805/964 1249/3806/964 1251/3807/964 1252/3808/964
f 1255/3809/965 1253/3810/965 1254/3811/965 1256/3812/965
f 1253/3813/966 1249/3814/966 1250/3815/966 1254/3816/966
f 1252/3817/967 1251/3818/967 1255/3819/967 1256/3820/967
f 1251/3821/968 1249/3822/968 1253/3823/968 1255/3824/968
f 1254/3825/969 1250/3826/969 1252/3827/969 1256/3828/969
f 1258/3829/970 1257/3830/970 1259/3831/970 1260/3832/970
f 1263/3833/971 1261/3834/971 1262/3835/971 1264/3836/971
f 1261/3837/972 1257/3838/972 1258/3839/972 1262/3840/972
f 1260/3841/973 1259/3842/973 1263/3843/973 1264/3844/973
f 1259/3845/974 1257/3846/974 1261/3847/974 1263/3848/974
f 1262/3849/975 1258/3850/975 1260/3851/975 1264/3852/975
f 1266/3853/976 1265/3854/976 1267/3855/976 1268/3856/976
f 1271/3857/977 1269/3858/977 1270/3859/977 1272/3860/977
f 1269/3861/978 1265/3862/978 1266/3863/978 1270/3864/978
f 1268/3865/979 1267/3866/979 1271/3867/979 1272/3868/979
f 1267/3869/980 1265/3870/980 1269/3871/980 1271/3872/980
f 1270/3873/981 1266/3874/981 1268/3875/981 1272/3876/981
f 1274/3877/982 1273/3878/982 1275/3879/982 1276/3880/982
f 1279/3881/983 1277/3882/983 1278/3883/983 1280/3884/983
f 1277/3885/984 1273/3886/984 1274/3887/984 1278/3888/984
f 1276/3889/985 1275/3890/985 1279/3891/985 1280/3892/985
f 1275/3893/986 1273/3894/986 1277/3895/986 1279/3896/986
f 1278/3897/987 1274/3898/987 1276/3899/987 1280/3900/987
f 1282/3901/988 1281/3902/988 1283/3903/988 1284/3904/988
f 1287/3905/989 1285/3906/989 1286/3907/989 1288/3908/989
f 1285/3909/990 1281/3910/990 1282/3911/990 1286/3912/990
f 1284/3913/991 1283/3914/991 1287/3915/991 1288/3916/991
f 1283/3917/992 1281/3918/992 1285/3919/992 1287/3920/992
f 1286/3921/993 1282/3922/993 1284/3923/993 1288/3924/993
f 1290/3925/994 1289/3926/994 1291/3927/994 1292/3928/994
f 1295/3929/995 1293/3930/995 1294/3931/995 1296/3932/995
f 1293/3933/996 1289/3934/996 1290/3935/996 1294/3936/996
f 1292/3937/997 1291/3938/997 1295/3939/997 1296/3940/997
f 1291/3941/998 1289/3942/998 1293/3943/998 1295/3944/998
f 1294/3945/999 1290/3946/999 1292/3947/999 1296/3948/999
f 1298/3949/1000 1297/3950/1000 1299/3951/1000 1300/3952/1000
f 1303/3953/1001 1301/3954/1001 1302/3955/1001 1304/3956/1001
f 1301/3957/1002 1297/3958/1002 1298/3959/1002 1302/3960/1002
f 1300/3961/1003 1299/3962/1003 1303/3963/1003 1304/3964/1003
f 1299/3965/1004 1297/3966/1004 1301/3967/1004 1303/3968/1004
f 1302/3969/1005 1298/3970/1005 1300/3971/1005 1304/3972/1005
f 1306/3973/1006 1305/3974/1006 1307/3975/1006 1308/3976/1006
f 1311/3977/1007 1309/3978/1007 1310/3979/1007 1312/3980/1007
f 1309/3981/1008 1305/3982/1008 1306/3983/1008 1310/3984/1008
f 1308/3985/1009 1307/3986/1009 1311/3987/1009 1312/3988/1009
f 1307/3989/1010 1305/3990/1010 1309/3991/1010 1311/3992/1010
f 1310/3993/1011 1306/3994/1011 1308/3995/1011 1312/3996/1011
f 1314/3997/1012 1313/3998/1012 1315/3999/1012 1316/4000/1012
f 1319/4001/1013 1317/4002/1013 1318/4003/1013 1320/4004/1013
f 1317/4005/1014 1313/4006/1014 1314/4007/1014 1318/4008/1014
f 1316/4009/1015 1315/4010/1015 1319/4011/1015 1320/4012/1015
f 1315/4013/1016 1313/4014/1016 1317/4015/1016 1319/4016/1016
f 1318/4017/1017 1314/4018/1017 1316/4019/1017 1320/4020/1017
f 1322/4021/1018 1321/4022/1018 1323/4023/1018 1324/4024/1018
f 1327/4025/1019 1325/4026/1019 1326/4027/1019 1328/4028/1019
f 1325/4029/1020 1321/4030/1020 1322/4031/1020 1326/4032/1020
f 1324/4033/1021 1323/4034/1021 1327/4035/1021 1328/4036/1021
f 1323/4037/1022 1321/4038/1022 1325/4039/1022 1327/4040/1022
f 1326/4041/1023 1322/4042/1023 1324/4043/1023 1328/4044/1023
f 1330/4045/1024 1329/4046/1024 1331/4047/1024 1332/4048/1024
f 1335/4049/1025 1333/4050/1025 1334/4051/1025 1336/4052/1025
f 1333/4053/1026 1329/4054/1026 1330/4055/1026 1334/4056/1026
f 1332/4057/1027 1331/4058/1027 1335/4059/1027 1336/4060/1027
f 1331/4061/1028 1329/4062/1028 1333/4063/1028 1335/4064/1028
f 1334/4065/1029 1330/4066/1029 1332/4067/1029 1336/4068/1029
f 1338/4069/1030 1337/4070/1030 1339/4071/1030 1340/4072/1030
f 1343/4073/1031 1341/4074/1031 1342/4075/1031 1344/4076/1031
f 1341/4077/1032 1337/4078/1032 1338/4079/1032 1342/4080/1032
f 1340/4081/1033 1339/4082/1033 1343/4083/1033 1344/4084/1033
f 1339/4085/1034 1337/4086/1034 1341/4087/1034 1343/4088/1034
f 1342/4089/1035 1338/4090/1035 1340/4091/1035 1344/4092/1035
f 1346/4093/1036 1345/4094/1036 1347/4095/1036 1348/4096/1036
f 1351/4097/1037 1349/4098/1037 1350/4099/1037 1352/4100/1037
f 1349/4101/1038 1345/4102/1038 1346/4103/1038 1350/4104/1038
f 1348/4105/1039 1347/4106/1039 1351/4107/1039 1352/4108/1039
f 1347/4109/1040 1345/4110/1040 1349/4111/1040 1351/4112/1040
f 1350/4113/1041 1346/4114/1041 1348/4115/1041 1352/4116/1041
o palmera
v 17.636536994455156 3.5544474618614426 10.224867826918754
v 17.537367826918754 3.5544474618614426 10.300963005544842
v 17.636536994455156 2.084684263920824 10.224867826918754
v 17.537367826918754 2.084684263920824 10.300963005544842
v 17.712632173081246 3.5544474618614426 10.324036994455158
v 17.613463005544844 3.5544474618614426 10.400132173081246
v 17.712632173081246 2.084684263920824 10.324036994455158
v 17.613463005544844 2.084684263920824 10.400132173081246
v 17.636536994455156 3.3834790945770017 10.224867826918754
v 17.712632173081246 3.359973461264725 10.324036994455158
v 17.670215124591564 3.3956128198444073 10.26875802062237
v 17.712632173081246 2.2479912859142264 10.324036994455158
v 17.613463005544844 2.2479912859142264 10.400132173081246
v 17.712632173081246 0.125 10.324036994455158
v 17.613463005544844 0.125 10.400132173081246
v 17.788727351707337 2.2479912859142264 10.423206161991562
v 17.689558184170934 2.2479912859142264 10.499301340617652
v 17.788727351707337 0.125 10.423206161991562
v 17.689558184170934 0.125 10.499301340617652
v 17.712632173081246 2.0010369776144783 10.324036994455158
v 17.788727351707337 1.9670843961634124 10.423206161991562
v 17.746310303217655 2.0185634696673977 10.367927188158774
v 17.22537297083638 3.1837549003163543 9.256662831843059
v 17.289094875199574 3.2404708055478313 9.494475605228178
v 17.230990877233303 3.022928876440259 9.277629234908868
v 17.294712781596495 3.0796447816717345 9.51544200829399
v 17.346113680018483 3.183754852081318 9.224310379908138
v 17.409835584381675 3.2404707573127935 9.462123153293259
v 17.351731586415408 3.022928828205221 9.24527678297395
v 17.4154534907786 3.0796447334366976 9.48308955635907
v 18.18558431777285 3.3435161511779454 9.677817139370173
v 18.001966299148023 3.3719824315879947 9.84607190401091
v 18.177552106071055 3.1808305613051675 9.685177365465556
v 17.993934087446227 3.2092968417152177 9.853432130106299
v 18.354481794180884 3.3435162791357627 9.862136542751882
v 18.170863775556054 3.3719825595458124 10.03039130739262
v 18.34644958247909 3.1808306892629847 9.869496768847265
v 18.16283156385426 3.2092969696730353 10.037751533488006
v 18.055567099045454 3.439092058721723 9.712184613492314
v 17.871949080420627 3.467558339131773 9.880439378133053
v 18.047534887343662 3.2764064688489456 9.719544839587698
v 17.86391686871883 3.3048727492589958 9.887799604228436
v 18.308913313657506 3.439092250658449 9.988663718564874
v 18.12529529503268 3.467558531068499 10.156918483205613
v 18.30088110195571 3.2764066607856717 9.996023944660259
v 18.11726308333088 3.304872941195721 10.164278709300998
v 17.746284101865438 3.732936454313012 9.995590340370157
v 17.37904806461578 3.789869015133111 10.332099869651636
v 17.738251890163642 3.570250864440234 10.002950566465541
v 17.371015852913985 3.627183425260334 10.339460095747022
v 17.99963031647749 3.7329366462497378 10.272069445442717
v 17.632394279227828 3.7898692070698363 10.608578974724196
v 17.99159810477569 3.57025105637696 10.279429671538104
v 17.62436206752603 3.6271836171970597 10.615939200819582
v 17.925549955454528 3.5346679754509385 9.74655216870107
v 17.37469589958004 3.6200668166810877 10.251316462623286
v 17.917517743752732 3.3719823855781614 9.753912394796453
v 17.366663687878244 3.4573812268083097 10.258676688718674
v 18.263344908270597 3.534668231366573 10.115190975464483
v 17.712490852396108 3.620067072596722 10.619955269386702
v 18.255312696568797 3.3719826414937955 10.12255120155987
v 17.70445864069431 3.457381482723945 10.627315495482089
v 18.315601536500246 3.247940243634166 9.643449665248033
v 18.131983517875415 3.2764065240442157 9.811704429888772
v 18.30756932479845 3.085254653761389 9.650809891343417
v 18.12395130617362 3.1137209341714387 9.819064655984159
v 18.400050274704263 3.247940307613075 9.735609366938887
v 18.216432256079436 3.276406588023125 9.903864131579628
v 18.392018063002467 3.0852547177402974 9.742969593034271
v 18.208400044377637 3.1137209981503475 9.911224357675012
v 18.421113361111313 3.3363997067447304 10.720122132807967
v 18.08254131614611 3.3790991222679976 10.562243171429687
v 18.411239646019304 3.173714116723459 10.715517887487378
v 18.072667601054096 3.2164135322467264 10.557638926109098
v 18.31545866542639 3.336399589198228 10.946699018830612
v 17.976886620461187 3.3790990047214957 10.788820057452329
v 18.305584950334378 3.1737139991769574 10.942094773510023
v 17.967012905369174 3.2164134147002255 10.784215812131745
v 18.33960652901797 3.431975675664588 10.613153752875746
v 18.00103448405277 3.474675091187855 10.455274791497466
v 18.329732813925958 3.2692900856433162 10.608549507555159
v 17.991160768960754 3.311989501166584 10.45067054617688
v 18.18112448549059 3.4319754993448353 10.953019081909714
v 17.842552440525385 3.4746749148681033 10.795140120531434
v 18.171250770398572 3.2692899093235646 10.948414836589125
v 17.83267872543337 3.3119893248468313 10.790535875210844
v 17.959416294492517 3.725820072953145 10.435868209618718
v 17.39512955288384 3.7969857654919235 10.172736607321582
v 17.9495425794005 3.5631344829318743 10.431263964298132
v 17.385255837791828 3.634300175470652 10.168132362000994
v 17.800934250965128 3.725819896633393 10.775733538652684
v 17.236647509356455 3.796985589172171 10.51260193635555
v 17.791060535873118 3.563134306612122 10.771129293332097
v 17.226773794264442 3.6342999991509 10.50799769103496
v 18.258099640496805 3.5275516571644214 10.506185495946674
v 17.46809820224466 3.6271836267187103 10.137801252730686
v 18.24822592540479 3.36486606714315 10.501581250626083
v 17.45822448715265 3.4644980366974396 10.133197007410097
v 18.046790249126957 3.527551422071418 10.959339267991963
v 17.256788810874816 3.627183391625708 10.590955024775973
v 18.036916534034944 3.364865832050148 10.954735022671374
v 17.246915095782803 3.464497801604437 10.586350779455383
v 18.50262019320466 3.240823737824872 10.827090512740186
v 18.164048148239456 3.2835231533481384 10.669211551361906
v 18.492746478112643 3.0781381478036005 10.822486267419595
v 18.15417443314744 3.1208375633268677 10.664607306041319
v 18.449792845362197 3.2408236790516205 10.940378955751509
v 18.111220800396993 3.2835230945748886 10.782499994373227
v 18.43991913027018 3.0781380890303502 10.93577471043092
v 18.101347085304976 3.1208375045536165 10.77789574905264
v 17.205841682685755 3.3363996466314125 11.196245514233079
v 17.363720244265433 3.3790987425560566 10.857673259223954
v 17.210445712256444 3.173714047289856 11.186371788508499
v 17.368324273836123 3.2164131432145 10.847799533499376
v 16.979264655313465 3.3364000155115976 11.090591121673858
v 17.137143216893143 3.3790991114362416 10.752018866664734
v 16.98386868488415 3.173714416170041 11.08071739594928
v 17.14174724646383 3.216413512094686 10.74214514094016
v 17.312810097955385 3.4319754939445986 11.114738606358312
v 17.470688659535064 3.4746745898692426 10.776166351349186
v 17.31741412752607 3.269289894603042 11.104864880633734
v 17.47529268910575 3.311988990527686 10.766292625624608
v 16.97294455689695 3.4319760472648753 10.956257017519482
v 17.13082311847663 3.47467514318952 10.61768476251036
v 16.977548586467638 3.269290447923319 10.946383291794906
v 17.135427148047317 3.3119895438479636 10.607811036785781
v 17.490095774478615 3.7258199977660302 10.734548441847494
v 17.75322671044475 3.7969851576404374 10.170261350165621
v 17.494699804049304 3.5631343984244728 10.724674716122914
v 17.757830740015436 3.6342995582988795 10.160387624441041
v 17.15023023342018 3.725820551086307 10.576066853008665
v 17.413361169386317 3.7969857109607137 10.01177976132679
v 17.15483426299087 3.5631349517447504 10.566193127284086
v 17.417965198957003 3.634300111619158 10.001906035602211
v 17.41977865675427 3.527551566903509 11.033231782084995
v 17.78816196710686 3.6271827907276775 10.243229853730375
v 17.424382686324957 3.3648659675619523 11.023358056360419
v 17.792765996677545 3.4644971913861218 10.233356128005797
v 16.966624602009695 3.527552304663879 10.82192299696656
v 17.33500791236228 3.627183528488048 10.031921068611936
v 16.97122863158038 3.3648667053223225 10.812049271241982
v 17.339611941932965 3.464497929146492 10.02204734288736
v 17.09887326741612 3.2408237993182256 11.277752422107849
v 17.256751828995803 3.2835228952428697 10.939180167098726
v 17.10347729698681 3.0781381999766686 11.26787869638327
v 17.26135585856649 3.120837295901313 10.929306441374145
v 16.98558475372998 3.240823983758318 11.224925225828239
v 17.14346331530966 3.283523079682962 10.886352970819118
v 16.990188783300667 3.078138384416761 11.215051500103662
v 17.148067344880342 3.1208374803414047 10.876479245094538
v 16.62860871856794 3.346002237932158 10.395872480497003
v 16.998985774923078 3.3887014351518974 10.34711139841301
v 16.639409938954554 3.1833166415446157 10.394450598204754
v 17.009786995309693 3.2260158387643543 10.345689516120764
v 16.595977180523075 3.346001913122812 10.148011263835814
v 16.966354236878214 3.3887011103425513 10.099250181751819
v 16.60677840090969 3.1833163167352687 10.146589381543567
v 16.977155457264832 3.226015513955009 10.097828299459575
v 16.754824985292615 3.441578258667728 10.44229510378277
v 17.125202041647754 3.484277455887468 10.393534021698777
v 16.765626205679233 3.278892662280185 10.440873221490522
v 17.13600326203437 3.3215918594999243 10.392112139406532
v 16.705877678225324 3.441577771453708 10.070503278790987
v 17.076254734580463 3.4842769686734476 10.021742196706994
v 16.71667889861194 3.2788921750661655 10.069081396498738
v 17.087055954967077 3.3215913722859054 10.020320314414747
v 17.170729634588753 3.735422728724127 10.38754022379998
v 17.788024728513985 3.8065880574236926 10.306271753659994
v 17.181530854975367 3.5727371323365844 10.386118341507736
v 17.798825948900596 3.6439024610361503 10.304849871367747
v 17.121782327521462 3.7354222415101077 10.015748398808197
v 17.73907742144669 3.8065875702096728 9.934479928668209
v 17.132583547908077 3.572736645122565 10.01432651651595
v 17.749878641833305 3.643901973822131 9.933058046375962
v 16.881041243034925 3.5371544375189568 10.488717739961603
v 17.745254374530255 3.6367858976983483 10.374941881765622
v 16.891842463421543 3.3744688411314145 10.487295857669357
v 17.756055594916866 3.474100301310806 10.373519999473373
v 16.815778166945204 3.537153787900264 9.992995306639223
v 17.67999129844053 3.636785248079655 9.87921944844324
v 16.82657938733182 3.3744681915127206 9.991573424346978
v 17.69079251882714 3.4740996516921134 9.877797566150996
v 16.50239245184326 3.2504262171965888 10.349449857211233
v 16.8727695081984 3.2931254144163287 10.300688775127242
v 16.513193672229875 3.0877406208090457 10.348027974918988
v 16.883570728585013 3.130439818028785 10.299266892834996
v 16.486076682820826 3.2504260547919155 10.22551924888064
v 16.85645373917597 3.2931252520116545 10.176758166796647
v 16.496877903207444 3.087740458404373 10.224097366588394
v 16.867254959562583 3.1304396556241127 10.1753362845044
v 17.194054525555377 3.2925259018934603 9.381262259412509
v 17.25777642991857 3.3492418071249364 9.61907503279763
v 17.1996724319523 3.131699878017364 9.40222866247832
v 17.263394336315496 3.18841578324884 9.64004143586344
v 17.435535943919586 3.2925258054233857 9.31655735554267
v 17.499257848282777 3.3492417106548618 9.554370128927793
v 17.441153850316507 3.1316997815472893 9.337523758608484
v 17.504875754679702 3.1884156867787654 9.575336531993605
v 17.162736080274374 3.4012969034705645 9.50586168698196
v 17.226457984637566 3.4580128087020405 9.743674460367082
v 17.168353986671296 3.2404708795944677 9.526828090047772
v 17.23207589103449 3.2971867848259437 9.764640863432893
v 17.52495820782069 3.4012967587654535 9.408804331177205
v 17.58868011218388 3.4580126639969286 9.646617104562328
v 17.53057611421761 3.2404707348893567 9.429770734243014
v 17.594298018580805 3.297186640120833 9.667583507628137
v 17.265822168943714 3.741788833387637 9.890584513076163
v 17.3932659776701 3.855220643850589 10.366210059846406
v 17.27144007534064 3.580962809511541 9.911550916141973
v 17.398883884067022 3.694394619974493 10.387176462912217
v 17.628044296490025 3.7417886886825253 9.793527157271408
v 17.75548810521641 3.855220499145478 10.269152704041648
v 17.63366220288695 3.580962664806429 9.814493560337219
v 17.761106011613336 3.6943944752693807 10.290119107107463
v 17.131417481191225 3.510067933354929 9.630461151807342
v 17.322583194280803 3.680215649049358 10.343899471962704
v 17.13703538758815 3.349241909478833 9.651427554873152
v 17.328201100677727 3.519389625173261 10.364865875028517
v 17.61438031791964 3.51006774041478 9.501051344067667
v 17.805546031009218 3.6802154561092086 10.214489664223029
v 17.619998224316564 3.3492417165386827 9.522017747133479
v 17.811163937406143 3.519389432233112 10.235456067288842
vt 0.1328125 0.40625
vt 0.1484375 0.40625
vt 0.1484375 0.421875
vt 0.1328125 0.421875
vt 0.2578125 0.40625
vt 0.2578125 0.421875
vt 0.2421875 0.421875
vt 0.2421875 0.40625
vt 0.2890625 0.65625
vt 0.2734375 0.65625
vt 0.2734375 0.515625
vt 0.2890625 0.515625
vt 0.015625 0.640625
vt 0 0.640625
vt 0 0.6242671875
vt 0.015625 0.5
vt 0 0.6242671875
vt 0 0.5
vt 0.015625 0.5
vt 0.0234375 0.5
vt 0.0390625 0.5
vt 0.0390625 0.62201796875
vt 0.0234375 0.640625
vt 0.0390625 0.62201796875
vt 0.0390625 0.640625
vt 0.0234375 0.640625
vt 0.0625 0.5
vt 0.0625 0.6242671875
vt 0.046875 0.62201796875
vt 0.046875 0.5
vt 0.055584375 0.625428125
vt 0.0625 0.6242671875
vt 0.0625 0.640625
vt 0.046875 0.640625
vt 0.046875 0.640625
vt 0.046875 0.62201796875
vt 0.055584375 0.625428125
vt 0.0625 0.6242671875
vt 0.055584375 0.625428125
vt 0.046875 0.62201796875
vt 0.5859375 0.8203125
vt 0.6015625 0.8203125
vt 0.6015625 0.8359375
vt 0.5859375 0.8359375
vt 0.28125 0.3984375
vt 0.28125 0.4140625
vt 0.265625 0.4140625
vt 0.265625 0.3984375
vt 0.140625 0.7109375
vt 0.125 0.7109375
vt 0.125 0.5078125
vt 0.140625 0.5078125
vt 0.1640625 0.7109375
vt 0.1484375 0.7109375
vt 0.1484375 0.687309375
vt 0.1640625 0.5078125
vt 0.1484375 0.687309375
vt 0.1484375 0.5078125
vt 0.1640625 0.5078125
vt 0.171875 0.5078125
vt 0.1875 0.5078125
vt 0.1875 0.6840609375
vt 0.171875 0.7109375
vt 0.1875 0.6840609375
vt 0.1875 0.7109375
vt 0.171875 0.7109375
vt 0.2109375 0.5078125
vt 0.2109375 0.687309375
vt 0.1953125 0.6840609375
vt 0.1953125 0.5078125
vt 0.204021875 0.6889859375
vt 0.2109375 0.687309375
vt 0.2109375 0.7109375
vt 0.1953125 0.7109375
vt 0.1953125 0.7109375
vt 0.1953125 0.6840609375
vt 0.204021875 0.6889859375
vt 0.2109375 0.687309375
vt 0.204021875 0.6889859375
vt 0.1953125 0.6840609375
vt 0.0859375 0.4296875
vt 0.0546875 0.4296875
vt 0.0546875 0.4140625
vt 0.0859375 0.4140625
vt 0.46875 0.3984375
vt 0.484375 0.3984375
vt 0.484375 0.4296875
vt 0.46875 0.4296875
vt 0.5625 0.4296875
vt 0.578125 0.4296875
vt 0.578125 0.4609375
vt 0.5625 0.4609375
vt 0.5625 0.59375
vt 0.5625 0.5625
vt 0.578125 0.5625
vt 0.578125 0.59375
vt 0.6015625 0.6640625
vt 0.6015625 0.6796875
vt 0.5859375 0.6796875
vt 0.5859375 0.6640625
vt 0.6015625 0.65625
vt 0.5859375 0.65625
vt 0.5859375 0.640625
vt 0.6015625 0.640625
vt 0.1015625 0.7421875
vt 0.0703125 0.7421875
vt 0.0703125 0.7265625
vt 0.1015625 0.7265625
vt 0.265625 0.421875
vt 0.28125 0.421875
vt 0.28125 0.453125
vt 0.265625 0.453125
vt 0.390625 0.515625
vt 0.421875 0.515625
vt 0.421875 0.546875
vt 0.390625 0.546875
vt 0.4609375 0.8828125
vt 0.4609375 0.8515625
vt 0.4921875 0.8515625
vt 0.4921875 0.8828125
vt 0.3984375 0.421875
vt 0.3984375 0.4375
vt 0.3671875 0.4375
vt 0.3671875 0.421875
vt 0.59375 0.6171875
vt 0.5625 0.6171875
vt 0.5625 0.6015625
vt 0.59375 0.6015625
vt 0.53125 0.4453125
vt 0.5 0.4453125
vt 0.5 0.4296875
vt 0.53125 0.4296875
vt 0.1640625 0.4140625
vt 0.1796875 0.4140625
vt 0.1796875 0.4453125
vt 0.1640625 0.4453125
vt 0.390625 0.59375
vt 0.4375 0.59375
vt 0.4375 0.625
vt 0.390625 0.625
vt 0.21875 0.5859375
vt 0.21875 0.5546875
vt 0.265625 0.5546875
vt 0.265625 0.5859375
vt 0.546875 0.8671875
vt 0.546875 0.8828125
vt 0.5 0.8828125
vt 0.5 0.8671875
vt 0.5078125 0.5
vt 0.4609375 0.5
vt 0.4609375 0.484375
vt 0.5078125 0.484375
vt 0.5234375 0.90625
vt 0.4609375 0.90625
vt 0.4609375 0.890625
vt 0.5234375 0.890625
vt 0.2421875 0.484375
vt 0.2578125 0.484375
vt 0.2578125 0.546875
vt 0.2421875 0.546875
vt 0.3125 0.7734375
vt 0.359375 0.7734375
vt 0.359375 0.8359375
vt 0.3125 0.8359375
vt 0.3125 0.765625
vt 0.3125 0.703125
vt 0.359375 0.703125
vt 0.359375 0.765625
vt 0.046875 0.4765625
vt 0.046875 0.4921875
vt 0 0.4921875
vt 0 0.4765625
vt 0.5546875 0.6015625
vt 0.5078125 0.6015625
vt 0.5078125 0.5859375
vt 0.5546875 0.5859375
vt 0.484375 0.6484375
vt 0.390625 0.6484375
vt 0.390625 0.6328125
vt 0.484375 0.6328125
vt 0.296875 0.53125
vt 0.3125 0.53125
vt 0.3125 0.625
vt 0.296875 0.625
vt 0.1875 0.71875
vt 0.25 0.71875
vt 0.25 0.8125
vt 0.1875 0.8125
vt 0.1171875 0.8125
vt 0.1171875 0.71875
vt 0.1796875 0.71875
vt 0.1796875 0.8125
vt 0.5234375 0.828125
vt 0.5234375 0.84375
vt 0.4609375 0.84375
vt 0.4609375 0.828125
vt 0.5234375 0.8203125
vt 0.4609375 0.8203125
vt 0.4609375 0.8046875
vt 0.5234375 0.8046875
vt 0.5859375 0.703125
vt 0.5546875 0.703125
vt 0.5546875 0.6875
vt 0.5859375 0.6875
vt 0.1875 0.4140625
vt 0.203125 0.4140625
vt 0.203125 0.4453125
vt 0.1875 0.4453125
vt 0.5625 0.6484375
vt 0.578125 0.6484375
vt 0.578125 0.6796875
vt 0.5625 0.6796875
vt 0.5625 1
vt 0.5625 0.96875
vt 0.578125 0.96875
vt 0.578125 1
vt 0.3046875 0.3984375
vt 0.3046875 0.4140625
vt 0.2890625 0.4140625
vt 0.2890625 0.3984375
vt 0.328125 0.4140625
vt 0.3125 0.4140625
vt 0.3125 0.3984375
vt 0.328125 0.3984375
vt 0.1015625 0.453125
vt 0.0546875 0.453125
vt 0.0546875 0.4375
vt 0.1015625 0.4375
vt 0.21875 0.4140625
vt 0.234375 0.4140625
vt 0.234375 0.4609375
vt 0.21875 0.4609375
vt 0.421875 0.796875
vt 0.453125 0.796875
vt 0.453125 0.84375
vt 0.421875 0.84375
vt 0.421875 0.8984375
vt 0.421875 0.8515625
vt 0.453125 0.8515625
vt 0.453125 0.8984375
vt 0.5234375 0.40625
vt 0.5234375 0.421875
vt 0.4921875 0.421875
vt 0.4921875 0.40625
vt 0.59375 0.421875
vt 0.5625 0.421875
vt 0.5625 0.40625
vt 0.59375 0.40625
vt 0.5859375 0.484375
vt 0.5390625 0.484375
vt 0.5390625 0.46875
vt 0.5859375 0.46875
vt 0.5390625 0.4140625
vt 0.5546875 0.4140625
vt 0.5546875 0.4609375
vt 0.5390625 0.4609375
vt 0.3671875 0.734375
vt 0.4140625 0.734375
vt 0.4140625 0.78125
vt 0.3671875 0.78125
vt 0.3671875 0.7265625
vt 0.3671875 0.6796875
vt 0.4140625 0.6796875
vt 0.4140625 0.7265625
vt 0.5859375 0.4921875
vt 0.5859375 0.5078125
vt 0.5390625 0.5078125
vt 0.5390625 0.4921875
vt 0.578125 0.640625
vt 0.53125 0.640625
vt 0.53125 0.625
vt 0.578125 0.625
vt 0.5390625 0.9296875
vt 0.4609375 0.9296875
vt 0.4609375 0.9140625
vt 0.5390625 0.9140625
vt 0.21875 0.46875
vt 0.234375 0.46875
vt 0.234375 0.546875
vt 0.21875 0.546875
vt 0.0703125 0.6328125
vt 0.1171875 0.6328125
vt 0.1171875 0.7109375
vt 0.0703125 0.7109375
vt 0.359375 0.890625
vt 0.28125 0.890625
vt 0.28125 0.84375
vt 0.359375 0.84375
vt 0.5859375 0.515625
vt 0.5859375 0.53125
vt 0.5390625 0.53125
vt 0.5390625 0.515625
vt 0.4140625 0.4609375
vt 0.3671875 0.4609375
vt 0.3671875 0.4453125
vt 0.4140625 0.4453125
vt 0.484375 0.9765625
vt 0.375 0.9765625
vt 0.375 0.9609375
vt 0.484375 0.9609375
vt 0.09375 0.515625
vt 0.109375 0.515625
vt 0.109375 0.625
vt 0.09375 0.625
vt 0.140625 0.8203125
vt 0.203125 0.8203125
vt 0.203125 0.9296875
vt 0.140625 0.9296875
vt 0.109375 0.8125
vt 0 0.8125
vt 0 0.75
vt 0.109375 0.75
vt 0.546875 0.671875
vt 0.546875 0.6875
vt 0.484375 0.6875
vt 0.484375 0.671875
vt 0.53125 0.5234375
vt 0.46875 0.5234375
vt 0.46875 0.5078125
vt 0.53125 0.5078125
vt 0.59375 0.953125
vt 0.546875 0.953125
vt 0.546875 0.9375
vt 0.59375 0.9375
vt 0.421875 0.4140625
vt 0.4375 0.4140625
vt 0.4375 0.4609375
vt 0.421875 0.4609375
vt 0.1484375 0.453125
vt 0.1640625 0.453125
vt 0.1640625 0.5
vt 0.1484375 0.5
vt 0.171875 0.5
vt 0.171875 0.453125
vt 0.1875 0.453125
vt 0.1875 0.5
vt 0.3984375 0.3984375
vt 0.3984375 0.4140625
vt 0.3828125 0.4140625
vt 0.3828125 0.3984375
vt 0.375 0.4140625
vt 0.359375 0.4140625
vt 0.359375 0.3984375
vt 0.375 0.3984375
vt 0.5546875 0.578125
vt 0.5078125 0.578125
vt 0.5078125 0.5625
vt 0.5546875 0.5625
vt 0.515625 0.453125
vt 0.53125 0.453125
vt 0.53125 0.5
vt 0.515625 0.5
vt 0.390625 0.5859375
vt 0.390625 0.5546875
vt 0.4375 0.5546875
vt 0.4375 0.5859375
vt 0.21875 0.7109375
vt 0.21875 0.6640625
vt 0.25 0.6640625
vt 0.25 0.7109375
vt 0.6171875 0.9609375
vt 0.6171875 0.9765625
vt 0.5859375 0.9765625
vt 0.5859375 0.9609375
vt 0.6171875 1
vt 0.5859375 1
vt 0.5859375 0.984375
vt 0.6171875 0.984375
vt 0.4375 0.484375
vt 0.390625 0.484375
vt 0.390625 0.46875
vt 0.4375 0.46875
vt 0.34375 0.4375
vt 0.359375 0.4375
vt 0.359375 0.484375
vt 0.34375 0.484375
vt 0.3203125 1
vt 0.3203125 0.953125
vt 0.3671875 0.953125
vt 0.3671875 1
vt 0.3671875 0.9453125
vt 0.3671875 0.8984375
vt 0.4140625 0.8984375
vt 0.4140625 0.9453125
vt 0.59375 0.9140625
vt 0.59375 0.9296875
vt 0.546875 0.9296875
vt 0.546875 0.9140625
vt 0.59375 0.7890625
vt 0.546875 0.7890625
vt 0.546875 0.7734375
vt 0.59375 0.7734375
vt 0.5234375 0.625
vt 0.4453125 0.625
vt 0.4453125 0.609375
vt 0.5234375 0.609375
vt 0.34375 0.4921875
vt 0.359375 0.4921875
vt 0.359375 0.5703125
vt 0.34375 0.5703125
vt 0.234375 1
vt 0.234375 0.953125
vt 0.3125 0.953125
vt 0.3125 1
vt 0.2578125 0.828125
vt 0.2578125 0.75
vt 0.3046875 0.75
vt 0.3046875 0.828125
vt 0.59375 0.75
vt 0.59375 0.765625
vt 0.546875 0.765625
vt 0.546875 0.75
vt 0.59375 0.8125
vt 0.546875 0.8125
vt 0.546875 0.796875
vt 0.59375 0.796875
vt 0.4765625 0.671875
vt 0.3671875 0.671875
vt 0.3671875 0.65625
vt 0.4765625 0.65625
vt 0.3671875 0.5390625
vt 0.3828125 0.5390625
vt 0.3828125 0.6484375
vt 0.3671875 0.6484375
vt 0 1
vt 0 0.9375
vt 0.109375 0.9375
vt 0.109375 1
vt 0 0.9296875
vt 0 0.8203125
vt 0.0625 0.8203125
vt 0.0625 0.9296875
vt 0.5546875 0.9609375
vt 0.5546875 0.9765625
vt 0.4921875 0.9765625
vt 0.4921875 0.9609375
vt 0.5546875 1
vt 0.4921875 1
vt 0.4921875 0.984375
vt 0.5546875 0.984375
vt 0.5546875 0.5546875
vt 0.5078125 0.5546875
vt 0.5078125 0.5390625
vt 0.5546875 0.5390625
vt 0.1953125 0.453125
vt 0.2109375 0.453125
vt 0.2109375 0.5
vt 0.1953125 0.5
vt 0.296875 0.4765625
vt 0.3125 0.4765625
vt 0.3125 0.5234375
vt 0.296875 0.5234375
vt 0.0703125 0.5078125
vt 0.0703125 0.4609375
vt 0.0859375 0.4609375
vt 0.0859375 0.5078125
vt 0.6015625 0.578125
vt 0.6015625 0.59375
vt 0.5859375 0.59375
vt 0.5859375 0.578125
vt 0.6015625 0.4609375
vt 0.5859375 0.4609375
vt 0.5859375 0.4453125
vt 0.6015625 0.4453125
vt 0.578125 0.859375
vt 0.53125 0.859375
vt 0.53125 0.84375
vt 0.578125 0.84375
vt 0.2890625 0.421875
vt 0.3046875 0.421875
vt 0.3046875 0.46875
vt 0.2890625 0.46875
vt 0.3203125 0.578125
vt 0.3515625 0.578125
vt 0.3515625 0.625
vt 0.3203125 0.625
vt 0.421875 0.953125
vt 0.421875 0.90625
vt 0.453125 0.90625
vt 0.453125 0.953125
vt 0.6171875 0.84375
vt 0.6171875 0.859375
vt 0.5859375 0.859375
vt 0.5859375 0.84375
vt 0.6171875 0.90625
vt 0.5859375 0.90625
vt 0.5859375 0.890625
vt 0.6171875 0.890625
vt 0.578125 0.90625
vt 0.53125 0.90625
vt 0.53125 0.890625
vt 0.578125 0.890625
vt 0.2421875 0.4296875
vt 0.2578125 0.4296875
vt 0.2578125 0.4765625
vt 0.2421875 0.4765625
vt 0.3671875 0.7890625
vt 0.4140625 0.7890625
vt 0.4140625 0.8359375
vt 0.3671875 0.8359375
vt 0.3671875 0.890625
vt 0.3671875 0.84375
vt 0.4140625 0.84375
vt 0.4140625 0.890625
vt 0.6015625 0.8671875
vt 0.6015625 0.8828125
vt 0.5546875 0.8828125
vt 0.5546875 0.8671875
vt 0.15625 0.4453125
vt 0.109375 0.4453125
vt 0.109375 0.4296875
vt 0.15625 0.4296875
vt 0.5390625 0.953125
vt 0.4609375 0.953125
vt 0.4609375 0.9375
vt 0.5390625 0.9375
vt 0.4453125 0.5234375
vt 0.4609375 0.5234375
vt 0.4609375 0.6015625
vt 0.4453125 0.6015625
vt 0.2578125 0.6640625
vt 0.3046875 0.6640625
vt 0.3046875 0.7421875
vt 0.2578125 0.7421875
vt 0.359375 0.9453125
vt 0.28125 0.9453125
vt 0.28125 0.8984375
vt 0.359375 0.8984375
vt 0.046875 0.4296875
vt 0.046875 0.4453125
vt 0 0.4453125
vt 0 0.4296875
vt 0.4921875 0.453125
vt 0.4453125 0.453125
vt 0.4453125 0.4375
vt 0.4921875 0.4375
vt 0.484375 1
vt 0.375 1
vt 0.375 0.984375
vt 0.484375 0.984375
vt 0.0703125 0.515625
vt 0.0859375 0.515625
vt 0.0859375 0.625
vt 0.0703125 0.625
vt 0.0703125 0.8203125
vt 0.1328125 0.8203125
vt 0.1328125 0.9296875
vt 0.0703125 0.9296875
vt 0.2265625 1
vt 0.1171875 1
vt 0.1171875 0.9375
vt 0.2265625 0.9375
vt 0.453125 0.4921875
vt 0.453125 0.5078125
vt 0.390625 0.5078125
vt 0.390625 0.4921875
vt 0.5546875 0.6640625
vt 0.4921875 0.6640625
vt 0.4921875 0.6484375
vt 0.5546875 0.6484375
vt 0.578125 0.8359375
vt 0.53125 0.8359375
vt 0.53125 0.8203125
vt 0.578125 0.8203125
vt 0.3125 0.421875
vt 0.328125 0.421875
vt 0.328125 0.46875
vt 0.3125 0.46875
vt 0.265625 0.4609375
vt 0.28125 0.4609375
vt 0.28125 0.5078125
vt 0.265625 0.5078125
vt 0.140625 0.5
vt 0.09375 0.5
vt 0.09375 0.484375
vt 0.140625 0.484375
vt 0.0546875 0.390625
vt 0.0546875 0.40625
vt 0.0390625 0.40625
vt 0.0390625 0.390625
vt 0.078125 0.40625
vt 0.0625 0.40625
vt 0.0625 0.390625
vt 0.078125 0.390625
vt 0.59375 0.5546875
vt 0.5625 0.5546875
vt 0.5625 0.5390625
vt 0.59375 0.5390625
vt 0.4453125 0.3984375
vt 0.4609375 0.3984375
vt 0.4609375 0.4296875
vt 0.4453125 0.4296875
vt 0.46875 0.5703125
vt 0.5 0.5703125
vt 0.5 0.6015625
vt 0.46875 0.6015625
vt 0.46875 0.5625
vt 0.46875 0.53125
vt 0.5 0.53125
vt 0.5 0.5625
vt 0.125 0.40625
vt 0.125 0.421875
vt 0.09375 0.421875
vt 0.09375 0.40625
vt 0.609375 0.7421875
vt 0.578125 0.7421875
vt 0.578125 0.7265625
vt 0.609375 0.7265625
vt 0.03125 0.421875
vt 0 0.421875
vt 0 0.40625
vt 0.03125 0.40625
vt 0.3359375 0.3984375
vt 0.3515625 0.3984375
vt 0.3515625 0.4296875
vt 0.3359375 0.4296875
vt 0.421875 0.71875
vt 0.46875 0.71875
vt 0.46875 0.75
vt 0.421875 0.75
vt 0.421875 0.7890625
vt 0.421875 0.7578125
vt 0.46875 0.7578125
vt 0.46875 0.7890625
vt 0.5703125 0.7109375
vt 0.5703125 0.7265625
vt 0.5234375 0.7265625
vt 0.5234375 0.7109375
vt 0.046875 0.46875
vt 0 0.46875
vt 0 0.453125
vt 0.046875 0.453125
vt 0.5390625 0.796875
vt 0.4765625 0.796875
vt 0.4765625 0.78125
vt 0.5390625 0.78125
vt 0.3671875 0.46875
vt 0.3828125 0.46875
vt 0.3828125 0.53125
vt 0.3671875 0.53125
vt 0.21875 0.59375
vt 0.265625 0.59375
vt 0.265625 0.65625
vt 0.21875 0.65625
vt 0.3125 0.6953125
vt 0.3125 0.6328125
vt 0.359375 0.6328125
vt 0.359375 0.6953125
vt 0.140625 0.4609375
vt 0.140625 0.4765625
vt 0.09375 0.4765625
vt 0.09375 0.4609375
vt 0.4921875 0.4765625
vt 0.4453125 0.4765625
vt 0.4453125 0.4609375
vt 0.4921875 0.4609375
vt 0.515625 0.7109375
vt 0.421875 0.7109375
vt 0.421875 0.6953125
vt 0.515625 0.6953125
vt 0.3203125 0.4765625
vt 0.3359375 0.4765625
vt 0.3359375 0.5703125
vt 0.3203125 0.5703125
vt 0 0.6484375
vt 0.0625 0.6484375
vt 0.0625 0.7421875
vt 0 0.7421875
vt 0.2109375 0.9296875
vt 0.2109375 0.8359375
vt 0.2734375 0.8359375
vt 0.2734375 0.9296875
vt 0.5390625 0.7578125
vt 0.5390625 0.7734375
vt 0.4765625 0.7734375
vt 0.4765625 0.7578125
vt 0.5390625 0.75
vt 0.4765625 0.75
vt 0.4765625 0.734375
vt 0.5390625 0.734375
vn 0 1 0
vn 0 -1 0
vn -0.7933533402912355 0 0.6087614290087204
vn -0.6087614290087204 0 -0.7933533402912355
vn -0.6087614290087204 0 -0.7933533402912355
vn 0.6087614290087204 0 0.7933533402912355
vn 0.6087614290087204 0 0.7933533402912355
vn 0.7933533402912355 0 -0.6087614290087204
vn 0.7933533402912355 0 -0.6087614290087204
vn 0.7933533402912355 0 -0.6087614290087204
vn 0.7933533402912355 0 -0.6087614290087204
vn 0 1 0
vn 0 -1 0
vn -0.7933533402912355 0 0.6087614290087204
vn -0.6087614290087204 0 -0.7933533402912355
vn -0.6087614290087204 0 -0.7933533402912355
vn 0.6087614290087204 0 0.7933533402912355
vn 0.6087614290087204 0 0.7933533402912355
vn 0.7933533402912355 0 -0.6087614290087204
vn 0.7933533402912355 0 -0.6087614290087204
vn 0.7933533402912355 0 -0.6087614290087204
vn 0.7933533402912355 0 -0.6087614290087204
vn -0.9659256734568491 2.2608039853719667e-7 0.25881961547935606
vn 0.9659256734568513 -2.2608040750786763e-7 -0.25881961547934756
vn -0.0581004917217995 0.974477781667364 -0.21683492776381438
vn 0.05810049172178704 -0.974477781667365 0.2168349277638127
vn -0.2564940905508901 -0.1337530804394494 -0.9572465173535133
vn 0.2564940905508859 0.13375308043945258 0.9572465173535141
vn -0.6755899056321496 -2.998728265228783e-7 -0.7372776135268541
vn 0.6755899056321446 2.998728269876115e-7 0.7372776135268588
vn 0.08372539457959591 0.9935310637988569 -0.07672081574907014
vn -0.08372539457959842 -0.9935310637988565 0.07672081574907244
vn 0.7356300170625889 -0.06681672361690019 -0.6740801164858655
vn -0.7356300170625879 0.06681672361691333 0.6740801164858651
vn -0.6755899056321558 -2.998728377826944e-7 -0.7372776135268484
vn 0.6755899056321492 2.9987282561266394e-7 0.7372776135268545
vn 0.0837253945795954 0.9935310637988568 -0.07672081574907316
vn -0.08372539457959753 -0.9935310637988565 0.07672081574907375
vn 0.7356300170625828 -0.06681672361689052 -0.6740801164858731
vn -0.7356300170625854 0.06681672361689972 0.6740801164858694
vn -0.6755899056321529 -2.998728361255871e-7 -0.7372776135268512
vn 0.6755899056321503 2.998728363865023e-7 0.7372776135268535
vn 0.08372539457959705 0.9935310637988569 -0.07672081574907083
vn -0.08372539457959692 -0.9935310637988567 0.07672081574907232
vn 0.735630017062588 -0.06681672361691192 -0.6740801164858652
vn -0.7356300170625872 0.06681672361692301 0.6740801164858651
vn -0.6755899056321496 -2.998728274576563e-7 -0.7372776135268542
vn 0.6755899056321517 2.998728353058865e-7 0.7372776135268522
vn 0.08372539457959696 0.9935310637988566 -0.07672081574907288
vn -0.08372539457959652 -0.9935310637988568 0.07672081574907079
vn 0.7356300170625842 -0.06681672361688965 -0.6740801164858715
vn -0.7356300170625881 0.06681672361691278 0.6740801164858651
vn -0.6755899056321502 -2.998728373577947e-7 -0.7372776135268536
vn 0.675589905632162 2.998728481050766e-7 0.7372776135268427
vn 0.08372539457959473 0.9935310637988569 -0.07672081574907283
vn -0.08372539457959728 -0.9935310637988569 0.07672081574907
vn 0.7356300170625881 -0.0668167236169016 -0.6740801164858662
vn -0.7356300170625804 0.06681672361690158 0.6740801164858745
vn 0.4226187827397063 2.7547362796977643e-7 -0.906307544090599
vn -0.4226187827397111 -2.754736179917386e-7 0.9063075440905968
vn 0.10292068028870788 0.9935310653384449 0.04799328886797014
vn -0.10292068028870838 -0.9935310653384448 -0.047993288867969816
vn 0.9042822013012257 -0.06681671562401434 0.4216743138051322
vn -0.9042822013012242 0.06681671562401946 -0.4216743138051347
vn 0.4226187827397073 2.7547361833874146e-7 -0.9063075440905987
vn -0.4226187827397029 -2.7547361395874383e-7 0.9063075440906005
vn 0.102920680288709 0.9935310653384449 0.04799328886796948
vn -0.10292068028870938 -0.9935310653384449 -0.047993288867969164
vn 0.9042822013012273 -0.06681671562401942 0.42167431380512815
vn -0.9042822013012267 0.06681671562401484 -0.4216743138051304
vn 0.42261878273970255 2.7547359909932753e-7 -0.9063075440906008
vn -0.4226187827397029 -2.754736135586311e-7 0.9063075440906005
vn 0.10292068028870785 0.993531065338445 0.04799328886796898
vn -0.1029206802887068 -0.993531065338445 -0.04799328886796742
vn 0.9042822013012223 -0.06681671562402963 0.4216743138051375
vn -0.9042822013012244 0.0668167156240241 -0.4216743138051339
vn 0.42261878273970405 2.754736235346433e-7 -0.9063075440906001
vn -0.4226187827397093 -2.7547362781398277e-7 0.9063075440905975
vn 0.1029206802887068 0.993531065338445 0.04799328886796819
vn -0.10292068028870914 -0.9935310653384449 -0.04799328886796673
vn 0.9042822013012248 -0.06681671562402895 0.42167431380513176
vn -0.9042822013012284 0.06681671562400508 -0.4216743138051282
vn 0.4226187827397039 2.7547362355083006e-7 -0.9063075440906003
vn -0.4226187827397069 -2.7547361366485437e-7 0.9063075440905988
vn 0.10292068028870371 0.9935310653384452 0.04799328886797326
vn -0.10292068028871196 -0.9935310653384448 -0.04799328886796237
vn 0.9042822013012278 -0.06681671562402879 0.42167431380512577
vn -0.9042822013012166 0.06681671562402963 -0.42167431380514936
vn 0.9063081094893932 -8.644813351872908e-7 0.42261757023698715
vn -0.9063081094893969 8.644813543573041e-7 -0.4226175702369793
vn -0.047991041873219786 0.9935311619715086 0.10292079523335826
vn 0.04799104187322065 -0.9935311619715085 -0.10292079523335838
vn -0.42167323603512874 -0.06681621393294761 0.9042827409429692
vn 0.42167323603512613 0.06681621393293799 -0.9042827409429712
vn 0.9063081094893954 -8.644813398328457e-7 0.4226175702369828
vn -0.9063081094893977 8.644813496055277e-7 -0.42261757023697794
vn -0.04799104187322261 0.9935311619715088 0.10292079523335607
vn 0.04799104187322085 -0.9935311619715085 -0.10292079523335876
vn -0.42167323603513074 -0.06681621393293774 0.9042827409429692
vn 0.4216732360351234 0.06681621393293795 -0.9042827409429726
vn 0.9063081094893932 -8.644813354365607e-7 0.42261757023698754
vn -0.9063081094893919 8.644813206670808e-7 -0.42261757023699026
vn -0.04799104187322163 0.9935311619715085 0.10292079523335845
vn 0.04799104187322091 -0.9935311619715086 -0.10292079523335779
vn -0.42167323603512485 -0.06681621393294734 0.9042827409429712
vn 0.4216732360351286 0.06681621393294246 -0.9042827409429697
vn 0.9063081094893939 -8.64481345109687e-7 0.42261757023698576
vn -0.9063081094893957 8.644813495195277e-7 -0.4226175702369821
vn -0.047991041873219766 0.9935311619715087 0.10292079523335723
vn 0.047991041873219994 -0.9935311619715087 -0.10292079523335854
vn -0.4216732360351222 -0.06681621393292819 0.9042827409429739
vn 0.421673236035125 0.06681621393292865 -0.9042827409429726
vn 0.9063081094893918 -8.644813403993819e-7 0.4226175702369904
vn -0.9063081094893941 8.644813501649779e-7 -0.4226175702369855
vn -0.04799104187322086 0.9935311619715084 0.10292079523335931
vn 0.047991041873219537 -0.9935311619715085 -0.10292079523335917
vn -0.42167323603514023 -0.06681621393293781 0.9042827409429647
vn 0.4216732360351169 0.06681621393295244 -0.9042827409429743
vn 0.13052615217947552 7.612000593997751e-7 0.9914448666449593
vn -0.13052615217947927 -7.612000603557986e-7 -0.9914448666449587
vn -0.1125887237104786 0.9935311313441821 0.014821280079511764
vn 0.11258872371047757 -0.9935311313441821 -0.014821280079508094
vn -0.9892292627505148 -0.06681637294127726 0.13023455004354775
vn 0.9892292627505153 0.06681637294124866 -0.13023455004355944
vn 0.13052615217947786 7.612000548675226e-7 0.9914448666449589
vn -0.13052615217947575 -7.612000546656967e-7 -0.9914448666449593
vn -0.11258872371047968 0.9935311313441819 0.014821280079509072
vn 0.11258872371047973 -0.9935311313441819 -0.014821280079510266
vn -0.989229262750515 -0.06681637294127407 0.13023455004354645
vn 0.9892292627505155 0.06681637294127017 -0.13023455004354537
vn 0.13052615217947233 7.612000694613787e-7 0.9914448666449598
vn -0.13052615217947697 -7.6120006020284e-7 -0.9914448666449592
vn -0.11258872371047829 0.993531131344182 0.014821280079510675
vn 0.11258872371047896 -0.993531131344182 -0.014821280079510439
vn -0.9892292627505155 -0.0668163729412704 0.13023455004354642
vn 0.9892292627505155 0.06681637294125015 -0.13023455004355547
vn 0.13052615217946925 7.612000741619712e-7 0.9914448666449602
vn -0.13052615217947253 -7.612000693606113e-7 -0.9914448666449597
vn -0.1125887237104783 0.993531131344182 0.014821280079510148
vn 0.11258872371047889 -0.993531131344182 -0.01482128007950767
vn -0.9892292627505153 -0.06681637294127309 0.13023455004354567
vn 0.9892292627505159 0.06681637294125953 -0.13023455004354853
vn 0.13052615217947414 7.612000694840368e-7 0.9914448666449596
vn -0.13052615217947494 -7.612000640701165e-7 -0.9914448666449593
vn -0.1125887237104794 0.9935311313441819 0.014821280079510127
vn 0.11258872371047901 -0.9935311313441819 -0.01482128007951223
vn -0.9892292627505141 -0.0668163729412701 0.13023455004355589
vn 0.989229262750516 0.0668163729412728 -0.13023455004354054
vn -0.9659256734568487 2.2608039666764032e-7 0.2588196154793577
vn 0.9659256734568501 -2.2608040394933934e-7 -0.25881961547935234
vn -0.05810049172179303 0.9744777816673647 -0.21683492776381275
vn 0.05810049172179296 -0.9744777816673643 0.21683492776381438
vn -0.25649409055088807 -0.13375308043945364 -0.9572465173535133
vn 0.25649409055087935 0.13375308043944883 0.9572465173535164
vn -0.9659256734568519 2.2608040941460145e-7 0.2588196154793457
vn 0.9659256734568507 -2.2608039983844622e-7 -0.2588196154793505
vn -0.05810049172179377 0.9744777816673644 -0.21683492776381344
vn 0.058100491721793726 -0.9744777816673648 0.21683492776381175
vn -0.25649409055088307 -0.13375308043944742 -0.9572465173535154
vn 0.2564940905508787 0.13375308043945824 0.9572465173535151
vn -0.9659256734568482 2.2608038884950615e-7 0.25881961547935944
vn 0.9659256734568484 -2.2608039456439181e-7 -0.25881961547935806
vn -0.05810049172179463 0.9744777816673645 -0.21683492776381272
vn 0.05810049172179134 -0.9744777816673648 0.21683492776381258
vn -0.25649409055088723 -0.13375308043944528 -0.9572465173535146
vn 0.256494090550887 0.13375308043945322 0.9572465173535136
vn -0.9659256734568493 2.2608039825392905e-7 0.2588196154793547
vn 0.9659256734568493 -2.2608039415365585e-7 -0.2588196154793553
vn -0.05810049172179246 0.9744777816673645 -0.21683492776381322
vn 0.05810049172179087 -0.9744777816673645 0.21683492776381347
vn -0.2564940905508854 -0.13375308043944864 -0.9572465173535146
vn 0.2564940905508867 0.13375308043945716 0.9572465173535132
usemtl m_d63b48de-5995-e43b-dcc1-461060c57ade
f 1357/4117/1042 1353/4118/1042 1354/4119/1042 1358/4120/1042
f 1356/4121/1043 1355/4122/1043 1359/4123/1043 1360/4124/1043
f 1358/4125/1044 1354/4126/1044 1356/4127/1044 1360/4128/1044
f 1354/4129/1045 1353/4130/1045 1361/4131/1045 1356/4132/1045
f 1361/4133/1046 1355/4134/1046 1356/4135/1046
f 1360/4136/1047 1359/4137/1047 1362/4138/1047 1358/4139/1047
f 1362/4140/1048 1357/4141/1048 1358/4142/1048
f 1355/4143/1049 1361/4144/1049 1362/4145/1049 1359/4146/1049
f 1363/4147/1050 1361/4148/1050 1353/4149/1050 1357/4150/1050
f 1357/4151/1051 1362/4152/1051 1363/4153/1051
f 1361/4154/1052 1363/4155/1052 1362/4156/1052
f 1368/4157/1053 1364/4158/1053 1365/4159/1053 1369/4160/1053
f 1367/4161/1054 1366/4162/1054 1370/4163/1054 1371/4164/1054
f 1369/4165/1055 1365/4166/1055 1367/4167/1055 1371/4168/1055
f 1365/4169/1056 1364/4170/1056 1372/4171/1056 1367/4172/1056
f 1372/4173/1057 1366/4174/1057 1367/4175/1057
f 1371/4176/1058 1370/4177/1058 1373/4178/1058 1369/4179/1058
f 1373/4180/1059 1368/4181/1059 1369/4182/1059
f 1366/4183/1060 1372/4184/1060 1373/4185/1060 1370/4186/1060
f 1374/4187/1061 1372/4188/1061 1364/4189/1061 1368/4190/1061
f 1368/4191/1062 1373/4192/1062 1374/4193/1062
f 1372/4194/1063 1374/4195/1063 1373/4196/1063
f 1376/4197/1064 1375/4198/1064 1377/4199/1064 1378/4200/1064
f 1381/4201/1065 1379/4202/1065 1380/4203/1065 1382/4204/1065
f 1379/4205/1066 1375/4206/1066 1376/4207/1066 1380/4208/1066
f 1378/4209/1067 1377/4210/1067 1381/4211/1067 1382/4212/1067
f 1377/4213/1068 1375/4214/1068 1379/4215/1068 1381/4216/1068
f 1380/4217/1069 1376/4218/1069 1378/4219/1069 1382/4220/1069
f 1384/4221/1070 1383/4222/1070 1385/4223/1070 1386/4224/1070
f 1389/4225/1071 1387/4226/1071 1388/4227/1071 1390/4228/1071
f 1387/4229/1072 1383/4230/1072 1384/4231/1072 1388/4232/1072
f 1386/4233/1073 1385/4234/1073 1389/4235/1073 1390/4236/1073
f 1385/4237/1074 1383/4238/1074 1387/4239/1074 1389/4240/1074
f 1388/4241/1075 1384/4242/1075 1386/4243/1075 1390/4244/1075
f 1392/4245/1076 1391/4246/1076 1393/4247/1076 1394/4248/1076
f 1397/4249/1077 1395/4250/1077 1396/4251/1077 1398/4252/1077
f 1395/4253/1078 1391/4254/1078 1392/4255/1078 1396/4256/1078
f 1394/4257/1079 1393/4258/1079 1397/4259/1079 1398/4260/1079
f 1393/4261/1080 1391/4262/1080 1395/4263/1080 1397/4264/1080
f 1396/4265/1081 1392/4266/1081 1394/4267/1081 1398/4268/1081
f 1400/4269/1082 1399/4270/1082 1401/4271/1082 1402/4272/1082
f 1405/4273/1083 1403/4274/1083 1404/4275/1083 1406/4276/1083
f 1403/4277/1084 1399/4278/1084 1400/4279/1084 1404/4280/1084
f 1402/4281/1085 1401/4282/1085 1405/4283/1085 1406/4284/1085
f 1401/4285/1086 1399/4286/1086 1403/4287/1086 1405/4288/1086
f 1404/4289/1087 1400/4290/1087 1402/4291/1087 1406/4292/1087
f 1408/4293/1088 1407/4294/1088 1409/4295/1088 1410/4296/1088
f 1413/4297/1089 1411/4298/1089 1412/4299/1089 1414/4300/1089
f 1411/4301/1090 1407/4302/1090 1408/4303/1090 1412/4304/1090
f 1410/4305/1091 1409/4306/1091 1413/4307/1091 1414/4308/1091
f 1409/4309/1092 1407/4310/1092 1411/4311/1092 1413/4312/1092
f 1412/4313/1093 1408/4314/1093 1410/4315/1093 1414/4316/1093
f 1416/4317/1094 1415/4318/1094 1417/4319/1094 1418/4320/1094
f 1421/4321/1095 1419/4322/1095 1420/4323/1095 1422/4324/1095
f 1419/4325/1096 1415/4326/1096 1416/4327/1096 1420/4328/1096
f 1418/4329/1097 1417/4330/1097 1421/4331/1097 1422/4332/1097
f 1417/4333/1098 1415/4334/1098 1419/4335/1098 1421/4336/1098
f 1420/4337/1099 1416/4338/1099 1418/4339/1099 1422/4340/1099
f 1424/4341/1100 1423/4342/1100 1425/4343/1100 1426/4344/1100
f 1429/4345/1101 1427/4346/1101 1428/4347/1101 1430/4348/1101
f 1427/4349/1102 1423/4350/1102 1424/4351/1102 1428/4352/1102
f 1426/4353/1103 1425/4354/1103 1429/4355/1103 1430/4356/1103
f 1425/4357/1104 1423/4358/1104 1427/4359/1104 1429/4360/1104
f 1428/4361/1105 1424/4362/1105 1426/4363/1105 1430/4364/1105
f 1432/4365/1106 1431/4366/1106 1433/4367/1106 1434/4368/1106
f 1437/4369/1107 1435/4370/1107 1436/4371/1107 1438/4372/1107
f 1435/4373/1108 1431/4374/1108 1432/4375/1108 1436/4376/1108
f 1434/4377/1109 1433/4378/1109 1437/4379/1109 1438/4380/1109
f 1433/4381/1110 1431/4382/1110 1435/4383/1110 1437/4384/1110
f 1436/4385/1111 1432/4386/1111 1434/4387/1111 1438/4388/1111
f 1440/4389/1112 1439/4390/1112 1441/4391/1112 1442/4392/1112
f 1445/4393/1113 1443/4394/1113 1444/4395/1113 1446/4396/1113
f 1443/4397/1114 1439/4398/1114 1440/4399/1114 1444/4400/1114
f 1442/4401/1115 1441/4402/1115 1445/4403/1115 1446/4404/1115
f 1441/4405/1116 1439/4406/1116 1443/4407/1116 1445/4408/1116
f 1444/4409/1117 1440/4410/1117 1442/4411/1117 1446/4412/1117
f 1448/4413/1118 1447/4414/1118 1449/4415/1118 1450/4416/1118
f 1453/4417/1119 1451/4418/1119 1452/4419/1119 1454/4420/1119
f 1451/4421/1120 1447/4422/1120 1448/4423/1120 1452/4424/1120
f 1450/4425/1121 1449/4426/1121 1453/4427/1121 1454/4428/1121
f 1449/4429/1122 1447/4430/1122 1451/4431/1122 1453/4432/1122
f 1452/4433/1123 1448/4434/1123 1450/4435/1123 1454/4436/1123
f 1456/4437/1124 1455/4438/1124 1457/4439/1124 1458/4440/1124
f 1461/4441/1125 1459/4442/1125 1460/4443/1125 1462/4444/1125
f 1459/4445/1126 1455/4446/1126 1456/4447/1126 1460/4448/1126
f 1458/4449/1127 1457/4450/1127 1461/4451/1127 1462/4452/1127
f 1457/4453/1128 1455/4454/1128 1459/4455/1128 1461/4456/1128
f 1460/4457/1129 1456/4458/1129 1458/4459/1129 1462/4460/1129
f 1464/4461/1130 1463/4462/1130 1465/4463/1130 1466/4464/1130
f 1469/4465/1131 1467/4466/1131 1468/4467/1131 1470/4468/1131
f 1467/4469/1132 1463/4470/1132 1464/4471/1132 1468/4472/1132
f 1466/4473/1133 1465/4474/1133 1469/4475/1133 1470/4476/1133
f 1465/4477/1134 1463/4478/1134 1467/4479/1134 1469/4480/1134
f 1468/4481/1135 1464/4482/1135 1466/4483/1135 1470/4484/1135
f 1472/4485/1136 1471/4486/1136 1473/4487/1136 1474/4488/1136
f 1477/4489/1137 1475/4490/1137 1476/4491/1137 1478/4492/1137
f 1475/4493/1138 1471/4494/1138 1472/4495/1138 1476/4496/1138
f 1474/4497/1139 1473/4498/1139 1477/4499/1139 1478/4500/1139
f 1473/4501/1140 1471/4502/1140 1475/4503/1140 1477/4504/1140
f 1476/4505/1141 1472/4506/1141 1474/4507/1141 1478/4508/1141
f 1480/4509/1142 1479/4510/1142 1481/4511/1142 1482/4512/1142
f 1485/4513/1143 1483/4514/1143 1484/4515/1143 1486/4516/1143
f 1483/4517/1144 1479/4518/1144 1480/4519/1144 1484/4520/1144
f 1482/4521/1145 1481/4522/1145 1485/4523/1145 1486/4524/1145
f 1481/4525/1146 1479/4526/1146 1483/4527/1146 1485/4528/1146
f 1484/4529/1147 1480/4530/1147 1482/4531/1147 1486/4532/1147
f 1488/4533/1148 1487/4534/1148 1489/4535/1148 1490/4536/1148
f 1493/4537/1149 1491/4538/1149 1492/4539/1149 1494/4540/1149
f 1491/4541/1150 1487/4542/1150 1488/4543/1150 1492/4544/1150
f 1490/4545/1151 1489/4546/1151 1493/4547/1151 1494/4548/1151
f 1489/4549/1152 1487/4550/1152 1491/4551/1152 1493/4552/1152
f 1492/4553/1153 1488/4554/1153 1490/4555/1153 1494/4556/1153
f 1496/4557/1154 1495/4558/1154 1497/4559/1154 1498/4560/1154
f 1501/4561/1155 1499/4562/1155 1500/4563/1155 1502/4564/1155
f 1499/4565/1156 1495/4566/1156 1496/4567/1156 1500/4568/1156
f 1498/4569/1157 1497/4570/1157 1501/4571/1157 1502/4572/1157
f 1497/4573/1158 1495/4574/1158 1499/4575/1158 1501/4576/1158
f 1500/4577/1159 1496/4578/1159 1498/4579/1159 1502/4580/1159
f 1504/4581/1160 1503/4582/1160 1505/4583/1160 1506/4584/1160
f 1509/4585/1161 1507/4586/1161 1508/4587/1161 1510/4588/1161
f 1507/4589/1162 1503/4590/1162 1504/4591/1162 1508/4592/1162
f 1506/4593/1163 1505/4594/1163 1509/4595/1163 1510/4596/1163
f 1505/4597/1164 1503/4598/1164 1507/4599/1164 1509/4600/1164
f 1508/4601/1165 1504/4602/1165 1506/4603/1165 1510/4604/1165
f 1512/4605/1166 1511/4606/1166 1513/4607/1166 1514/4608/1166
f 1517/4609/1167 1515/4610/1167 1516/4611/1167 1518/4612/1167
f 1515/4613/1168 1511/4614/1168 1512/4615/1168 1516/4616/1168
f 1514/4617/1169 1513/4618/1169 1517/4619/1169 1518/4620/1169
f 1513/4621/1170 1511/4622/1170 1515/4623/1170 1517/4624/1170
f 1516/4625/1171 1512/4626/1171 1514/4627/1171 1518/4628/1171
f 1520/4629/1172 1519/4630/1172 1521/4631/1172 1522/4632/1172
f 1525/4633/1173 1523/4634/1173 1524/4635/1173 1526/4636/1173
f 1523/4637/1174 1519/4638/1174 1520/4639/1174 1524/4640/1174
f 1522/4641/1175 1521/4642/1175 1525/4643/1175 1526/4644/1175
f 1521/4645/1176 1519/4646/1176 1523/4647/1176 1525/4648/1176
f 1524/4649/1177 1520/4650/1177 1522/4651/1177 1526/4652/1177
f 1528/4653/1178 1527/4654/1178 1529/4655/1178 1530/4656/1178
f 1533/4657/1179 1531/4658/1179 1532/4659/1179 1534/4660/1179
f 1531/4661/1180 1527/4662/1180 1528/4663/1180 1532/4664/1180
f 1530/4665/1181 1529/4666/1181 1533/4667/1181 1534/4668/1181
f 1529/4669/1182 1527/4670/1182 1531/4671/1182 1533/4672/1182
f 1532/4673/1183 1528/4674/1183 1530/4675/1183 1534/4676/1183
f 1536/4677/1184 1535/4678/1184 1537/4679/1184 1538/4680/1184
f 1541/4681/1185 1539/4682/1185 1540/4683/1185 1542/4684/1185
f 1539/4685/1186 1535/4686/1186 1536/4687/1186 1540/4688/1186
f 1538/4689/1187 1537/4690/1187 1541/4691/1187 1542/4692/1187
f 1537/4693/1188 1535/4694/1188 1539/4695/1188 1541/4696/1188
f 1540/4697/1189 1536/4698/1189 1538/4699/1189 1542/4700/1189
f 1544/4701/1190 1543/4702/1190 1545/4703/1190 1546/4704/1190
f 1549/4705/1191 1547/4706/1191 1548/4707/1191 1550/4708/1191
f 1547/4709/1192 1543/4710/1192 1544/4711/1192 1548/4712/1192
f 1546/4713/1193 1545/4714/1193 1549/4715/1193 1550/4716/1193
f 1545/4717/1194 1543/4718/1194 1547/4719/1194 1549/4720/1194
f 1548/4721/1195 1544/4722/1195 1546/4723/1195 1550/4724/1195
f 1552/4725/1196 1551/4726/1196 1553/4727/1196 1554/4728/1196
f 1557/4729/1197 1555/4730/1197 1556/4731/1197 1558/4732/1197
f 1555/4733/1198 1551/4734/1198 1552/4735/1198 1556/4736/1198
f 1554/4737/1199 1553/4738/1199 1557/4739/1199 1558/4740/1199
f 1553/4741/1200 1551/4742/1200 1555/4743/1200 1557/4744/1200
f 1556/4745/1201 1552/4746/1201 1554/4747/1201 1558/4748/1201
f 1560/4749/1202 1559/4750/1202 1561/4751/1202 1562/4752/1202
f 1565/4753/1203 1563/4754/1203 1564/4755/1203 1566/4756/1203
f 1563/4757/1204 1559/4758/1204 1560/4759/1204 1564/4760/1204
f 1562/4761/1205 1561/4762/1205 1565/4763/1205 1566/4764/1205
f 1561/4765/1206 1559/4766/1206 1563/4767/1206 1565/4768/1206
f 1564/4769/1207 1560/4770/1207 1562/4771/1207 1566/4772/1207
f 1568/4773/1208 1567/4774/1208 1569/4775/1208 1570/4776/1208
f 1573/4777/1209 1571/4778/1209 1572/4779/1209 1574/4780/1209
f 1571/4781/1210 1567/4782/1210 1568/4783/1210 1572/4784/1210
f 1570/4785/1211 1569/4786/1211 1573/4787/1211 1574/4788/1211
f 1569/4789/1212 1567/4790/1212 1571/4791/1212 1573/4792/1212
f 1572/4793/1213 1568/4794/1213 1570/4795/1213 1574/4796/1213
o palmera
v 16.335376587736526 2.625 10.335376587736528
v 16.272876587736526 2.625 10.227123412263472
v 16.335376587736526 1.5 10.335376587736528
v 16.272876587736526 1.5 10.227123412263472
v 16.227123412263474 2.625 10.397876587736528
v 16.164623412263474 2.625 10.289623412263472
v 16.227123412263474 1.5 10.397876587736528
v 16.164623412263474 1.5 10.289623412263472
v 16.335376587736526 2.4941357808764737 10.335376587736528
v 16.227123412263474 2.4761438774777744 10.397876587736528
v 16.28746600263658 2.503423291235256 10.363037776941015
v 16.227123412263474 1.625 10.397876587736528
v 16.164623412263474 1.625 10.289623412263472
v 16.227123412263474 0 10.397876587736528
v 16.164623412263474 0 10.289623412263472
v 16.118870236790418 1.625 10.460376587736528
v 16.056370236790418 1.625 10.352123412263472
v 16.118870236790418 0 10.460376587736528
v 16.056370236790418 0 10.352123412263472
v 16.227123412263474 1.435973905710462 10.397876587736528
v 16.118870236790418 1.4099856008012295 10.460376587736528
v 16.179212827163525 1.449389198450926 10.425537776941015
v 17.348966129241614 2.341261005635091 10.054106240633574
v 17.104870499562345 2.384673028384615 10.086242199500166
v 17.327445812730286 2.2181600345983146 10.056939420305753
v 17.083350183051014 2.2615720573478377 10.089075379172343
v 17.365281976449843 2.3412609687145745 10.178036838670849
v 17.121186346770575 2.3846729914640976 10.210172797537439
v 17.343761659938515 2.2181599976777973 10.180870018343025
v 17.099666030259243 2.2615720204273213 10.213005977209617
v 16.80608212435631 2.4635469680752466 10.951131178287978
v 16.663233763345676 2.4853358967313572 10.747122383515315
v 16.799833280024032 2.33902263050623 10.942206980984656
v 16.656984919013397 2.3608115591623413 10.738198186211992
v 16.60129405455091 2.463547066017925 11.09452520349604
v 16.45844569354028 2.485335994674036 10.890516408723377
v 16.595045210218633 2.3390227284489082 11.085601006192718
v 16.452196849208 2.36081165710502 10.881592211420056
v 16.788979321223042 2.536703580063768 10.817740419357202
v 16.64613096021241 2.558492508719879 10.61373162458454
v 16.782730476890766 2.4121792424947515 10.808816222053881
v 16.639882115880134 2.433968171150863 10.604807427281216
v 16.48179721651495 2.5367037269777857 11.032831457169298
v 16.338948855504317 2.558492655633897 10.828822662396634
v 16.47554837218267 2.4121793894087693 11.023907259865975
v 16.33270001117204 2.4339683180648803 10.81989846509331
v 16.548367701566406 2.761620726923473 10.474111510710063
v 16.262670979545142 2.8051985842356952 10.066093921164736
v 16.54211885723413 2.6370963893544563 10.46518731340674
v 16.256422135212865 2.680674246666679 10.057169723861412
v 16.241185596858312 2.7616208738374906 10.689202548522157
v 15.95548887483705 2.8051987311497126 10.281184958976828
v 16.234936752526032 2.637096536268474 10.680278351218833
v 15.94924003050477 2.6806743935806967 10.272260761673504
v 16.77187642788959 2.6098601990830934 10.684349724336165
v 16.3433313448577 2.675226985051427 10.072323340018173
v 16.765627583557315 2.485335861514077 10.675425527032843
v 16.337082500525415 2.55070264748241 10.063399142714852
v 16.3623002882788 2.6098603949684502 10.971137774752291
v 15.933755205246902 2.675227180936784 10.359111390434299
v 16.35605144394652 2.485336057399434 10.962213577448967
v 15.927506360914624 2.550702843367768 10.350187193130976
v 16.82318492748957 2.390390356086724 11.084521937218753
v 16.68033656647894 2.412179284742835 10.880513142446087
v 16.816936083157294 2.265866018517708 11.07559773991543
v 16.674087722146663 2.2876549471738192 10.871588945142765
v 16.720790892586873 2.3903904050580635 11.156218949822783
v 16.57794253157624 2.412179333714175 10.952210155050121
v 16.714542048254593 2.265866067489047 11.147294752519464
v 16.57169368724396 2.2876549961451587 10.943285957746797
v 15.741951485443941 2.4580998321021967 11.048597136084805
v 15.942672290242935 2.4907832211889445 10.733528961559594
v 15.747805119241571 2.333575494419519 11.039408866603905
v 15.948525924040565 2.3662588835062666 10.724340692078693
v 15.53110370120863 2.4580997421286455 10.914272112790362
v 15.73182450600763 2.490783131215393 10.599203938265152
v 15.53695733500626 2.3335754044459676 10.905083843309459
v 15.737678139805254 2.3662587935327157 10.59001566878425
v 15.858643512490286 2.5312564910697755 10.981749781559502
v 16.05936431728928 2.563939880156523 10.666681607034294
v 15.864497146287913 2.4067321533870976 10.9725615120786
v 16.065217951086908 2.4394155424738453 10.65749333755339
v 15.542371836137322 2.5312563561094485 10.78026224661784
v 15.743092640936316 2.5639397451961967 10.465194072092629
v 15.548225469934952 2.406732018426771 10.771073977136934
v 15.748946274733944 2.4394154075135184 10.456005802611728
v 16.084037136980186 2.75617363922862 10.627952534091738
v 16.41857181164518 2.810645954373199 10.102838909883054
v 16.089890770777814 2.6316493015459423 10.618764264610833
v 16.424425445442807 2.686121616690521 10.09365064040215
v 15.767765460627226 2.7561735042682933 10.426464999150072
v 16.102300135292218 2.8106458194128723 9.901351374941388
v 15.773619094424852 2.631649166585616 10.41727672966917
v 16.108153769089846 2.6861214817301944 9.892163105460487
v 15.975335424951101 2.604413159666438 10.914902355033991
v 16.443683969482088 2.680674400868848 10.179743281141832
v 15.98118905874873 2.47988882198376 10.905714085553088
v 16.449537603279715 2.5561500631861707 10.170555011660932
v 15.553639856480483 2.604412979719336 10.646252308445105
v 16.021988401011473 2.6806742209217465 9.91109323455295
v 15.559493490278111 2.4798886420366584 10.637064038964203
v 16.0278420348091 2.556149883239069 9.901904965072047
v 15.625259458397599 2.3849431731346176 11.115444490610109
v 15.825980263196593 2.4176265622213644 10.800376316084899
v 15.631113092195228 2.2604188354519392 11.106256221129206
v 15.831833896994219 2.293102224538687 10.791188046603994
v 15.519835566279943 2.3849431281478415 11.048281978962887
v 15.72055637107894 2.4176265172345897 10.733213804437677
v 15.525689200077572 2.2604187904651645 11.039093709481984
v 15.726410004876568 2.2931021795519113 10.724025534956771
v 15.428526190247853 2.4580997860896945 9.781575703332303
v 15.743594625204217 2.4907829305462514 9.982296139169263
v 15.43771449843137 2.333575441272996 9.78742912461363
v 15.752782933387733 2.366258585729553 9.988149560450587
v 15.562850931459705 2.4581000684414427 9.570727739390772
v 15.87791936641607 2.4907832128979996 9.77144817522773
v 15.572039239643223 2.333575723624744 9.576581160672095
v 15.887107674599584 2.3662588680813017 9.777301596509055
v 15.4953736152938 2.531256351975949 9.898267775305202
v 15.810442050250165 2.5639394964325057 10.09898821114216
v 15.504561923477317 2.40673200715925 9.904121196586527
v 15.819630358433683 2.4394151516158074 10.104841632423486
v 15.696860727111579 2.53125677550357 9.581995829392907
v 16.011929162067943 2.563939919960128 9.782716265229862
v 15.706049035295093 2.406732430686872 9.587849250674228
v 16.02111747025146 2.439415575143429 9.788569686511188
v 15.849170775951182 2.7561735816781896 10.12366152278245
v 16.37428483421179 2.8106454891057853 10.458195582510717
v 15.8583590841347 2.6316492368614908 10.129514944063777
v 16.383473142395307 2.686121144289086 10.464049003792042
v 16.05065788776896 2.7561740052058115 9.80738957687015
v 16.57577194602957 2.8106459126334062 10.141923636598419
v 16.059846195952478 2.6316496603891126 9.81324299815148
v 16.584960254213087 2.6861215678167083 10.147777057879747
v 15.562220938719191 2.60441309057808 10.014959978667266
v 16.29738062028404 2.6806737609767124 10.483307662286837
v 15.571409246902707 2.479888745761381 10.020813399948588
v 16.306568928467556 2.5561494161600145 10.489161083568161
v 15.830870421142892 2.6044136552815758 9.593264050784201
v 16.566030102707746 2.680674325680209 10.061611734403773
v 15.840058729326412 2.4798893104648774 9.599117472065526
v 16.57521841089126 2.5561499808635104 10.067465155685095
v 15.361678765201901 2.3849432202034397 9.664883631359402
v 15.676747200158264 2.417626364659997 9.865604067196362
v 15.370867073385417 2.260418875386741 9.670737052640726
v 15.685935508341784 2.2931020198432983 9.871457488477688
v 15.428841135807827 2.384943361379314 9.55945964938864
v 15.743909570764188 2.4176265058358712 9.760180085225597
v 15.438029443991342 2.260419016562615 9.565313070669962
v 15.753097878947708 2.293102161019172 9.766033506506918
v 16.297395942557845 2.465449892030893 9.313750691691302
v 16.297395959973336 2.498133114021697 9.687323719358318
v 16.297395818281576 2.3409255494752843 9.32464509902157
v 16.297395835697067 2.3736087714660874 9.698218126688582
v 16.54739594255772 2.465449643412262 9.313750701787814
v 16.547395959973215 2.498132865403066 9.687323729454826
v 16.54739581828145 2.3409253008566524 9.32464510911808
v 16.547395835696943 2.373608522847457 9.698218136785096
v 16.234895942557873 2.538606590659743 9.432827792506913
v 16.234895959973368 2.571289812650547 9.806400820173927
v 16.234895818281608 2.4140822481041333 9.443722199837183
v 16.2348958356971 2.4467654700949373 9.817295227504195
v 16.60989594255769 2.538606217731796 9.432827807651682
v 16.609895959973183 2.5712894397226 9.806400835318696
v 16.609895818281423 2.4140818751761866 9.44372221498195
v 16.609895835696914 2.4467650971669905 9.817295242648964
v 16.23489593675271 2.763523794517235 9.852321265862663
v 16.23489596577853 2.817995831168574 10.474942978641021
v 16.23489581247644 2.6389994519616256 9.863215673192931
v 16.234895841502265 2.693471488612965 10.485837385971285
v 16.609895936752523 2.763523421589288 9.852321281007432
v 16.609895965778346 2.817995458240627 10.474942993785787
v 16.609895812476257 2.638999079033679 9.8632156883377
v 16.60989584150208 2.693471115685018 10.485837401116056
v 16.172395930947577 2.6117634103149707 9.551904882734119
v 16.172395971583725 2.688024261626846 10.42357528062382
v 16.172395806671307 2.4872390677593614 9.562799290064387
v 16.17239584730746 2.5634999190712366 10.434469687954087
v 16.672395930947328 2.6117629130777082 9.551904902927145
v 16.67239597158348 2.688023764389583 10.423575300816845
v 16.67239580667106 2.487238570522098 9.562799310257413
v 16.67239584730721 2.563499421833974 10.434469708147109
v 16.359895942557813 2.392293193402044 9.19467359087569
v 16.359895959973308 2.424976415392848 9.568246618542705
v 16.359895818281544 2.2677688508464344 9.205567998205957
v 16.35989583569704 2.3004520728372384 9.579141025872973
v 16.484895942557753 2.3922930690927284 9.194673595923945
v 16.484895959973244 2.424976291083532 9.568246623590962
v 16.484895818281483 2.267768726537119 9.205568003254214
v 16.484895835696975 2.300451948527923 9.57914103092123
v 17.229520544456545 2.424517530866979 10.006792240160069
v 16.985424914777276 2.4679295536165027 10.03892819902666
v 17.208000227945217 2.3014165598302023 10.009625419832247
v 16.963904598265945 2.344828582579726 10.041761378698839
v 17.262152238873007 2.4245174570259453 10.254653436234616
v 17.01805660919373 2.467929479775469 10.286789395101207
v 17.240631922361676 2.3014164859891686 10.257486615906794
v 16.996536292682404 2.344828508738692 10.289622574773384
v 17.110074959671476 2.5077740560988664 9.959478239686563
v 16.865979329992207 2.55118607884839 9.991614198553153
v 17.088554643160148 2.384673085062089 9.96231141935874
v 16.844459013480876 2.428085107811613 9.994447378225333
v 17.159022501296164 2.5077739453373162 10.331270033798386
v 16.914926871616892 2.5511859680868394 10.363405992664976
v 17.137502184784836 2.384672974300539 10.334103213470563
v 16.893406555105564 2.428084997050063 10.366239172337155
v 16.7151880560623 2.7683965983515417 10.01146600702669
v 16.22699679670376 2.855220643850589 10.075737924759874
v 16.69366773955097 2.6452956273147654 10.01429918669887
v 16.20547648019243 2.7321196728138126 10.078571104432053
v 16.76413559768699 2.7683964875899916 10.383257801138512
v 16.27594433832845 2.855220533089039 10.447529718871696
v 16.74261528117566 2.645295516553215 10.38609098081069
v 16.254424021817115 2.7321195620522616 10.450362898543872
v 16.990629358024414 2.5910306029979635 9.912164081863835
v 16.258342468986605 2.7212666712465343 10.008571958463609
v 16.969109041513086 2.4679296319611868 9.914997261536014
v 16.236822152475273 2.5981657002097576 10.011405138135785
v 17.055892746857335 2.591030455315896 10.40788647401293
v 16.323605857819523 2.721266523564467 10.504294350612703
v 17.034372430346004 2.467929484279119 10.41071965368511
v 16.30208554130819 2.59816555252769 10.507127530284881
vt 0.1328125 0.40625
vt 0.1484375 0.40625
vt 0.1484375 0.421875
vt 0.1328125 0.421875
vt 0.2578125 0.40625
vt 0.2578125 0.421875
vt 0.2421875 0.421875
vt 0.2421875 0.40625
vt 0.2890625 0.65625
vt 0.2734375 0.65625
vt 0.2734375 0.515625
vt 0.2890625 0.515625
vt 0.015625 0.640625
vt 0 0.640625
vt 0 0.6242671875
vt 0.015625 0.5
vt 0 0.6242671875
vt 0 0.5
vt 0.015625 0.5
vt 0.0234375 0.5
vt 0.0390625 0.5
vt 0.0390625 0.62201796875
vt 0.0234375 0.640625
vt 0.0390625 0.62201796875
vt 0.0390625 0.640625
vt 0.0234375 0.640625
vt 0.0625 0.5
vt 0.0625 0.6242671875
vt 0.046875 0.62201796875
vt 0.046875 0.5
vt 0.055584375 0.625428125
vt 0.0625 0.6242671875
vt 0.0625 0.640625
vt 0.046875 0.640625
vt 0.046875 0.640625
vt 0.046875 0.62201796875
vt 0.055584375 0.625428125
vt 0.0625 0.6242671875
vt 0.055584375 0.625428125
vt 0.046875 0.62201796875
vt 0.5859375 0.8203125
vt 0.6015625 0.8203125
vt 0.6015625 0.8359375
vt 0.5859375 0.8359375
vt 0.28125 0.3984375
vt 0.28125 0.4140625
vt 0.265625 0.4140625
vt 0.265625 0.3984375
vt 0.140625 0.7109375
vt 0.125 0.7109375
vt 0.125 0.5078125
vt 0.140625 0.5078125
vt 0.1640625 0.7109375
vt 0.1484375 0.7109375
vt 0.1484375 0.687309375
vt 0.1640625 0.5078125
vt 0.1484375 0.687309375
vt 0.1484375 0.5078125
vt 0.1640625 0.5078125
vt 0.171875 0.5078125
vt 0.1875 0.5078125
vt 0.1875 0.6840609375
vt 0.171875 0.7109375
vt 0.1875 0.6840609375
vt 0.1875 0.7109375
vt 0.171875 0.7109375
vt 0.2109375 0.5078125
vt 0.2109375 0.687309375
vt 0.1953125 0.6840609375
vt 0.1953125 0.5078125
vt 0.204021875 0.6889859375
vt 0.2109375 0.687309375
vt 0.2109375 0.7109375
vt 0.1953125 0.7109375
vt 0.1953125 0.7109375
vt 0.1953125 0.6840609375
vt 0.204021875 0.6889859375
vt 0.2109375 0.687309375
vt 0.204021875 0.6889859375
vt 0.1953125 0.6840609375
vt 0.0859375 0.4296875
vt 0.0546875 0.4296875
vt 0.0546875 0.4140625
vt 0.0859375 0.4140625
vt 0.46875 0.3984375
vt 0.484375 0.3984375
vt 0.484375 0.4296875
vt 0.46875 0.4296875
vt 0.5625 0.4296875
vt 0.578125 0.4296875
vt 0.578125 0.4609375
vt 0.5625 0.4609375
vt 0.5625 0.59375
vt 0.5625 0.5625
vt 0.578125 0.5625
vt 0.578125 0.59375
vt 0.6015625 0.6640625
vt 0.6015625 0.6796875
vt 0.5859375 0.6796875
vt 0.5859375 0.6640625
vt 0.6015625 0.65625
vt 0.5859375 0.65625
vt 0.5859375 0.640625
vt 0.6015625 0.640625
vt 0.1015625 0.7421875
vt 0.0703125 0.7421875
vt 0.0703125 0.7265625
vt 0.1015625 0.7265625
vt 0.265625 0.421875
vt 0.28125 0.421875
vt 0.28125 0.453125
vt 0.265625 0.453125
vt 0.390625 0.515625
vt 0.421875 0.515625
vt 0.421875 0.546875
vt 0.390625 0.546875
vt 0.4609375 0.8828125
vt 0.4609375 0.8515625
vt 0.4921875 0.8515625
vt 0.4921875 0.8828125
vt 0.3984375 0.421875
vt 0.3984375 0.4375
vt 0.3671875 0.4375
vt 0.3671875 0.421875
vt 0.59375 0.6171875
vt 0.5625 0.6171875
vt 0.5625 0.6015625
vt 0.59375 0.6015625
vt 0.53125 0.4453125
vt 0.5 0.4453125
vt 0.5 0.4296875
vt 0.53125 0.4296875
vt 0.1640625 0.4140625
vt 0.1796875 0.4140625
vt 0.1796875 0.4453125
vt 0.1640625 0.4453125
vt 0.390625 0.59375
vt 0.4375 0.59375
vt 0.4375 0.625
vt 0.390625 0.625
vt 0.21875 0.5859375
vt 0.21875 0.5546875
vt 0.265625 0.5546875
vt 0.265625 0.5859375
vt 0.546875 0.8671875
vt 0.546875 0.8828125
vt 0.5 0.8828125
vt 0.5 0.8671875
vt 0.5078125 0.5
vt 0.4609375 0.5
vt 0.4609375 0.484375
vt 0.5078125 0.484375
vt 0.5234375 0.90625
vt 0.4609375 0.90625
vt 0.4609375 0.890625
vt 0.5234375 0.890625
vt 0.2421875 0.484375
vt 0.2578125 0.484375
vt 0.2578125 0.546875
vt 0.2421875 0.546875
vt 0.3125 0.7734375
vt 0.359375 0.7734375
vt 0.359375 0.8359375
vt 0.3125 0.8359375
vt 0.3125 0.765625
vt 0.3125 0.703125
vt 0.359375 0.703125
vt 0.359375 0.765625
vt 0.046875 0.4765625
vt 0.046875 0.4921875
vt 0 0.4921875
vt 0 0.4765625
vt 0.5546875 0.6015625
vt 0.5078125 0.6015625
vt 0.5078125 0.5859375
vt 0.5546875 0.5859375
vt 0.484375 0.6484375
vt 0.390625 0.6484375
vt 0.390625 0.6328125
vt 0.484375 0.6328125
vt 0.296875 0.53125
vt 0.3125 0.53125
vt 0.3125 0.625
vt 0.296875 0.625
vt 0.1875 0.71875
vt 0.25 0.71875
vt 0.25 0.8125
vt 0.1875 0.8125
vt 0.1171875 0.8125
vt 0.1171875 0.71875
vt 0.1796875 0.71875
vt 0.1796875 0.8125
vt 0.5234375 0.828125
vt 0.5234375 0.84375
vt 0.4609375 0.84375
vt 0.4609375 0.828125
vt 0.5234375 0.8203125
vt 0.4609375 0.8203125
vt 0.4609375 0.8046875
vt 0.5234375 0.8046875
vt 0.5859375 0.703125
vt 0.5546875 0.703125
vt 0.5546875 0.6875
vt 0.5859375 0.6875
vt 0.1875 0.4140625
vt 0.203125 0.4140625
vt 0.203125 0.4453125
vt 0.1875 0.4453125
vt 0.5625 0.6484375
vt 0.578125 0.6484375
vt 0.578125 0.6796875
vt 0.5625 0.6796875
vt 0.5625 1
vt 0.5625 0.96875
vt 0.578125 0.96875
vt 0.578125 1
vt 0.3046875 0.3984375
vt 0.3046875 0.4140625
vt 0.2890625 0.4140625
vt 0.2890625 0.3984375
vt 0.328125 0.4140625
vt 0.3125 0.4140625
vt 0.3125 0.3984375
vt 0.328125 0.3984375
vt 0.1015625 0.453125
vt 0.0546875 0.453125
vt 0.0546875 0.4375
vt 0.1015625 0.4375
vt 0.21875 0.4140625
vt 0.234375 0.4140625
vt 0.234375 0.4609375
vt 0.21875 0.4609375
vt 0.421875 0.796875
vt 0.453125 0.796875
vt 0.453125 0.84375
vt 0.421875 0.84375
vt 0.421875 0.8984375
vt 0.421875 0.8515625
vt 0.453125 0.8515625
vt 0.453125 0.8984375
vt 0.5234375 0.40625
vt 0.5234375 0.421875
vt 0.4921875 0.421875
vt 0.4921875 0.40625
vt 0.59375 0.421875
vt 0.5625 0.421875
vt 0.5625 0.40625
vt 0.59375 0.40625
vt 0.5859375 0.484375
vt 0.5390625 0.484375
vt 0.5390625 0.46875
vt 0.5859375 0.46875
vt 0.5390625 0.4140625
vt 0.5546875 0.4140625
vt 0.5546875 0.4609375
vt 0.5390625 0.4609375
vt 0.3671875 0.734375
vt 0.4140625 0.734375
vt 0.4140625 0.78125
vt 0.3671875 0.78125
vt 0.3671875 0.7265625
vt 0.3671875 0.6796875
vt 0.4140625 0.6796875
vt 0.4140625 0.7265625
vt 0.5859375 0.4921875
vt 0.5859375 0.5078125
vt 0.5390625 0.5078125
vt 0.5390625 0.4921875
vt 0.578125 0.640625
vt 0.53125 0.640625
vt 0.53125 0.625
vt 0.578125 0.625
vt 0.5390625 0.9296875
vt 0.4609375 0.9296875
vt 0.4609375 0.9140625
vt 0.5390625 0.9140625
vt 0.21875 0.46875
vt 0.234375 0.46875
vt 0.234375 0.546875
vt 0.21875 0.546875
vt 0.0703125 0.6328125
vt 0.1171875 0.6328125
vt 0.1171875 0.7109375
vt 0.0703125 0.7109375
vt 0.359375 0.890625
vt 0.28125 0.890625
vt 0.28125 0.84375
vt 0.359375 0.84375
vt 0.5859375 0.515625
vt 0.5859375 0.53125
vt 0.5390625 0.53125
vt 0.5390625 0.515625
vt 0.4140625 0.4609375
vt 0.3671875 0.4609375
vt 0.3671875 0.4453125
vt 0.4140625 0.4453125
vt 0.484375 0.9765625
vt 0.375 0.9765625
vt 0.375 0.9609375
vt 0.484375 0.9609375
vt 0.09375 0.515625
vt 0.109375 0.515625
vt 0.109375 0.625
vt 0.09375 0.625
vt 0.140625 0.8203125
vt 0.203125 0.8203125
vt 0.203125 0.9296875
vt 0.140625 0.9296875
vt 0.109375 0.8125
vt 0 0.8125
vt 0 0.75
vt 0.109375 0.75
vt 0.546875 0.671875
vt 0.546875 0.6875
vt 0.484375 0.6875
vt 0.484375 0.671875
vt 0.53125 0.5234375
vt 0.46875 0.5234375
vt 0.46875 0.5078125
vt 0.53125 0.5078125
vt 0.59375 0.953125
vt 0.546875 0.953125
vt 0.546875 0.9375
vt 0.59375 0.9375
vt 0.421875 0.4140625
vt 0.4375 0.4140625
vt 0.4375 0.4609375
vt 0.421875 0.4609375
vt 0.1484375 0.453125
vt 0.1640625 0.453125
vt 0.1640625 0.5
vt 0.1484375 0.5
vt 0.171875 0.5
vt 0.171875 0.453125
vt 0.1875 0.453125
vt 0.1875 0.5
vt 0.3984375 0.3984375
vt 0.3984375 0.4140625
vt 0.3828125 0.4140625
vt 0.3828125 0.3984375
vt 0.375 0.4140625
vt 0.359375 0.4140625
vt 0.359375 0.3984375
vt 0.375 0.3984375
vt 0.5546875 0.578125
vt 0.5078125 0.578125
vt 0.5078125 0.5625
vt 0.5546875 0.5625
vt 0.515625 0.453125
vt 0.53125 0.453125
vt 0.53125 0.5
vt 0.515625 0.5
vt 0.390625 0.5859375
vt 0.390625 0.5546875
vt 0.4375 0.5546875
vt 0.4375 0.5859375
vt 0.21875 0.7109375
vt 0.21875 0.6640625
vt 0.25 0.6640625
vt 0.25 0.7109375
vt 0.6171875 0.9609375
vt 0.6171875 0.9765625
vt 0.5859375 0.9765625
vt 0.5859375 0.9609375
vt 0.6171875 1
vt 0.5859375 1
vt 0.5859375 0.984375
vt 0.6171875 0.984375
vt 0.4375 0.484375
vt 0.390625 0.484375
vt 0.390625 0.46875
vt 0.4375 0.46875
vt 0.34375 0.4375
vt 0.359375 0.4375
vt 0.359375 0.484375
vt 0.34375 0.484375
vt 0.3203125 1
vt 0.3203125 0.953125
vt 0.3671875 0.953125
vt 0.3671875 1
vt 0.3671875 0.9453125
vt 0.3671875 0.8984375
vt 0.4140625 0.8984375
vt 0.4140625 0.9453125
vt 0.59375 0.9140625
vt 0.59375 0.9296875
vt 0.546875 0.9296875
vt 0.546875 0.9140625
vt 0.59375 0.7890625
vt 0.546875 0.7890625
vt 0.546875 0.7734375
vt 0.59375 0.7734375
vt 0.5234375 0.625
vt 0.4453125 0.625
vt 0.4453125 0.609375
vt 0.5234375 0.609375
vt 0.34375 0.4921875
vt 0.359375 0.4921875
vt 0.359375 0.5703125
vt 0.34375 0.5703125
vt 0.234375 1
vt 0.234375 0.953125
vt 0.3125 0.953125
vt 0.3125 1
vt 0.2578125 0.828125
vt 0.2578125 0.75
vt 0.3046875 0.75
vt 0.3046875 0.828125
vt 0.59375 0.75
vt 0.59375 0.765625
vt 0.546875 0.765625
vt 0.546875 0.75
vt 0.59375 0.8125
vt 0.546875 0.8125
vt 0.546875 0.796875
vt 0.59375 0.796875
vt 0.4765625 0.671875
vt 0.3671875 0.671875
vt 0.3671875 0.65625
vt 0.4765625 0.65625
vt 0.3671875 0.5390625
vt 0.3828125 0.5390625
vt 0.3828125 0.6484375
vt 0.3671875 0.6484375
vt 0 1
vt 0 0.9375
vt 0.109375 0.9375
vt 0.109375 1
vt 0 0.9296875
vt 0 0.8203125
vt 0.0625 0.8203125
vt 0.0625 0.9296875
vt 0.5546875 0.9609375
vt 0.5546875 0.9765625
vt 0.4921875 0.9765625
vt 0.4921875 0.9609375
vt 0.5546875 1
vt 0.4921875 1
vt 0.4921875 0.984375
vt 0.5546875 0.984375
vt 0.5546875 0.5546875
vt 0.5078125 0.5546875
vt 0.5078125 0.5390625
vt 0.5546875 0.5390625
vt 0.1953125 0.453125
vt 0.2109375 0.453125
vt 0.2109375 0.5
vt 0.1953125 0.5
vt 0.296875 0.4765625
vt 0.3125 0.4765625
vt 0.3125 0.5234375
vt 0.296875 0.5234375
vt 0.0703125 0.5078125
vt 0.0703125 0.4609375
vt 0.0859375 0.4609375
vt 0.0859375 0.5078125
vt 0.6015625 0.578125
vt 0.6015625 0.59375
vt 0.5859375 0.59375
vt 0.5859375 0.578125
vt 0.6015625 0.4609375
vt 0.5859375 0.4609375
vt 0.5859375 0.4453125
vt 0.6015625 0.4453125
vt 0.578125 0.859375
vt 0.53125 0.859375
vt 0.53125 0.84375
vt 0.578125 0.84375
vt 0.2890625 0.421875
vt 0.3046875 0.421875
vt 0.3046875 0.46875
vt 0.2890625 0.46875
vt 0.3203125 0.578125
vt 0.3515625 0.578125
vt 0.3515625 0.625
vt 0.3203125 0.625
vt 0.421875 0.953125
vt 0.421875 0.90625
vt 0.453125 0.90625
vt 0.453125 0.953125
vt 0.6171875 0.84375
vt 0.6171875 0.859375
vt 0.5859375 0.859375
vt 0.5859375 0.84375
vt 0.6171875 0.90625
vt 0.5859375 0.90625
vt 0.5859375 0.890625
vt 0.6171875 0.890625
vt 0.578125 0.90625
vt 0.53125 0.90625
vt 0.53125 0.890625
vt 0.578125 0.890625
vt 0.2421875 0.4296875
vt 0.2578125 0.4296875
vt 0.2578125 0.4765625
vt 0.2421875 0.4765625
vt 0.3671875 0.7890625
vt 0.4140625 0.7890625
vt 0.4140625 0.8359375
vt 0.3671875 0.8359375
vt 0.3671875 0.890625
vt 0.3671875 0.84375
vt 0.4140625 0.84375
vt 0.4140625 0.890625
vt 0.6015625 0.8671875
vt 0.6015625 0.8828125
vt 0.5546875 0.8828125
vt 0.5546875 0.8671875
vt 0.15625 0.4453125
vt 0.109375 0.4453125
vt 0.109375 0.4296875
vt 0.15625 0.4296875
vt 0.5390625 0.953125
vt 0.4609375 0.953125
vt 0.4609375 0.9375
vt 0.5390625 0.9375
vt 0.4453125 0.5234375
vt 0.4609375 0.5234375
vt 0.4609375 0.6015625
vt 0.4453125 0.6015625
vt 0.2578125 0.6640625
vt 0.3046875 0.6640625
vt 0.3046875 0.7421875
vt 0.2578125 0.7421875
vt 0.359375 0.9453125
vt 0.28125 0.9453125
vt 0.28125 0.8984375
vt 0.359375 0.8984375
vt 0.046875 0.4296875
vt 0.046875 0.4453125
vt 0 0.4453125
vt 0 0.4296875
vt 0.4921875 0.453125
vt 0.4453125 0.453125
vt 0.4453125 0.4375
vt 0.4921875 0.4375
vt 0.484375 1
vt 0.375 1
vt 0.375 0.984375
vt 0.484375 0.984375
vt 0.0703125 0.515625
vt 0.0859375 0.515625
vt 0.0859375 0.625
vt 0.0703125 0.625
vt 0.0703125 0.8203125
vt 0.1328125 0.8203125
vt 0.1328125 0.9296875
vt 0.0703125 0.9296875
vt 0.2265625 1
vt 0.1171875 1
vt 0.1171875 0.9375
vt 0.2265625 0.9375
vt 0.453125 0.4921875
vt 0.453125 0.5078125
vt 0.390625 0.5078125
vt 0.390625 0.4921875
vt 0.5546875 0.6640625
vt 0.4921875 0.6640625
vt 0.4921875 0.6484375
vt 0.5546875 0.6484375
vt 0.578125 0.8359375
vt 0.53125 0.8359375
vt 0.53125 0.8203125
vt 0.578125 0.8203125
vt 0.3125 0.421875
vt 0.328125 0.421875
vt 0.328125 0.46875
vt 0.3125 0.46875
vt 0.265625 0.4609375
vt 0.28125 0.4609375
vt 0.28125 0.5078125
vt 0.265625 0.5078125
vt 0.140625 0.5
vt 0.09375 0.5
vt 0.09375 0.484375
vt 0.140625 0.484375
vt 0.0546875 0.390625
vt 0.0546875 0.40625
vt 0.0390625 0.40625
vt 0.0390625 0.390625
vt 0.078125 0.40625
vt 0.0625 0.40625
vt 0.0625 0.390625
vt 0.078125 0.390625
vt 0.59375 0.5546875
vt 0.5625 0.5546875
vt 0.5625 0.5390625
vt 0.59375 0.5390625
vt 0.4453125 0.3984375
vt 0.4609375 0.3984375
vt 0.4609375 0.4296875
vt 0.4453125 0.4296875
vt 0.46875 0.5703125
vt 0.5 0.5703125
vt 0.5 0.6015625
vt 0.46875 0.6015625
vt 0.46875 0.5625
vt 0.46875 0.53125
vt 0.5 0.53125
vt 0.5 0.5625
vt 0.125 0.40625
vt 0.125 0.421875
vt 0.09375 0.421875
vt 0.09375 0.40625
vt 0.609375 0.7421875
vt 0.578125 0.7421875
vt 0.578125 0.7265625
vt 0.609375 0.7265625
vt 0.03125 0.421875
vt 0 0.421875
vt 0 0.40625
vt 0.03125 0.40625
vt 0.3359375 0.3984375
vt 0.3515625 0.3984375
vt 0.3515625 0.4296875
vt 0.3359375 0.4296875
vt 0.421875 0.71875
vt 0.46875 0.71875
vt 0.46875 0.75
vt 0.421875 0.75
vt 0.421875 0.7890625
vt 0.421875 0.7578125
vt 0.46875 0.7578125
vt 0.46875 0.7890625
vt 0.5703125 0.7109375
vt 0.5703125 0.7265625
vt 0.5234375 0.7265625
vt 0.5234375 0.7109375
vt 0.046875 0.46875
vt 0 0.46875
vt 0 0.453125
vt 0.046875 0.453125
vt 0.5390625 0.796875
vt 0.4765625 0.796875
vt 0.4765625 0.78125
vt 0.5390625 0.78125
vt 0.3671875 0.46875
vt 0.3828125 0.46875
vt 0.3828125 0.53125
vt 0.3671875 0.53125
vt 0.21875 0.59375
vt 0.265625 0.59375
vt 0.265625 0.65625
vt 0.21875 0.65625
vt 0.3125 0.6953125
vt 0.3125 0.6328125
vt 0.359375 0.6328125
vt 0.359375 0.6953125
vt 0.140625 0.4609375
vt 0.140625 0.4765625
vt 0.09375 0.4765625
vt 0.09375 0.4609375
vt 0.4921875 0.4765625
vt 0.4453125 0.4765625
vt 0.4453125 0.4609375
vt 0.4921875 0.4609375
vt 0.515625 0.7109375
vt 0.421875 0.7109375
vt 0.421875 0.6953125
vt 0.515625 0.6953125
vt 0.3203125 0.4765625
vt 0.3359375 0.4765625
vt 0.3359375 0.5703125
vt 0.3203125 0.5703125
vt 0 0.6484375
vt 0.0625 0.6484375
vt 0.0625 0.7421875
vt 0 0.7421875
vt 0.2109375 0.9296875
vt 0.2109375 0.8359375
vt 0.2734375 0.8359375
vt 0.2734375 0.9296875
vt 0.5390625 0.7578125
vt 0.5390625 0.7734375
vt 0.4765625 0.7734375
vt 0.4765625 0.7578125
vt 0.5390625 0.75
vt 0.4765625 0.75
vt 0.4765625 0.734375
vt 0.5390625 0.734375
vn 0 1 0
vn 0 -1 0
vn -0.49999999999999994 0 -0.8660254037844387
vn 0.8660254037844387 0 -0.49999999999999994
vn 0.8660254037844387 0 -0.49999999999999994
vn -0.8660254037844387 0 0.49999999999999994
vn -0.8660254037844387 0 0.49999999999999994
vn 0.49999999999999994 0 0.8660254037844387
vn 0.49999999999999994 0 0.8660254037844387
vn 0.49999999999999994 0 0.8660254037844387
vn 0.49999999999999994 0 0.8660254037844387
vn 0 1 0
vn 0 -1 0
vn -0.49999999999999994 0 -0.8660254037844387
vn 0.8660254037844387 0 -0.49999999999999994
vn 0.8660254037844387 0 -0.49999999999999994
vn -0.8660254037844387 0 0.49999999999999994
vn -0.8660254037844387 0 0.49999999999999994
vn 0.49999999999999994 0 0.8660254037844387
vn 0.49999999999999994 0 0.8660254037844387
vn 0.49999999999999994 0 0.8660254037844387
vn 0.49999999999999994 0 0.8660254037844387
vn -0.1305267776658393 2.9536413292952297e-7 -0.9914447842981904
vn 0.1305267776658307 -2.9536414464931186e-7 0.9914447842981916
vn 0.1721625320906387 0.9848077682942137 -0.022665437377432124
vn -0.1721625320906359 -0.9848077682942145 0.02266543737742371
vn 0.9763825187170823 -0.17364809099809111 -0.12854383546637088
vn -0.976382518717082 0.17364809099809517 0.12854383546636666
vn 0.819152279221588 -3.9177070620955e-7 -0.5735761008322473
vn -0.8191522792215921 3.9177070681670333e-7 0.5735761008322415
vn 0.04999075465822052 0.9961947005521307 0.07139357842658137
vn -0.04999075465822212 -0.9961947005521303 -0.07139357842658366
vn 0.5713934440425263 -0.0871557146244361 0.8160351790906593
vn -0.5713934440425259 0.08715571462445322 -0.8160351790906577
vn 0.8191522792215832 -3.9177072092000657e-7 -0.5735761008322542
vn -0.8191522792215884 3.9177070502039516e-7 0.5735761008322467
vn 0.0499907546582227 0.9961947005521307 0.07139357842658195
vn -0.04999075465822276 -0.9961947005521304 -0.07139357842658342
vn 0.571393444042535 -0.0871557146244236 0.8160351790906545
vn -0.5713934440425308 0.08715571462443551 -0.8160351790906563
vn 0.8191522792215854 -3.91770718755068e-7 -0.5735761008322507
vn -0.8191522792215875 3.9177071909594277e-7 0.573576100832248
vn 0.04999075465822088 0.9961947005521306 0.07139357842658287
vn -0.04999075465822217 -0.9961947005521304 -0.07139357842658266
vn 0.5713934440425259 -0.08715571462445137 0.8160351790906578
vn -0.5713934440425256 0.08715571462446571 -0.8160351790906567
vn 0.819152279221588 -3.9177070743079613e-7 -0.5735761008322471
vn -0.8191522792215865 3.91770717684165e-7 0.5735761008322495
vn 0.0499907546582223 0.9961947005521306 0.07139357842658274
vn -0.04999075465822093 -0.9961947005521306 -0.07139357842658245
vn 0.5713934440425333 -0.08715571462442236 0.8160351790906559
vn -0.5713934440425257 0.0871557146244526 -0.8160351790906578
vn 0.8191522792215876 -3.9177072036489347e-7 -0.5735761008322477
vn -0.8191522792215784 3.9177073440574655e-7 0.573576100832261
vn 0.04999075465822272 0.9961947005521306 0.07139357842658124
vn -0.04999075465822072 -0.9961947005521306 -0.07139357842658262
vn 0.571393444042527 -0.08715571462443793 0.8160351790906584
vn -0.5713934440425363 0.08715571462443793 -0.8160351790906519
vn 0.843391136941233 3.5989422257169096e-7 0.5373000931777745
vn -0.84339113694123 -3.598942095358212e-7 -0.5373000931777789
vn -0.04682907038102688 0.9961947014614222 0.07350615584722754
vn 0.046829070381027016 -0.9961947014614222 -0.07350615584722722
vn -0.5352554794639854 -0.08715570423131495 0.8401817987338946
vn 0.5352554794639877 0.0871557042313215 -0.8401817987338926
vn 0.8433911369412324 3.5989420998916523e-7 0.5373000931777752
vn -0.8433911369412348 -3.5989420426689053e-7 -0.5373000931777713
vn -0.04682907038102687 0.9961947014614222 0.07350615584722822
vn 0.046829070381026426 -0.9961947014614222 -0.07350615584722868
vn -0.5352554794639816 -0.08715570423132145 0.8401817987338966
vn 0.5352554794639838 0.08715570423131548 -0.8401817987338958
vn 0.843391136941235 3.598941848537144e-7 0.5373000931777709
vn -0.8433911369412349 -3.5989420374416093e-7 -0.5373000931777713
vn -0.0468290703810262 0.9961947014614222 0.07350615584722764
vn 0.04682907038102488 -0.9961947014614224 -0.07350615584722696
vn -0.5352554794639898 -0.08715570423133479 0.8401817987338898
vn 0.5352554794639867 0.08715570423132754 -0.8401817987338926
vn 0.8433911369412342 3.5989421677738383e-7 0.5373000931777722
vn -0.8433911369412312 -3.5989422236815275e-7 -0.5373000931777773
vn -0.04682907038102546 0.9961947014614222 0.07350615584722696
vn 0.046829070381024844 -0.9961947014614223 -0.07350615584722843
vn -0.5352554794639846 -0.08715570423133395 0.8401817987338932
vn 0.5352554794639819 0.08715570423130276 -0.8401817987338982
vn 0.8433911369412344 3.5989421679853075e-7 0.537300093177772
vn -0.8433911369412326 -3.5989420388293674e-7 -0.5373000931777749
vn -0.04682907038102833 0.9961947014614224 0.07350615584722427
vn 0.04682907038102113 -0.9961947014614221 -0.07350615584723161
vn -0.535255479463979 -0.08715570423133365 0.8401817987338969
vn 0.5352554794640009 0.08715570423133479 -0.8401817987338828
vn -0.5372989648474082 -0.0000011294069793462333 0.8433918557661249
vn 0.537298964847401 0.0000011294070043910147 -0.8433918557661296
vn -0.07350646546813787 0.9961947585335887 -0.04682737025059403
vn 0.07350646546813766 -0.9961947585335887 0.04682737025059504
vn -0.8401824932169685 -0.08715505188416724 -0.5352544955652282
vn 0.840182493216971 0.0871550518841547 0.5352544955652263
vn -0.5372989648474042 -0.0000011294069854154476 0.8433918557661275
vn 0.5372989648473996 0.000001129406998183028 -0.8433918557661304
vn -0.07350646546813636 0.9961947585335889 -0.04682737025059609
vn 0.07350646546813835 -0.9961947585335889 0.0468273702505951
vn -0.8401824932169684 -0.08715505188415441 -0.5352544955652305
vn 0.8401824932169728 0.08715505188415468 0.5352544955652236
vn -0.5372989648474087 -0.000001129406979671894 0.8433918557661249
vn 0.5372989648474111 0.0000011294069603762143 -0.8433918557661231
vn -0.07350646546813837 0.9961947585335889 -0.046827370250595315
vn 0.07350646546813774 -0.9961947585335887 0.046827370250595156
vn -0.8401824932169708 -0.08715505188416692 -0.5352544955652249
vn 0.840182493216969 0.08715505188416064 0.5352544955652285
vn -0.5372989648474071 -0.0000011294069923094081 0.8433918557661257
vn 0.5372989648474037 0.0000011294069980706727 -0.843391855766128
vn -0.07350646546813754 0.996194758533589 -0.04682737025059404
vn 0.07350646546813863 -0.9961947585335887 0.04682737025059418
vn -0.8401824932169746 -0.0871550518841419 -0.5352544955652228
vn 0.8401824932169728 0.08715505188414252 0.5352544955652255
vn -0.5372989648474115 -0.0000011294069861556009 0.843391855766123
vn 0.5372989648474067 0.0000011294069989139258 -0.843391855766126
vn -0.07350646546813845 0.9961947585335889 -0.046827370250595676
vn 0.07350646546813919 -0.9961947585335889 0.04682737025059353
vn -0.8401824932169628 -0.08715505188415441 -0.5352544955652392
vn 0.840182493216975 0.08715505188417345 0.5352544955652172
vn -0.9999999999995048 9.944745187340206e-7 -4.038604611844576e-8
vn 0.9999999999995047 -9.944745199830234e-7 4.038604239919863e-8
vn 9.942101468693454e-7 0.9961947404448751 -0.0871552586421464
vn -9.942101497142919e-7 -0.9961947404448753 0.08715525864214513
vn -4.644131540443297e-8 -0.08715525864214976 -0.9961947404453699
vn 4.644132695075244e-8 0.08715525864211254 0.9961947404453733
vn -0.9999999999995048 9.944745128128306e-7 -4.038604384248856e-8
vn 0.9999999999995047 -9.944745125491552e-7 4.038604595191231e-8
vn 9.942101487636634e-7 0.9961947404448751 -0.08715525864214696
vn -9.942101475909904e-7 -0.9961947404448751 0.08715525864214711
vn -4.6441314183187656e-8 -0.08715525864214561 -0.9961947404453704
vn 4.6441313017453454e-8 0.0871552586421405 0.9961947404453706
vn -0.9999999999995048 9.94474531879064e-7 -4.038604933809254e-8
vn 0.9999999999995048 -9.9447451978319e-7 4.038604473066698e-8
vn 9.942101475840517e-7 0.9961947404448753 -0.08715525864214593
vn -9.942101473897624e-7 -0.9961947404448751 0.0871552586421464
vn -4.644131407216533e-8 -0.08715525864214076 -0.9961947404453706
vn 4.644132300946069e-8 0.08715525864211444 0.996194740445373
vn -0.9999999999995048 9.944745380201818e-7 -4.03860522246724e-8
vn 0.9999999999995048 -9.944745317474166e-7 4.038604911604793e-8
vn 9.94210147937935e-7 0.9961947404448752 -0.08715525864214593
vn -9.942101496240863e-7 -0.9961947404448752 0.08715525864214616
vn -4.644131335052036e-8 -0.08715525864214428 -0.9961947404453703
vn 4.6441316070566785e-8 0.08715525864212664 0.9961947404453719
vn -0.9999999999995048 9.94474531908666e-7 -4.0386047617246845e-8
vn 0.9999999999995048 -9.944745248356176e-7 4.038604661804613e-8
vn 9.94210147937935e-7 0.9961947404448751 -0.08715525864214686
vn -9.942101454746277e-7 -0.9961947404448751 0.08715525864214677
vn -4.64413234535499e-8 -0.08715525864214045 -0.9961947404453707
vn 4.6441308021449856e-8 0.08715525864214393 0.9961947404453704
vn -0.1305267776658412 2.9536413048703004e-7 -0.9914447842981902
vn 0.13052677766583556 -2.9536414000025035e-7 0.991444784298191
vn 0.17216253209063698 0.9848077682942141 -0.022665437377427877
vn -0.17216253209063764 -0.9848077682942141 0.022665437377426923
vn 0.9763825187170815 -0.17364809099809686 -0.12854383546636877
vn -0.9763825187170838 0.17364809099809048 0.12854383546635972
vn -0.13052677766582896 2.9536414714037594e-7 -0.9914447842981919
vn 0.13052677766583382 -2.9536413462954864e-7 0.9914447842981913
vn 0.17216253209063762 0.984807768294214 -0.022665437377428228
vn -0.17216253209063634 -0.9848077682942142 0.022665437377428366
vn 0.9763825187170835 -0.17364809099808878 -0.1285438354663635
vn -0.9763825187170817 0.17364809099810266 0.12854383546635909
vn -0.13052677766584292 2.953641202729799e-7 -0.99144478429819
vn 0.13052677766584167 -2.953641277392278e-7 0.9914447842981903
vn 0.1721625320906368 0.984807768294214 -0.02266543737742889
vn -0.17216253209063664 -0.9848077682942141 0.022665437377426614
vn 0.9763825187170836 -0.17364809099808587 -0.1285438354663678
vn -0.9763825187170816 0.17364809099809628 0.12854383546636758
vn -0.13052677766583806 2.953641325594468e-7 -0.9914447842981907
vn 0.13052677766583864 -2.953641272026193e-7 0.9914447842981906
vn 0.1721625320906371 0.9848077682942141 -0.022665437377427385
vn -0.17216253209063698 -0.9848077682942142 0.022665437377425903
vn 0.976382518717083 -0.1736480909980905 -0.12854383546636594
vn -0.9763825187170809 0.17364809099810116 0.12854383546636727
usemtl m_d63b48de-5995-e43b-dcc1-461060c57ade
f 1579/4797/1214 1575/4798/1214 1576/4799/1214 1580/4800/1214
f 1578/4801/1215 1577/4802/1215 1581/4803/1215 1582/4804/1215
f 1580/4805/1216 1576/4806/1216 1578/4807/1216 1582/4808/1216
f 1576/4809/1217 1575/4810/1217 1583/4811/1217 1578/4812/1217
f 1583/4813/1218 1577/4814/1218 1578/4815/1218
f 1582/4816/1219 1581/4817/1219 1584/4818/1219 1580/4819/1219
f 1584/4820/1220 1579/4821/1220 1580/4822/1220
f 1577/4823/1221 1583/4824/1221 1584/4825/1221 1581/4826/1221
f 1585/4827/1222 1583/4828/1222 1575/4829/1222 1579/4830/1222
f 1579/4831/1223 1584/4832/1223 1585/4833/1223
f 1583/4834/1224 1585/4835/1224 1584/4836/1224
f 1590/4837/1225 1586/4838/1225 1587/4839/1225 1591/4840/1225
f 1589/4841/1226 1588/4842/1226 1592/4843/1226 1593/4844/1226
f 1591/4845/1227 1587/4846/1227 1589/4847/1227 1593/4848/1227
f 1587/4849/1228 1586/4850/1228 1594/4851/1228 1589/4852/1228
f 1594/4853/1229 1588/4854/1229 1589/4855/1229
f 1593/4856/1230 1592/4857/1230 1595/4858/1230 1591/4859/1230
f 1595/4860/1231 1590/4861/1231 1591/4862/1231
f 1588/4863/1232 1594/4864/1232 1595/4865/1232 1592/4866/1232
f 1596/4867/1233 1594/4868/1233 1586/4869/1233 1590/4870/1233
f 1590/4871/1234 1595/4872/1234 1596/4873/1234
f 1594/4874/1235 1596/4875/1235 1595/4876/1235
f 1598/4877/1236 1597/4878/1236 1599/4879/1236 1600/4880/1236
f 1603/4881/1237 1601/4882/1237 1602/4883/1237 1604/4884/1237
f 1601/4885/1238 1597/4886/1238 1598/4887/1238 1602/4888/1238
f 1600/4889/1239 1599/4890/1239 1603/4891/1239 1604/4892/1239
f 1599/4893/1240 1597/4894/1240 1601/4895/1240 1603/4896/1240
f 1602/4897/1241 1598/4898/1241 1600/4899/1241 1604/4900/1241
f 1606/4901/1242 1605/4902/1242 1607/4903/1242 1608/4904/1242
f 1611/4905/1243 1609/4906/1243 1610/4907/1243 1612/4908/1243
f 1609/4909/1244 1605/4910/1244 1606/4911/1244 1610/4912/1244
f 1608/4913/1245 1607/4914/1245 1611/4915/1245 1612/4916/1245
f 1607/4917/1246 1605/4918/1246 1609/4919/1246 1611/4920/1246
f 1610/4921/1247 1606/4922/1247 1608/4923/1247 1612/4924/1247
f 1614/4925/1248 1613/4926/1248 1615/4927/1248 1616/4928/1248
f 1619/4929/1249 1617/4930/1249 1618/4931/1249 1620/4932/1249
f 1617/4933/1250 1613/4934/1250 1614/4935/1250 1618/4936/1250
f 1616/4937/1251 1615/4938/1251 1619/4939/1251 1620/4940/1251
f 1615/4941/1252 1613/4942/1252 1617/4943/1252 1619/4944/1252
f 1618/4945/1253 1614/4946/1253 1616/4947/1253 1620/4948/1253
f 1622/4949/1254 1621/4950/1254 1623/4951/1254 1624/4952/1254
f 1627/4953/1255 1625/4954/1255 1626/4955/1255 1628/4956/1255
f 1625/4957/1256 1621/4958/1256 1622/4959/1256 1626/4960/1256
f 1624/4961/1257 1623/4962/1257 1627/4963/1257 1628/4964/1257
f 1623/4965/1258 1621/4966/1258 1625/4967/1258 1627/4968/1258
f 1626/4969/1259 1622/4970/1259 1624/4971/1259 1628/4972/1259
f 1630/4973/1260 1629/4974/1260 1631/4975/1260 1632/4976/1260
f 1635/4977/1261 1633/4978/1261 1634/4979/1261 1636/4980/1261
f 1633/4981/1262 1629/4982/1262 1630/4983/1262 1634/4984/1262
f 1632/4985/1263 1631/4986/1263 1635/4987/1263 1636/4988/1263
f 1631/4989/1264 1629/4990/1264 1633/4991/1264 1635/4992/1264
f 1634/4993/1265 1630/4994/1265 1632/4995/1265 1636/4996/1265
f 1638/4997/1266 1637/4998/1266 1639/4999/1266 1640/5000/1266
f 1643/5001/1267 1641/5002/1267 1642/5003/1267 1644/5004/1267
f 1641/5005/1268 1637/5006/1268 1638/5007/1268 1642/5008/1268
f 1640/5009/1269 1639/5010/1269 1643/5011/1269 1644/5012/1269
f 1639/5013/1270 1637/5014/1270 1641/5015/1270 1643/5016/1270
f 1642/5017/1271 1638/5018/1271 1640/5019/1271 1644/5020/1271
f 1646/5021/1272 1645/5022/1272 1647/5023/1272 1648/5024/1272
f 1651/5025/1273 1649/5026/1273 1650/5027/1273 1652/5028/1273
f 1649/5029/1274 1645/5030/1274 1646/5031/1274 1650/5032/1274
f 1648/5033/1275 1647/5034/1275 1651/5035/1275 1652/5036/1275
f 1647/5037/1276 1645/5038/1276 1649/5039/1276 1651/5040/1276
f 1650/5041/1277 1646/5042/1277 1648/5043/1277 1652/5044/1277
f 1654/5045/1278 1653/5046/1278 1655/5047/1278 1656/5048/1278
f 1659/5049/1279 1657/5050/1279 1658/5051/1279 1660/5052/1279
f 1657/5053/1280 1653/5054/1280 1654/5055/1280 1658/5056/1280
f 1656/5057/1281 1655/5058/1281 1659/5059/1281 1660/5060/1281
f 1655/5061/1282 1653/5062/1282 1657/5063/1282 1659/5064/1282
f 1658/5065/1283 1654/5066/1283 1656/5067/1283 1660/5068/1283
f 1662/5069/1284 1661/5070/1284 1663/5071/1284 1664/5072/1284
f 1667/5073/1285 1665/5074/1285 1666/5075/1285 1668/5076/1285
f 1665/5077/1286 1661/5078/1286 1662/5079/1286 1666/5080/1286
f 1664/5081/1287 1663/5082/1287 1667/5083/1287 1668/5084/1287
f 1663/5085/1288 1661/5086/1288 1665/5087/1288 1667/5088/1288
f 1666/5089/1289 1662/5090/1289 1664/5091/1289 1668/5092/1289
f 1670/5093/1290 1669/5094/1290 1671/5095/1290 1672/5096/1290
f 1675/5097/1291 1673/5098/1291 1674/5099/1291 1676/5100/1291
f 1673/5101/1292 1669/5102/1292 1670/5103/1292 1674/5104/1292
f 1672/5105/1293 1671/5106/1293 1675/5107/1293 1676/5108/1293
f 1671/5109/1294 1669/5110/1294 1673/5111/1294 1675/5112/1294
f 1674/5113/1295 1670/5114/1295 1672/5115/1295 1676/5116/1295
f 1678/5117/1296 1677/5118/1296 1679/5119/1296 1680/5120/1296
f 1683/5121/1297 1681/5122/1297 1682/5123/1297 1684/5124/1297
f 1681/5125/1298 1677/5126/1298 1678/5127/1298 1682/5128/1298
f 1680/5129/1299 1679/5130/1299 1683/5131/1299 1684/5132/1299
f 1679/5133/1300 1677/5134/1300 1681/5135/1300 1683/5136/1300
f 1682/5137/1301 1678/5138/1301 1680/5139/1301 1684/5140/1301
f 1686/5141/1302 1685/5142/1302 1687/5143/1302 1688/5144/1302
f 1691/5145/1303 1689/5146/1303 1690/5147/1303 1692/5148/1303
f 1689/5149/1304 1685/5150/1304 1686/5151/1304 1690/5152/1304
f 1688/5153/1305 1687/5154/1305 1691/5155/1305 1692/5156/1305
f 1687/5157/1306 1685/5158/1306 1689/5159/1306 1691/5160/1306
f 1690/5161/1307 1686/5162/1307 1688/5163/1307 1692/5164/1307
f 1694/5165/1308 1693/5166/1308 1695/5167/1308 1696/5168/1308
f 1699/5169/1309 1697/5170/1309 1698/5171/1309 1700/5172/1309
f 1697/5173/1310 1693/5174/1310 1694/5175/1310 1698/5176/1310
f 1696/5177/1311 1695/5178/1311 1699/5179/1311 1700/5180/1311
f 1695/5181/1312 1693/5182/1312 1697/5183/1312 1699/5184/1312
f 1698/5185/1313 1694/5186/1313 1696/5187/1313 1700/5188/1313
f 1702/5189/1314 1701/5190/1314 1703/5191/1314 1704/5192/1314
f 1707/5193/1315 1705/5194/1315 1706/5195/1315 1708/5196/1315
f 1705/5197/1316 1701/5198/1316 1702/5199/1316 1706/5200/1316
f 1704/5201/1317 1703/5202/1317 1707/5203/1317 1708/5204/1317
f 1703/5205/1318 1701/5206/1318 1705/5207/1318 1707/5208/1318
f 1706/5209/1319 1702/5210/1319 1704/5211/1319 1708/5212/1319
f 1710/5213/1320 1709/5214/1320 1711/5215/1320 1712/5216/1320
f 1715/5217/1321 1713/5218/1321 1714/5219/1321 1716/5220/1321
f 1713/5221/1322 1709/5222/1322 1710/5223/1322 1714/5224/1322
f 1712/5225/1323 1711/5226/1323 1715/5227/1323 1716/5228/1323
f 1711/5229/1324 1709/5230/1324 1713/5231/1324 1715/5232/1324
f 1714/5233/1325 1710/5234/1325 1712/5235/1325 1716/5236/1325
f 1718/5237/1326 1717/5238/1326 1719/5239/1326 1720/5240/1326
f 1723/5241/1327 1721/5242/1327 1722/5243/1327 1724/5244/1327
f 1721/5245/1328 1717/5246/1328 1718/5247/1328 1722/5248/1328
f 1720/5249/1329 1719/5250/1329 1723/5251/1329 1724/5252/1329
f 1719/5253/1330 1717/5254/1330 1721/5255/1330 1723/5256/1330
f 1722/5257/1331 1718/5258/1331 1720/5259/1331 1724/5260/1331
f 1726/5261/1332 1725/5262/1332 1727/5263/1332 1728/5264/1332
f 1731/5265/1333 1729/5266/1333 1730/5267/1333 1732/5268/1333
f 1729/5269/1334 1725/5270/1334 1726/5271/1334 1730/5272/1334
f 1728/5273/1335 1727/5274/1335 1731/5275/1335 1732/5276/1335
f 1727/5277/1336 1725/5278/1336 1729/5279/1336 1731/5280/1336
f 1730/5281/1337 1726/5282/1337 1728/5283/1337 1732/5284/1337
f 1734/5285/1338 1733/5286/1338 1735/5287/1338 1736/5288/1338
f 1739/5289/1339 1737/5290/1339 1738/5291/1339 1740/5292/1339
f 1737/5293/1340 1733/5294/1340 1734/5295/1340 1738/5296/1340
f 1736/5297/1341 1735/5298/1341 1739/5299/1341 1740/5300/1341
f 1735/5301/1342 1733/5302/1342 1737/5303/1342 1739/5304/1342
f 1738/5305/1343 1734/5306/1343 1736/5307/1343 1740/5308/1343
f 1742/5309/1344 1741/5310/1344 1743/5311/1344 1744/5312/1344
f 1747/5313/1345 1745/5314/1345 1746/5315/1345 1748/5316/1345
f 1745/5317/1346 1741/5318/1346 1742/5319/1346 1746/5320/1346
f 1744/5321/1347 1743/5322/1347 1747/5323/1347 1748/5324/1347
f 1743/5325/1348 1741/5326/1348 1745/5327/1348 1747/5328/1348
f 1746/5329/1349 1742/5330/1349 1744/5331/1349 1748/5332/1349
f 1750/5333/1350 1749/5334/1350 1751/5335/1350 1752/5336/1350
f 1755/5337/1351 1753/5338/1351 1754/5339/1351 1756/5340/1351
f 1753/5341/1352 1749/5342/1352 1750/5343/1352 1754/5344/1352
f 1752/5345/1353 1751/5346/1353 1755/5347/1353 1756/5348/1353
f 1751/5349/1354 1749/5350/1354 1753/5351/1354 1755/5352/1354
f 1754/5353/1355 1750/5354/1355 1752/5355/1355 1756/5356/1355
f 1758/5357/1356 1757/5358/1356 1759/5359/1356 1760/5360/1356
f 1763/5361/1357 1761/5362/1357 1762/5363/1357 1764/5364/1357
f 1761/5365/1358 1757/5366/1358 1758/5367/1358 1762/5368/1358
f 1760/5369/1359 1759/5370/1359 1763/5371/1359 1764/5372/1359
f 1759/5373/1360 1757/5374/1360 1761/5375/1360 1763/5376/1360
f 1762/5377/1361 1758/5378/1361 1760/5379/1361 1764/5380/1361
f 1766/5381/1362 1765/5382/1362 1767/5383/1362 1768/5384/1362
f 1771/5385/1363 1769/5386/1363 1770/5387/1363 1772/5388/1363
f 1769/5389/1364 1765/5390/1364 1766/5391/1364 1770/5392/1364
f 1768/5393/1365 1767/5394/1365 1771/5395/1365 1772/5396/1365
f 1767/5397/1366 1765/5398/1366 1769/5399/1366 1771/5400/1366
f 1770/5401/1367 1766/5402/1367 1768/5403/1367 1772/5404/1367
f 1774/5405/1368 1773/5406/1368 1775/5407/1368 1776/5408/1368
f 1779/5409/1369 1777/5410/1369 1778/5411/1369 1780/5412/1369
f 1777/5413/1370 1773/5414/1370 1774/5415/1370 1778/5416/1370
f 1776/5417/1371 1775/5418/1371 1779/5419/1371 1780/5420/1371
f 1775/5421/1372 1773/5422/1372 1777/5423/1372 1779/5424/1372
f 1778/5425/1373 1774/5426/1373 1776/5427/1373 1780/5428/1373
f 1782/5429/1374 1781/5430/1374 1783/5431/1374 1784/5432/1374
f 1787/5433/1375 1785/5434/1375 1786/5435/1375 1788/5436/1375
f 1785/5437/1376 1781/5438/1376 1782/5439/1376 1786/5440/1376
f 1784/5441/1377 1783/5442/1377 1787/5443/1377 1788/5444/1377
f 1783/5445/1378 1781/5446/1378 1785/5447/1378 1787/5448/1378
f 1786/5449/1379 1782/5450/1379 1784/5451/1379 1788/5452/1379
f 1790/5453/1380 1789/5454/1380 1791/5455/1380 1792/5456/1380
f 1795/5457/1381 1793/5458/1381 1794/5459/1381 1796/5460/1381
f 1793/5461/1382 1789/5462/1382 1790/5463/1382 1794/5464/1382
f 1792/5465/1383 1791/5466/1383 1795/5467/1383 1796/5468/1383
f 1791/5469/1384 1789/5470/1384 1793/5471/1384 1795/5472/1384
f 1794/5473/1385 1790/5474/1385 1792/5475/1385 1796/5476/1385
o palmera
v 6.1875 2.625 12.4375
v 6.1875 2.625 12.3125
v 6.1875 1.5 12.4375
v 6.1875 1.5 12.3125
v 6.0625 2.625 12.4375
v 6.0625 2.625 12.3125
v 6.0625 1.5 12.4375
v 6.0625 1.5 12.3125
v 6.1875 2.4941357808764737 12.4375
v 6.0625 2.4761438774777744 12.4375
v 6.132177621591024 2.503423291235256 12.4375
v 6.0625 1.625 12.4375
v 6.0625 1.625 12.3125
v 6.0625 0 12.4375
v 6.0625 0 12.3125
v 5.9375 1.625 12.4375
v 5.9375 1.625 12.3125
v 5.9375 0 12.4375
v 5.9375 0 12.3125
v 6.0625 1.435973905710462 12.4375
v 5.9375 1.4099856008012295 12.4375
v 6.007177621591024 1.449389198450926 12.4375
v 7.205929465505104 2.341261005635091 12.700707504830119
v 6.978468469816802 2.384673028384615 12.606490246743924
v 7.185875734872722 2.2181600345983146 12.692400952144046
v 6.95841473918442 2.2615720573478377 12.59818369405785
v 7.15809410465306 2.3412609687145745 12.816192474640712
v 6.9306331089647575 2.3846729914640976 12.721975216554515
v 7.138040374020678 2.2181599976777973 12.807885921954638
v 6.910579378332375 2.2615720204273213 12.713668663868443
v 6.28726565713899 2.4635469680752466 13.206111886224331
v 6.265559745001145 2.4853358967313572 12.958010906850443
v 6.2863160978546055 2.33902263050623 13.195258882485131
v 6.264610185716757 2.3608115591623413 12.947157903111242
v 6.038216973691503 2.463547066017925 13.22790071990272
v 6.0165110615536594 2.485335994674036 12.979799740528833
v 6.037267414407118 2.3390227284489082 13.21704771616352
v 6.015561502269271 2.36081165710502 12.968946736789633
v 6.339149574615046 2.536703580063768 13.082040698793561
v 6.317443662477199 2.558492508719879 12.833939719419673
v 6.33820001533066 2.4121792424947515 13.071187695054363
v 6.316494103192817 2.433968171150863 12.823086715680473
v 5.965576549443817 2.5367037269777857 13.114723949311148
v 5.943870637305972 2.558492655633897 12.866622969937259
v 5.964626990159433 2.4121793894087693 13.103870945571947
v 5.9429210780215875 2.4339683180648803 12.855769966198057
v 6.302588253870251 2.761620726923473 12.6641435246021
v 6.259176429594559 2.8051985842356952 12.167941565854322
v 6.301638694585865 2.6370963893544563 12.653290520862898
v 6.258226870310173 2.680674246666679 12.157088562115119
v 5.929015228699022 2.7616208738374906 12.696826775119684
v 5.885603404423332 2.8051987311497126 12.200624816371906
v 5.928065669414636 2.637096536268474 12.685973771380482
v 5.884653845138946 2.6806743935806967 12.189771812632703
v 6.391033382020581 2.6098601990830934 12.957969521610154
v 6.325915645607045 2.675226985051427 12.21366658348849
v 6.390083822736196 2.485335861514077 12.947116517870956
v 6.324966086322657 2.55070264748241 12.202813579749288
v 5.89293601512561 2.6098603949684502 13.001547188966937
v 5.827818278712073 2.675227180936784 12.257244250845268
v 5.891986455841224 2.485336057399434 12.990694185227733
v 5.8268687194276865 2.550702843367768 12.246391247106068
v 6.235381739662934 2.390390356086724 13.3301830736551
v 6.213675827525089 2.412179284742835 13.08208209428121
v 6.234432180378548 2.265866018517708 13.3193300699159
v 6.2127262682407025 2.2876549471738192 13.07122909054201
v 6.110857397939192 2.3903904050580635 13.341077490494294
v 6.089151485801343 2.412179333714175 13.092976511120407
v 6.109907838654804 2.265866067489047 13.330224486755096
v 6.088201926516959 2.2876549961451587 13.082123507381205
v 5.316968511997102 2.4580998321021967 12.758454562224383
v 5.648331915283695 2.4907832211889445 12.585957921561059
v 5.3266320423107505 2.333575494419519 12.75342410433592
v 5.657995445597344 2.3662588835062666 12.580927463672595
v 5.201531486164885 2.4580997421286455 12.536701787569804
v 5.53289488945148 2.490783131215393 12.364205146906482
v 5.211195016478534 2.3335754044459676 12.53167132968134
v 5.542558419765125 2.3662587935327157 12.359174689018015
v 5.451450449100989 2.5312564910697755 12.758909068552859
v 5.78281385238758 2.563939880156523 12.586412427889536
v 5.4611139794146375 2.4067321533870976 12.753878610664394
v 5.792477382701227 2.4394155424738453 12.58138197000107
v 5.278294910352663 2.5312563561094485 12.426279906570992
v 5.609658313639255 2.5639397451961967 12.253783265907668
v 5.287958440666314 2.406732018426771 12.421249448682525
v 5.619321843952903 2.4394154075135184 12.248752808019203
v 5.823545677494176 2.75617363922862 12.565208476701716
v 6.375818016305164 2.810645954373199 12.277714075596176
v 5.833209207807824 2.6316493015459423 12.560178018813248
v 6.385481546618813 2.686121616690521 12.27268361770771
v 5.650390138745854 2.7561735042682933 12.232579314719848
v 6.20266247755684 2.8106458194128723 11.945084913614307
v 5.660053669059501 2.631649166585616 12.227548856831383
v 6.212326007870489 2.6861214817301944 11.940054455725843
v 5.585932322971001 2.604413159666438 12.75936345523456
v 6.359113597306383 2.680674400868848 12.356871293686803
v 5.595595853284651 2.47988882198376 12.754332997346095
v 6.36877712762003 2.5561500631861707 12.35184083579834
v 5.355058271306568 2.604412979719336 12.315857905925402
v 6.12823954564195 2.6806742209217465 11.91336574437765
v 5.364721801620217 2.4798886420366584 12.310827448036939
v 6.137903075955599 2.556149883239069 11.908335286489184
v 5.1824865748932165 2.3849431731346176 12.75800005589591
v 5.513849978179808 2.4176265622213644 12.585503415232585
v 5.192150105206867 2.2604188354519392 12.752969598007445
v 5.523513508493457 2.293102224538687 12.580472957344117
v 5.124768061977107 2.3849431281478415 12.64712366856862
v 5.456131465263702 2.4176265172345897 12.474627027905296
v 5.134431592290758 2.2604187904651645 12.642093210680153
v 5.465794995577351 2.2931021795519113 12.46959657001683
v 5.679044960544903 2.4580997860896945 11.504469166723315
v 5.85154201122924 2.4907829305462514 11.835832380694988
v 5.684075558208967 2.333575441272996 11.514132532343755
v 5.856572608893304 2.366258585729553 11.845495746315427
v 5.900797580761903 2.4581000684414427 11.38903184421965
v 6.073294631446242 2.4907832128979996 11.720395058191322
v 5.905828178425969 2.333575723624744 11.398695209840087
v 6.078325229110304 2.3662588680813017 11.730058423811759
v 5.678590492825821 2.531256351975949 11.638951177995061
v 5.851087543510159 2.5639394964325057 11.970314391966735
v 5.6836210904898845 2.40673200715925 11.6486145436155
v 5.856118141174223 2.4394151516158074 11.979977757587173
v 6.011219423151321 2.53125677550357 11.465795194239565
v 6.183716473835659 2.563939919960128 11.797158408211235
v 6.016250020815384 2.406732430686872 11.47545855986
v 6.188747071499723 2.439415575143429 11.806821773831674
v 5.872290948003293 2.7561735816781896 12.011046469493223
v 6.159786032477188 2.8106454891057853 12.563318492779347
v 5.877321545667357 2.6316492368614908 12.020709835113664
v 6.164816630141253 2.686121144289086 12.572981858399785
v 6.204919878328795 2.7561740052058115 11.837890485737724
v 6.492414962802689 2.8106459126334062 12.390162509023849
v 6.209950475992857 2.6316496603891126 11.847553851358166
v 6.497445560466753 2.6861215678167083 12.39982587464429
v 5.678135871406173 2.60441309057808 11.773433252242883
v 6.080628989669625 2.6806737609767124 12.546614084843455
v 5.683166469070237 2.479888745761381 11.78309661786332
v 6.085659587333689 2.5561494161600145 12.556277450463892
v 6.121641111840171 2.6044136552815758 11.54255860723555
v 6.524134230103627 2.680674325680209 12.315739439836122
v 6.126671709504237 2.4798893104648774 11.552221972855989
v 6.52916482776769 2.5561499808635104 12.325402805456559
v 5.679499428263984 2.3849432202034397 11.369987155451565
v 5.851996478948319 2.417626364659997 11.701350369423238
v 5.684530025928048 2.260418875386741 11.379650521072003
v 5.857027076612384 2.2931020198432983 11.711013735043679
v 5.790375738372482 2.384943361379314 11.312268494199735
v 5.962872789056817 2.4176265058358712 11.643631708171405
v 5.795406336036546 2.260419016562615 11.32193185982017
v 5.967903386720884 2.293102161019172 11.653295073791842
v 6.66542074444575 2.465449892030893 11.533755698271452
v 6.478634245694502 2.498133114021697 11.857279439107502
v 6.65997343315421 2.3409255494752843 11.543190469640507
v 6.473186934402962 2.3736087714660874 11.866714210476552
v 6.8819270903434955 2.465449643412262 11.658755707015226
v 6.69514059159225 2.498132865403066 11.982279447851274
v 6.876479779051957 2.3409253008566524 11.668190478384279
v 6.689693280300708 2.373608522847457 11.991714219220327
v 6.551755606301443 2.538606590659743 11.605629492586788
v 6.364969107550197 2.571289812650547 11.929153233422836
v 6.546308295009904 2.4140822481041333 11.615064263955842
v 6.359521796258656 2.4467654700949373 11.938588004791889
v 6.876515125148062 2.538606217731796 11.79312950570245
v 6.689728626396815 2.5712894397226 12.116653246538498
v 6.8710678138565235 2.4140818751761866 11.802564277071504
v 6.684281315105276 2.4467650971669905 12.12608801790755
v 6.342008864596147 2.763523794517235 11.968921494332056
v 6.030698033344068 2.817995831168574 12.508127729058803
v 6.336561553304607 2.6389994519616256 11.978356265701109
v 6.025250722052531 2.693471488612965 12.517562500427854
v 6.666768383442767 2.763523421589288 12.156421507447718
v 6.355457552190691 2.817995458240627 12.695627742174462
v 6.661321072151228 2.638999079033679 12.16585627881677
v 6.350010240899151 2.693471115685018 12.705062513543517
v 6.4380904633965 2.6117634103149707 11.677503271927131
v 6.002255299643586 2.688024261626846 12.432392000544576
v 6.4326431521049585 2.4872390677593614 11.686938043296184
v 5.9968079883520495 2.5634999190712366 12.441826771913629
v 6.871103155191992 2.6117629130777082 11.92750328941468
v 6.435267991439082 2.688023764389583 12.682392018032125
v 6.865655843900452 2.487238570522098 11.936938060783733
v 6.429820680147543 2.563499421833974 12.691826789401176
v 6.779085882590056 2.392293193402044 11.461881903956117
v 6.592299383838809 2.424976415392848 11.785405644792165
v 6.773638571298516 2.2677688508464344 11.47131667532517
v 6.586852072547268 2.3004520728372384 11.794840416161218
v 6.88733905553893 2.3922930690927284 11.524381908328003
v 6.700552556787682 2.424976291083532 11.847905649164053
v 6.8818917442473895 2.267768726537119 11.533816679697058
v 6.6951052454961415 2.300451948527923 11.857340420533106
v 7.126143554948099 2.424517530866979 12.60000958607286
v 6.898682559259796 2.4679295536165027 12.505792327986665
v 7.106089824315716 2.3014165598302023 12.591703033386787
v 6.878628828627414 2.344828582579726 12.497485775300593
v 7.03047283324401 2.4245174570259453 12.830979525694044
v 6.803011837555705 2.467929479775469 12.736762267607848
v 7.0104191026116265 2.3014164859891686 12.82267297300797
v 6.782958106923324 2.344828508738692 12.728455714921774
v 7.046357644391093 2.5077740560988664 12.4993116673156
v 6.8188966487027916 2.55118607884839 12.405094409229404
v 7.026303913758712 2.384673085062089 12.491005114629527
v 6.798842918070408 2.428085107811613 12.396787856543332
v 6.902851561834958 2.5077739453373162 12.845766576747376
v 6.675390566146655 2.5511859680868394 12.75154931866118
v 6.882797831202577 2.384672974300539 12.837460024061304
v 6.655336835514273 2.428084997050063 12.743242765975108
v 6.678381670573707 2.7683965983515417 12.346890942713598
v 6.2234596791971 2.855220643850589 12.158456426541209
v 6.658327939941325 2.6452956273147654 12.338584390027528
v 6.203405948564718 2.7321196728138126 12.150149873855135
v 6.534875588017574 2.7683964875899916 12.693345852145374
v 6.0799535966409675 2.855220533089039 12.504911335972984
v 6.51482185738519 2.645295516553215 12.685039299459302
v 6.059899866008584 2.7321195620522616 12.496604783286909
v 6.966571797905786 2.5910306029979635 12.398613603858921
v 6.284188810840877 2.7212666712465343 12.115961829600336
v 6.946518067273404 2.4679296319611868 12.390307051172849
v 6.264135080208495 2.5981657002097576 12.10765527691426
v 6.775230354497608 2.591030455315896 12.860553483101288
v 6.0928473674327 2.721266523564467 12.577901708842703
v 6.755176623865224 2.467929484279119 12.852246930415216
v 6.072793636800316 2.59816555252769 12.569595156156629
vt 0.1328125 0.40625
vt 0.1484375 0.40625
vt 0.1484375 0.421875
vt 0.1328125 0.421875
vt 0.2578125 0.40625
vt 0.2578125 0.421875
vt 0.2421875 0.421875
vt 0.2421875 0.40625
vt 0.2890625 0.65625
vt 0.2734375 0.65625
vt 0.2734375 0.515625
vt 0.2890625 0.515625
vt 0.015625 0.640625
vt 0 0.640625
vt 0 0.6242671875
vt 0.015625 0.5
vt 0 0.6242671875
vt 0 0.5
vt 0.015625 0.5
vt 0.0234375 0.5
vt 0.0390625 0.5
vt 0.0390625 0.62201796875
vt 0.0234375 0.640625
vt 0.0390625 0.62201796875
vt 0.0390625 0.640625
vt 0.0234375 0.640625
vt 0.0625 0.5
vt 0.0625 0.6242671875
vt 0.046875 0.62201796875
vt 0.046875 0.5
vt 0.055584375 0.625428125
vt 0.0625 0.6242671875
vt 0.0625 0.640625
vt 0.046875 0.640625
vt 0.046875 0.640625
vt 0.046875 0.62201796875
vt 0.055584375 0.625428125
vt 0.0625 0.6242671875
vt 0.055584375 0.625428125
vt 0.046875 0.62201796875
vt 0.5859375 0.8203125
vt 0.6015625 0.8203125
vt 0.6015625 0.8359375
vt 0.5859375 0.8359375
vt 0.28125 0.3984375
vt 0.28125 0.4140625
vt 0.265625 0.4140625
vt 0.265625 0.3984375
vt 0.140625 0.7109375
vt 0.125 0.7109375
vt 0.125 0.5078125
vt 0.140625 0.5078125
vt 0.1640625 0.7109375
vt 0.1484375 0.7109375
vt 0.1484375 0.687309375
vt 0.1640625 0.5078125
vt 0.1484375 0.687309375
vt 0.1484375 0.5078125
vt 0.1640625 0.5078125
vt 0.171875 0.5078125
vt 0.1875 0.5078125
vt 0.1875 0.6840609375
vt 0.171875 0.7109375
vt 0.1875 0.6840609375
vt 0.1875 0.7109375
vt 0.171875 0.7109375
vt 0.2109375 0.5078125
vt 0.2109375 0.687309375
vt 0.1953125 0.6840609375
vt 0.1953125 0.5078125
vt 0.204021875 0.6889859375
vt 0.2109375 0.687309375
vt 0.2109375 0.7109375
vt 0.1953125 0.7109375
vt 0.1953125 0.7109375
vt 0.1953125 0.6840609375
vt 0.204021875 0.6889859375
vt 0.2109375 0.687309375
vt 0.204021875 0.6889859375
vt 0.1953125 0.6840609375
vt 0.0859375 0.4296875
vt 0.0546875 0.4296875
vt 0.0546875 0.4140625
vt 0.0859375 0.4140625
vt 0.46875 0.3984375
vt 0.484375 0.3984375
vt 0.484375 0.4296875
vt 0.46875 0.4296875
vt 0.5625 0.4296875
vt 0.578125 0.4296875
vt 0.578125 0.4609375
vt 0.5625 0.4609375
vt 0.5625 0.59375
vt 0.5625 0.5625
vt 0.578125 0.5625
vt 0.578125 0.59375
vt 0.6015625 0.6640625
vt 0.6015625 0.6796875
vt 0.5859375 0.6796875
vt 0.5859375 0.6640625
vt 0.6015625 0.65625
vt 0.5859375 0.65625
vt 0.5859375 0.640625
vt 0.6015625 0.640625
vt 0.1015625 0.7421875
vt 0.0703125 0.7421875
vt 0.0703125 0.7265625
vt 0.1015625 0.7265625
vt 0.265625 0.421875
vt 0.28125 0.421875
vt 0.28125 0.453125
vt 0.265625 0.453125
vt 0.390625 0.515625
vt 0.421875 0.515625
vt 0.421875 0.546875
vt 0.390625 0.546875
vt 0.4609375 0.8828125
vt 0.4609375 0.8515625
vt 0.4921875 0.8515625
vt 0.4921875 0.8828125
vt 0.3984375 0.421875
vt 0.3984375 0.4375
vt 0.3671875 0.4375
vt 0.3671875 0.421875
vt 0.59375 0.6171875
vt 0.5625 0.6171875
vt 0.5625 0.6015625
vt 0.59375 0.6015625
vt 0.53125 0.4453125
vt 0.5 0.4453125
vt 0.5 0.4296875
vt 0.53125 0.4296875
vt 0.1640625 0.4140625
vt 0.1796875 0.4140625
vt 0.1796875 0.4453125
vt 0.1640625 0.4453125
vt 0.390625 0.59375
vt 0.4375 0.59375
vt 0.4375 0.625
vt 0.390625 0.625
vt 0.21875 0.5859375
vt 0.21875 0.5546875
vt 0.265625 0.5546875
vt 0.265625 0.5859375
vt 0.546875 0.8671875
vt 0.546875 0.8828125
vt 0.5 0.8828125
vt 0.5 0.8671875
vt 0.5078125 0.5
vt 0.4609375 0.5
vt 0.4609375 0.484375
vt 0.5078125 0.484375
vt 0.5234375 0.90625
vt 0.4609375 0.90625
vt 0.4609375 0.890625
vt 0.5234375 0.890625
vt 0.2421875 0.484375
vt 0.2578125 0.484375
vt 0.2578125 0.546875
vt 0.2421875 0.546875
vt 0.3125 0.7734375
vt 0.359375 0.7734375
vt 0.359375 0.8359375
vt 0.3125 0.8359375
vt 0.3125 0.765625
vt 0.3125 0.703125
vt 0.359375 0.703125
vt 0.359375 0.765625
vt 0.046875 0.4765625
vt 0.046875 0.4921875
vt 0 0.4921875
vt 0 0.4765625
vt 0.5546875 0.6015625
vt 0.5078125 0.6015625
vt 0.5078125 0.5859375
vt 0.5546875 0.5859375
vt 0.484375 0.6484375
vt 0.390625 0.6484375
vt 0.390625 0.6328125
vt 0.484375 0.6328125
vt 0.296875 0.53125
vt 0.3125 0.53125
vt 0.3125 0.625
vt 0.296875 0.625
vt 0.1875 0.71875
vt 0.25 0.71875
vt 0.25 0.8125
vt 0.1875 0.8125
vt 0.1171875 0.8125
vt 0.1171875 0.71875
vt 0.1796875 0.71875
vt 0.1796875 0.8125
vt 0.5234375 0.828125
vt 0.5234375 0.84375
vt 0.4609375 0.84375
vt 0.4609375 0.828125
vt 0.5234375 0.8203125
vt 0.4609375 0.8203125
vt 0.4609375 0.8046875
vt 0.5234375 0.8046875
vt 0.5859375 0.703125
vt 0.5546875 0.703125
vt 0.5546875 0.6875
vt 0.5859375 0.6875
vt 0.1875 0.4140625
vt 0.203125 0.4140625
vt 0.203125 0.4453125
vt 0.1875 0.4453125
vt 0.5625 0.6484375
vt 0.578125 0.6484375
vt 0.578125 0.6796875
vt 0.5625 0.6796875
vt 0.5625 1
vt 0.5625 0.96875
vt 0.578125 0.96875
vt 0.578125 1
vt 0.3046875 0.3984375
vt 0.3046875 0.4140625
vt 0.2890625 0.4140625
vt 0.2890625 0.3984375
vt 0.328125 0.4140625
vt 0.3125 0.4140625
vt 0.3125 0.3984375
vt 0.328125 0.3984375
vt 0.1015625 0.453125
vt 0.0546875 0.453125
vt 0.0546875 0.4375
vt 0.1015625 0.4375
vt 0.21875 0.4140625
vt 0.234375 0.4140625
vt 0.234375 0.4609375
vt 0.21875 0.4609375
vt 0.421875 0.796875
vt 0.453125 0.796875
vt 0.453125 0.84375
vt 0.421875 0.84375
vt 0.421875 0.8984375
vt 0.421875 0.8515625
vt 0.453125 0.8515625
vt 0.453125 0.8984375
vt 0.5234375 0.40625
vt 0.5234375 0.421875
vt 0.4921875 0.421875
vt 0.4921875 0.40625
vt 0.59375 0.421875
vt 0.5625 0.421875
vt 0.5625 0.40625
vt 0.59375 0.40625
vt 0.5859375 0.484375
vt 0.5390625 0.484375
vt 0.5390625 0.46875
vt 0.5859375 0.46875
vt 0.5390625 0.4140625
vt 0.5546875 0.4140625
vt 0.5546875 0.4609375
vt 0.5390625 0.4609375
vt 0.3671875 0.734375
vt 0.4140625 0.734375
vt 0.4140625 0.78125
vt 0.3671875 0.78125
vt 0.3671875 0.7265625
vt 0.3671875 0.6796875
vt 0.4140625 0.6796875
vt 0.4140625 0.7265625
vt 0.5859375 0.4921875
vt 0.5859375 0.5078125
vt 0.5390625 0.5078125
vt 0.5390625 0.4921875
vt 0.578125 0.640625
vt 0.53125 0.640625
vt 0.53125 0.625
vt 0.578125 0.625
vt 0.5390625 0.9296875
vt 0.4609375 0.9296875
vt 0.4609375 0.9140625
vt 0.5390625 0.9140625
vt 0.21875 0.46875
vt 0.234375 0.46875
vt 0.234375 0.546875
vt 0.21875 0.546875
vt 0.0703125 0.6328125
vt 0.1171875 0.6328125
vt 0.1171875 0.7109375
vt 0.0703125 0.7109375
vt 0.359375 0.890625
vt 0.28125 0.890625
vt 0.28125 0.84375
vt 0.359375 0.84375
vt 0.5859375 0.515625
vt 0.5859375 0.53125
vt 0.5390625 0.53125
vt 0.5390625 0.515625
vt 0.4140625 0.4609375
vt 0.3671875 0.4609375
vt 0.3671875 0.4453125
vt 0.4140625 0.4453125
vt 0.484375 0.9765625
vt 0.375 0.9765625
vt 0.375 0.9609375
vt 0.484375 0.9609375
vt 0.09375 0.515625
vt 0.109375 0.515625
vt 0.109375 0.625
vt 0.09375 0.625
vt 0.140625 0.8203125
vt 0.203125 0.8203125
vt 0.203125 0.9296875
vt 0.140625 0.9296875
vt 0.109375 0.8125
vt 0 0.8125
vt 0 0.75
vt 0.109375 0.75
vt 0.546875 0.671875
vt 0.546875 0.6875
vt 0.484375 0.6875
vt 0.484375 0.671875
vt 0.53125 0.5234375
vt 0.46875 0.5234375
vt 0.46875 0.5078125
vt 0.53125 0.5078125
vt 0.59375 0.953125
vt 0.546875 0.953125
vt 0.546875 0.9375
vt 0.59375 0.9375
vt 0.421875 0.4140625
vt 0.4375 0.4140625
vt 0.4375 0.4609375
vt 0.421875 0.4609375
vt 0.1484375 0.453125
vt 0.1640625 0.453125
vt 0.1640625 0.5
vt 0.1484375 0.5
vt 0.171875 0.5
vt 0.171875 0.453125
vt 0.1875 0.453125
vt 0.1875 0.5
vt 0.3984375 0.3984375
vt 0.3984375 0.4140625
vt 0.3828125 0.4140625
vt 0.3828125 0.3984375
vt 0.375 0.4140625
vt 0.359375 0.4140625
vt 0.359375 0.3984375
vt 0.375 0.3984375
vt 0.5546875 0.578125
vt 0.5078125 0.578125
vt 0.5078125 0.5625
vt 0.5546875 0.5625
vt 0.515625 0.453125
vt 0.53125 0.453125
vt 0.53125 0.5
vt 0.515625 0.5
vt 0.390625 0.5859375
vt 0.390625 0.5546875
vt 0.4375 0.5546875
vt 0.4375 0.5859375
vt 0.21875 0.7109375
vt 0.21875 0.6640625
vt 0.25 0.6640625
vt 0.25 0.7109375
vt 0.6171875 0.9609375
vt 0.6171875 0.9765625
vt 0.5859375 0.9765625
vt 0.5859375 0.9609375
vt 0.6171875 1
vt 0.5859375 1
vt 0.5859375 0.984375
vt 0.6171875 0.984375
vt 0.4375 0.484375
vt 0.390625 0.484375
vt 0.390625 0.46875
vt 0.4375 0.46875
vt 0.34375 0.4375
vt 0.359375 0.4375
vt 0.359375 0.484375
vt 0.34375 0.484375
vt 0.3203125 1
vt 0.3203125 0.953125
vt 0.3671875 0.953125
vt 0.3671875 1
vt 0.3671875 0.9453125
vt 0.3671875 0.8984375
vt 0.4140625 0.8984375
vt 0.4140625 0.9453125
vt 0.59375 0.9140625
vt 0.59375 0.9296875
vt 0.546875 0.9296875
vt 0.546875 0.9140625
vt 0.59375 0.7890625
vt 0.546875 0.7890625
vt 0.546875 0.7734375
vt 0.59375 0.7734375
vt 0.5234375 0.625
vt 0.4453125 0.625
vt 0.4453125 0.609375
vt 0.5234375 0.609375
vt 0.34375 0.4921875
vt 0.359375 0.4921875
vt 0.359375 0.5703125
vt 0.34375 0.5703125
vt 0.234375 1
vt 0.234375 0.953125
vt 0.3125 0.953125
vt 0.3125 1
vt 0.2578125 0.828125
vt 0.2578125 0.75
vt 0.3046875 0.75
vt 0.3046875 0.828125
vt 0.59375 0.75
vt 0.59375 0.765625
vt 0.546875 0.765625
vt 0.546875 0.75
vt 0.59375 0.8125
vt 0.546875 0.8125
vt 0.546875 0.796875
vt 0.59375 0.796875
vt 0.4765625 0.671875
vt 0.3671875 0.671875
vt 0.3671875 0.65625
vt 0.4765625 0.65625
vt 0.3671875 0.5390625
vt 0.3828125 0.5390625
vt 0.3828125 0.6484375
vt 0.3671875 0.6484375
vt 0 1
vt 0 0.9375
vt 0.109375 0.9375
vt 0.109375 1
vt 0 0.9296875
vt 0 0.8203125
vt 0.0625 0.8203125
vt 0.0625 0.9296875
vt 0.5546875 0.9609375
vt 0.5546875 0.9765625
vt 0.4921875 0.9765625
vt 0.4921875 0.9609375
vt 0.5546875 1
vt 0.4921875 1
vt 0.4921875 0.984375
vt 0.5546875 0.984375
vt 0.5546875 0.5546875
vt 0.5078125 0.5546875
vt 0.5078125 0.5390625
vt 0.5546875 0.5390625
vt 0.1953125 0.453125
vt 0.2109375 0.453125
vt 0.2109375 0.5
vt 0.1953125 0.5
vt 0.296875 0.4765625
vt 0.3125 0.4765625
vt 0.3125 0.5234375
vt 0.296875 0.5234375
vt 0.0703125 0.5078125
vt 0.0703125 0.4609375
vt 0.0859375 0.4609375
vt 0.0859375 0.5078125
vt 0.6015625 0.578125
vt 0.6015625 0.59375
vt 0.5859375 0.59375
vt 0.5859375 0.578125
vt 0.6015625 0.4609375
vt 0.5859375 0.4609375
vt 0.5859375 0.4453125
vt 0.6015625 0.4453125
vt 0.578125 0.859375
vt 0.53125 0.859375
vt 0.53125 0.84375
vt 0.578125 0.84375
vt 0.2890625 0.421875
vt 0.3046875 0.421875
vt 0.3046875 0.46875
vt 0.2890625 0.46875
vt 0.3203125 0.578125
vt 0.3515625 0.578125
vt 0.3515625 0.625
vt 0.3203125 0.625
vt 0.421875 0.953125
vt 0.421875 0.90625
vt 0.453125 0.90625
vt 0.453125 0.953125
vt 0.6171875 0.84375
vt 0.6171875 0.859375
vt 0.5859375 0.859375
vt 0.5859375 0.84375
vt 0.6171875 0.90625
vt 0.5859375 0.90625
vt 0.5859375 0.890625
vt 0.6171875 0.890625
vt 0.578125 0.90625
vt 0.53125 0.90625
vt 0.53125 0.890625
vt 0.578125 0.890625
vt 0.2421875 0.4296875
vt 0.2578125 0.4296875
vt 0.2578125 0.4765625
vt 0.2421875 0.4765625
vt 0.3671875 0.7890625
vt 0.4140625 0.7890625
vt 0.4140625 0.8359375
vt 0.3671875 0.8359375
vt 0.3671875 0.890625
vt 0.3671875 0.84375
vt 0.4140625 0.84375
vt 0.4140625 0.890625
vt 0.6015625 0.8671875
vt 0.6015625 0.8828125
vt 0.5546875 0.8828125
vt 0.5546875 0.8671875
vt 0.15625 0.4453125
vt 0.109375 0.4453125
vt 0.109375 0.4296875
vt 0.15625 0.4296875
vt 0.5390625 0.953125
vt 0.4609375 0.953125
vt 0.4609375 0.9375
vt 0.5390625 0.9375
vt 0.4453125 0.5234375
vt 0.4609375 0.5234375
vt 0.4609375 0.6015625
vt 0.4453125 0.6015625
vt 0.2578125 0.6640625
vt 0.3046875 0.6640625
vt 0.3046875 0.7421875
vt 0.2578125 0.7421875
vt 0.359375 0.9453125
vt 0.28125 0.9453125
vt 0.28125 0.8984375
vt 0.359375 0.8984375
vt 0.046875 0.4296875
vt 0.046875 0.4453125
vt 0 0.4453125
vt 0 0.4296875
vt 0.4921875 0.453125
vt 0.4453125 0.453125
vt 0.4453125 0.4375
vt 0.4921875 0.4375
vt 0.484375 1
vt 0.375 1
vt 0.375 0.984375
vt 0.484375 0.984375
vt 0.0703125 0.515625
vt 0.0859375 0.515625
vt 0.0859375 0.625
vt 0.0703125 0.625
vt 0.0703125 0.8203125
vt 0.1328125 0.8203125
vt 0.1328125 0.9296875
vt 0.0703125 0.9296875
vt 0.2265625 1
vt 0.1171875 1
vt 0.1171875 0.9375
vt 0.2265625 0.9375
vt 0.453125 0.4921875
vt 0.453125 0.5078125
vt 0.390625 0.5078125
vt 0.390625 0.4921875
vt 0.5546875 0.6640625
vt 0.4921875 0.6640625
vt 0.4921875 0.6484375
vt 0.5546875 0.6484375
vt 0.578125 0.8359375
vt 0.53125 0.8359375
vt 0.53125 0.8203125
vt 0.578125 0.8203125
vt 0.3125 0.421875
vt 0.328125 0.421875
vt 0.328125 0.46875
vt 0.3125 0.46875
vt 0.265625 0.4609375
vt 0.28125 0.4609375
vt 0.28125 0.5078125
vt 0.265625 0.5078125
vt 0.140625 0.5
vt 0.09375 0.5
vt 0.09375 0.484375
vt 0.140625 0.484375
vt 0.0546875 0.390625
vt 0.0546875 0.40625
vt 0.0390625 0.40625
vt 0.0390625 0.390625
vt 0.078125 0.40625
vt 0.0625 0.40625
vt 0.0625 0.390625
vt 0.078125 0.390625
vt 0.59375 0.5546875
vt 0.5625 0.5546875
vt 0.5625 0.5390625
vt 0.59375 0.5390625
vt 0.4453125 0.3984375
vt 0.4609375 0.3984375
vt 0.4609375 0.4296875
vt 0.4453125 0.4296875
vt 0.46875 0.5703125
vt 0.5 0.5703125
vt 0.5 0.6015625
vt 0.46875 0.6015625
vt 0.46875 0.5625
vt 0.46875 0.53125
vt 0.5 0.53125
vt 0.5 0.5625
vt 0.125 0.40625
vt 0.125 0.421875
vt 0.09375 0.421875
vt 0.09375 0.40625
vt 0.609375 0.7421875
vt 0.578125 0.7421875
vt 0.578125 0.7265625
vt 0.609375 0.7265625
vt 0.03125 0.421875
vt 0 0.421875
vt 0 0.40625
vt 0.03125 0.40625
vt 0.3359375 0.3984375
vt 0.3515625 0.3984375
vt 0.3515625 0.4296875
vt 0.3359375 0.4296875
vt 0.421875 0.71875
vt 0.46875 0.71875
vt 0.46875 0.75
vt 0.421875 0.75
vt 0.421875 0.7890625
vt 0.421875 0.7578125
vt 0.46875 0.7578125
vt 0.46875 0.7890625
vt 0.5703125 0.7109375
vt 0.5703125 0.7265625
vt 0.5234375 0.7265625
vt 0.5234375 0.7109375
vt 0.046875 0.46875
vt 0 0.46875
vt 0 0.453125
vt 0.046875 0.453125
vt 0.5390625 0.796875
vt 0.4765625 0.796875
vt 0.4765625 0.78125
vt 0.5390625 0.78125
vt 0.3671875 0.46875
vt 0.3828125 0.46875
vt 0.3828125 0.53125
vt 0.3671875 0.53125
vt 0.21875 0.59375
vt 0.265625 0.59375
vt 0.265625 0.65625
vt 0.21875 0.65625
vt 0.3125 0.6953125
vt 0.3125 0.6328125
vt 0.359375 0.6328125
vt 0.359375 0.6953125
vt 0.140625 0.4609375
vt 0.140625 0.4765625
vt 0.09375 0.4765625
vt 0.09375 0.4609375
vt 0.4921875 0.4765625
vt 0.4453125 0.4765625
vt 0.4453125 0.4609375
vt 0.4921875 0.4609375
vt 0.515625 0.7109375
vt 0.421875 0.7109375
vt 0.421875 0.6953125
vt 0.515625 0.6953125
vt 0.3203125 0.4765625
vt 0.3359375 0.4765625
vt 0.3359375 0.5703125
vt 0.3203125 0.5703125
vt 0 0.6484375
vt 0.0625 0.6484375
vt 0.0625 0.7421875
vt 0 0.7421875
vt 0.2109375 0.9296875
vt 0.2109375 0.8359375
vt 0.2734375 0.8359375
vt 0.2734375 0.9296875
vt 0.5390625 0.7578125
vt 0.5390625 0.7734375
vt 0.4765625 0.7734375
vt 0.4765625 0.7578125
vt 0.5390625 0.75
vt 0.4765625 0.75
vt 0.4765625 0.734375
vt 0.5390625 0.734375
vn 0 1 0
vn 0 -1 0
vn 0 0 -1
vn 1 0 0
vn 1 0 0
vn -1 0 0
vn -1 0 0
vn 0 0 1
vn 0 0 1
vn 0 0 1
vn 0 0 1
vn 0 1 0
vn 0 -1 0
vn 0 0 -1
vn 1 0 0
vn 1 0 0
vn -1 0 0
vn -1 0 0
vn 0 0 1
vn 0 0 1
vn 0 0 1
vn 0 0 1
vn 0.382682886816355 2.9536413292952297e-7 -0.9238797584847357
vn -0.3826828868163631 -2.9536414464931186e-7 0.9238797584847325
vn 0.16042984505906283 0.9848077682942137 0.06645242148857777
vn -0.1604298450590562 -0.9848077682942145 -0.06645242148858366
vn 0.9098439827532139 -0.17364809099809111 0.37686903234477676
vn -0.9098439827532115 0.17364809099809517 -0.3768690323447803
vn 0.9961947337899426 -3.9177070620955e-7 -0.08715533471355694
vn -0.9961947337899432 3.9177070681670333e-7 0.08715533471354989
vn 0.007596474275083551 0.9961947005521307 0.08682402991360638
vn -0.0075964742750838 -0.9961947005521306 -0.08682402991360917
vn 0.08682364855138038 -0.0871557146244361 0.992403917495558
vn -0.08682364855138071 0.08715571462445322 -0.9924039174955565
vn 0.9961947337899418 -3.9177072092000657e-7 -0.08715533471356526
vn -0.9961947337899427 3.9177070502039516e-7 0.08715533471355622
vn 0.0075964742750851445 0.9961947005521307 0.08682402991360796
vn -0.007596474275084467 -0.9961947005521304 -0.08682402991360928
vn 0.08682364855139021 -0.0871557146244236 0.9924039174955582
vn -0.08682364855138572 0.08715571462443551 -0.9924039174955577
vn 0.9961947337899423 -3.917707187550681e-7 -0.08715533471356124
vn -0.9961947337899425 3.9177071909594277e-7 0.08715533471355773
vn 0.007596474275083123 0.9961947005521306 0.08682402991360785
vn -0.007596474275084341 -0.9961947005521304 -0.08682402991360831
vn 0.08682364855138072 -0.08715571462445137 0.9924039174955566
vn -0.08682364855138103 0.08715571462446571 -0.9924039174955553
vn 0.9961947337899426 -3.9177070743079624e-7 -0.0871553347135568
vn -0.9961947337899424 3.91770717684165e-7 0.08715533471355963
vn 0.007596474275084407 0.9961947005521306 0.08682402991360846
vn -0.007596474275083373 -0.9961947005521306 -0.0868240299136075
vn 0.08682364855138813 -0.08715571462442236 0.9924039174955586
vn -0.08682364855138056 0.0871557146244526 -0.9924039174955565
vn 0.9961947337899425 -3.9177072036489347e-7 -0.08715533471355752
vn -0.9961947337899412 3.9177073440574655e-7 0.08715533471357352
vn 0.007596474275085522 0.9961947005521306 0.08682402991360737
vn -0.007596474275083106 -0.9961947005521306 -0.08682402991360756
vn 0.08682364855138143 -0.08715571462443794 0.9924039174955578
vn -0.08682364855139273 0.08715571462443794 -0.9924039174955569
vn 0.46174810332886096 3.5989422257169096e-7 0.8870110986183152
vn -0.46174810332885624 -3.598942095358213e-7 -0.8870110986183176
vn -0.07730824250919247 0.9961947014614222 0.040243663107723676
vn 0.07730824250919242 -0.9961947014614222 -0.04024366310772333
vn -0.8836357420975786 -0.08715570423131495 0.4599910417688645
vn 0.8836357420975794 0.0871557042313215 -0.4599910417688615
vn 0.46174810332885996 3.5989420998916523e-7 0.8870110986183154
vn -0.4617481033288642 -3.5989420426689064e-7 -0.8870110986183134
vn -0.0773082425091928 0.9961947014614222 0.040243663107724266
vn 0.07730824250919265 -0.9961947014614222 -0.040243663107724884
vn -0.8836357420975762 -0.08715570423132145 0.4599910417688681
vn 0.8836357420975777 0.08715570423131548 -0.45999104176886624
vn 0.46174810332886457 3.598941848537145e-7 0.8870110986183133
vn -0.4617481033288642 -3.5989420374416093e-7 -0.8870110986183133
vn -0.07730824250919192 0.9961947014614222 0.0402436631077241
vn 0.07730824250919044 -0.9961947014614224 -0.040243663107724176
vn -0.8836357420975801 -0.0871557042313348 0.4599910417688581
vn 0.8836357420975786 0.08715570423132754 -0.4599910417688621
vn 0.46174810332886324 3.5989421677738394e-7 0.887011098618314
vn -0.4617481033288579 -3.5989422236815264e-7 -0.8870110986183165
vn -0.07730824250919095 0.9961947014614224 0.04024366310772389
vn 0.07730824250919115 -0.9961947014614223 -0.04024366310772546
vn -0.8836357420975772 -0.08715570423133397 0.4599910417688638
vn 0.8836357420975773 0.08715570423130276 -0.45999104176886924
vn 0.46174810332886324 3.5989421679853075e-7 0.8870110986183137
vn -0.4617481033288603 -3.5989420388293674e-7 -0.8870110986183153
vn -0.07730824250919208 0.9961947014614224 0.04024366310772011
vn 0.07730824250918952 -0.9961947014614221 -0.040243663107730074
vn -0.8836357420975741 -0.08715570423133365 0.45999104176886957
vn 0.883635742097586 0.08715570423133479 -0.4599910417688464
vn -0.887010480868 -0.0000011294069793462333 0.4617492900146613
vn 0.8870104808679962 0.0000011294070043910147 -0.46174929001466897
vn -0.040244781312513994 0.996194758533589 -0.07730692496350305
vn 0.040244781312513314 -0.9961947585335887 0.0773069249635038
vn -0.45999213515822746 -0.08715505188416724 -0.883635237257797
vn 0.4599921351582306 0.0871550518841547 0.8836352372577966
vn -0.8870104808679978 -0.0000011294069854154476 0.4617492900146655
vn 0.8870104808679954 0.000001129406998183028 -0.4617492900146704
vn -0.04024478131251164 0.9961947585335889 -0.07730692496350407
vn 0.04024478131251387 -0.9961947585335889 0.0773069249635042
vn -0.4599921351582262 -0.08715505188415441 -0.8836352372577989
vn 0.4599921351582335 0.08715505188415468 0.8836352372577951
vn -0.8870104808680004 -0.000001129406979671894 0.46174929001466103
vn 0.8870104808680016 0.0000011294069603762143 -0.46174929001465825
vn -0.04024478131251377 0.9961947585335889 -0.0773069249635044
vn 0.04024478131251332 -0.9961947585335887 0.07730692496350394
vn -0.4599921351582312 -0.08715505188416692 -0.8836352372577952
vn 0.45999213515822784 0.08715505188416064 0.8836352372577975
vn -0.8870104808679995 -0.0000011294069923094081 0.46174929001466264
vn 0.8870104808679976 0.0000011294069980706727 -0.4617492900146663
vn -0.04024478131251369 0.996194758533589 -0.07730692496350287
vn 0.04024478131251458 -0.9961947585335887 0.07730692496350355
vn -0.4599921351582355 -0.0871550518841419 -0.8836352372577954
vn 0.45999213515823256 0.08715505188414252 0.8836352372577968
vn -0.8870104808680018 -0.0000011294069861556009 0.46174929001465803
vn 0.8870104808679994 0.000001129406998913926 -0.4617492900146631
vn -0.040244781312513654 0.9961947585335886 -0.07730692496350473
vn 0.040244781312515375 -0.9961947585335889 0.07730692496350326
vn -0.4599921351582171 -0.08715505188415441 -0.8836352372578037
vn 0.45999213515823856 0.08715505188417345 0.8836352372577907
vn -0.8660253835909866 9.944745187340204e-7 -0.5000000349750942
vn 0.8660253835909886 -9.944745199830234e-7 0.5000000349750909
vn 0.04357849033231708 0.9961947404448751 -0.07547817095242859
vn -0.043578490332318906 -0.9961947404448753 0.07547817095242607
vn 0.49809733000332596 -0.08715525864214976 -0.8627299755627933
vn -0.49809733000331763 0.08715525864211254 0.862729975562802
vn -0.8660253835909879 9.944745128128306e-7 -0.5000000349750923
vn 0.8660253835909868 -9.944745125491552e-7 0.500000034975094
vn 0.043578490332318996 0.9961947404448751 -0.07547817095242812
vn -0.04357849033231806 -0.9961947404448751 0.07547817095242884
vn 0.49809733000332723 -0.08715525864214561 -0.8627299755627931
vn -0.49809733000332845 0.08715525864214052 0.8627299755627929
vn -0.8660253835909852 9.94474531879064e-7 -0.500000034975097
vn 0.8660253835909875 -9.9447451978319e-7 0.500000034975093
vn 0.04357849033231746 0.9961947404448753 -0.07547817095242783
vn -0.043578490332317525 -0.9961947404448751 0.07547817095242833
vn 0.4980973300033275 -0.08715525864214077 -0.8627299755627933
vn -0.4980973300033209 0.08715525864211444 0.8627299755627997
vn -0.8660253835909837 9.944745380201818e-7 -0.5000000349750995
vn 0.8660253835909852 -9.944745317474166e-7 0.5000000349750968
vn 0.043578490332317775 0.9961947404448752 -0.07547817095242766
vn -0.04357849033231935 -0.9961947404448752 0.07547817095242701
vn 0.498097330003328 -0.0871552586421443 -0.8627299755627927
vn -0.4980973300033264 0.08715525864212664 0.8627299755627954
vn -0.866025383590986 9.94474531908666e-7 -0.5000000349750955
vn 0.8660253835909865 -9.944745248356174e-7 0.5000000349750946
vn 0.04357849033231823 0.9961947404448751 -0.07547817095242845
vn -0.043578490332316054 -0.9961947404448751 0.0754781709524296
vn 0.49809733000331935 -0.08715525864214045 -0.862729975562798
vn -0.49809733000333256 0.08715525864214393 0.86272997556279
vn 0.38268288681635326 2.9536413048703004e-7 -0.9238797584847365
vn -0.3826828868163585 -2.953641400002503e-7 0.9238797584847342
vn 0.16042984505905922 0.9848077682942141 0.06645242148858059
vn -0.1604298450590593 -0.9848077682942139 -0.06645242148858174
vn 0.9098439827532121 -0.17364809099809686 0.3768690323447782
vn -0.9098439827532095 0.17364809099809048 -0.37686903234478714
vn 0.38268288681636475 2.9536414714037594e-7 -0.9238797584847319
vn -0.38268288681636015 -2.9536413462954864e-7 0.9238797584847337
vn 0.16042984505905994 0.984807768294214 0.0664524214885806
vn -0.1604298450590589 -0.9848077682942142 -0.06645242148857985
vn 0.9098439827532114 -0.1736480909980888 0.37686903234478386
vn -0.9098439827532075 0.17364809099810266 -0.37686903234478675
vn 0.38268288681635165 2.953641202729799e-7 -0.9238797584847371
vn -0.3826828868163528 -2.9536412773922774e-7 0.9238797584847366
vn 0.16042984505905958 0.984807768294214 0.06645242148857963
vn -0.1604298450590583 -0.9848077682942141 -0.06645242148858152
vn 0.9098439827532133 -0.17364809099808584 0.37686903234478003
vn -0.9098439827532118 0.1736480909980963 -0.37686903234477936
vn 0.38268288681635626 2.953641325594468e-7 -0.9238797584847354
vn -0.3826828868163556 -2.953641272026193e-7 0.9238797584847355
vn 0.16042984505905908 0.9848077682942141 0.06645242148858108
vn -0.1604298450590582 -0.984807768294214 -0.06645242148858228
vn 0.909843982753212 -0.1736480909980905 0.3768690323447814
vn -0.9098439827532109 0.17364809099810116 -0.3768690323447792
usemtl m_d63b48de-5995-e43b-dcc1-461060c57ade
f 1801/5477/1386 1797/5478/1386 1798/5479/1386 1802/5480/1386
f 1800/5481/1387 1799/5482/1387 1803/5483/1387 1804/5484/1387
f 1802/5485/1388 1798/5486/1388 1800/5487/1388 1804/5488/1388
f 1798/5489/1389 1797/5490/1389 1805/5491/1389 1800/5492/1389
f 1805/5493/1390 1799/5494/1390 1800/5495/1390
f 1804/5496/1391 1803/5497/1391 1806/5498/1391 1802/5499/1391
f 1806/5500/1392 1801/5501/1392 1802/5502/1392
f 1799/5503/1393 1805/5504/1393 1806/5505/1393 1803/5506/1393
f 1807/5507/1394 1805/5508/1394 1797/5509/1394 1801/5510/1394
f 1801/5511/1395 1806/5512/1395 1807/5513/1395
f 1805/5514/1396 1807/5515/1396 1806/5516/1396
f 1812/5517/1397 1808/5518/1397 1809/5519/1397 1813/5520/1397
f 1811/5521/1398 1810/5522/1398 1814/5523/1398 1815/5524/1398
f 1813/5525/1399 1809/5526/1399 1811/5527/1399 1815/5528/1399
f 1809/5529/1400 1808/5530/1400 1816/5531/1400 1811/5532/1400
f 1816/5533/1401 1810/5534/1401 1811/5535/1401
f 1815/5536/1402 1814/5537/1402 1817/5538/1402 1813/5539/1402
f 1817/5540/1403 1812/5541/1403 1813/5542/1403
f 1810/5543/1404 1816/5544/1404 1817/5545/1404 1814/5546/1404
f 1818/5547/1405 1816/5548/1405 1808/5549/1405 1812/5550/1405
f 1812/5551/1406 1817/5552/1406 1818/5553/1406
f 1816/5554/1407 1818/5555/1407 1817/5556/1407
f 1820/5557/1408 1819/5558/1408 1821/5559/1408 1822/5560/1408
f 1825/5561/1409 1823/5562/1409 1824/5563/1409 1826/5564/1409
f 1823/5565/1410 1819/5566/1410 1820/5567/1410 1824/5568/1410
f 1822/5569/1411 1821/5570/1411 1825/5571/1411 1826/5572/1411
f 1821/5573/1412 1819/5574/1412 1823/5575/1412 1825/5576/1412
f 1824/5577/1413 1820/5578/1413 1822/5579/1413 1826/5580/1413
f 1828/5581/1414 1827/5582/1414 1829/5583/1414 1830/5584/1414
f 1833/5585/1415 1831/5586/1415 1832/5587/1415 1834/5588/1415
f 1831/5589/1416 1827/5590/1416 1828/5591/1416 1832/5592/1416
f 1830/5593/1417 1829/5594/1417 1833/5595/1417 1834/5596/1417
f 1829/5597/1418 1827/5598/1418 1831/5599/1418 1833/5600/1418
f 1832/5601/1419 1828/5602/1419 1830/5603/1419 1834/5604/1419
f 1836/5605/1420 1835/5606/1420 1837/5607/1420 1838/5608/1420
f 1841/5609/1421 1839/5610/1421 1840/5611/1421 1842/5612/1421
f 1839/5613/1422 1835/5614/1422 1836/5615/1422 1840/5616/1422
f 1838/5617/1423 1837/5618/1423 1841/5619/1423 1842/5620/1423
f 1837/5621/1424 1835/5622/1424 1839/5623/1424 1841/5624/1424
f 1840/5625/1425 1836/5626/1425 1838/5627/1425 1842/5628/1425
f 1844/5629/1426 1843/5630/1426 1845/5631/1426 1846/5632/1426
f 1849/5633/1427 1847/5634/1427 1848/5635/1427 1850/5636/1427
f 1847/5637/1428 1843/5638/1428 1844/5639/1428 1848/5640/1428
f 1846/5641/1429 1845/5642/1429 1849/5643/1429 1850/5644/1429
f 1845/5645/1430 1843/5646/1430 1847/5647/1430 1849/5648/1430
f 1848/5649/1431 1844/5650/1431 1846/5651/1431 1850/5652/1431
f 1852/5653/1432 1851/5654/1432 1853/5655/1432 1854/5656/1432
f 1857/5657/1433 1855/5658/1433 1856/5659/1433 1858/5660/1433
f 1855/5661/1434 1851/5662/1434 1852/5663/1434 1856/5664/1434
f 1854/5665/1435 1853/5666/1435 1857/5667/1435 1858/5668/1435
f 1853/5669/1436 1851/5670/1436 1855/5671/1436 1857/5672/1436
f 1856/5673/1437 1852/5674/1437 1854/5675/1437 1858/5676/1437
f 1860/5677/1438 1859/5678/1438 1861/5679/1438 1862/5680/1438
f 1865/5681/1439 1863/5682/1439 1864/5683/1439 1866/5684/1439
f 1863/5685/1440 1859/5686/1440 1860/5687/1440 1864/5688/1440
f 1862/5689/1441 1861/5690/1441 1865/5691/1441 1866/5692/1441
f 1861/5693/1442 1859/5694/1442 1863/5695/1442 1865/5696/1442
f 1864/5697/1443 1860/5698/1443 1862/5699/1443 1866/5700/1443
f 1868/5701/1444 1867/5702/1444 1869/5703/1444 1870/5704/1444
f 1873/5705/1445 1871/5706/1445 1872/5707/1445 1874/5708/1445
f 1871/5709/1446 1867/5710/1446 1868/5711/1446 1872/5712/1446
f 1870/5713/1447 1869/5714/1447 1873/5715/1447 1874/5716/1447
f 1869/5717/1448 1867/5718/1448 1871/5719/1448 1873/5720/1448
f 1872/5721/1449 1868/5722/1449 1870/5723/1449 1874/5724/1449
f 1876/5725/1450 1875/5726/1450 1877/5727/1450 1878/5728/1450
f 1881/5729/1451 1879/5730/1451 1880/5731/1451 1882/5732/1451
f 1879/5733/1452 1875/5734/1452 1876/5735/1452 1880/5736/1452
f 1878/5737/1453 1877/5738/1453 1881/5739/1453 1882/5740/1453
f 1877/5741/1454 1875/5742/1454 1879/5743/1454 1881/5744/1454
f 1880/5745/1455 1876/5746/1455 1878/5747/1455 1882/5748/1455
f 1884/5749/1456 1883/5750/1456 1885/5751/1456 1886/5752/1456
f 1889/5753/1457 1887/5754/1457 1888/5755/1457 1890/5756/1457
f 1887/5757/1458 1883/5758/1458 1884/5759/1458 1888/5760/1458
f 1886/5761/1459 1885/5762/1459 1889/5763/1459 1890/5764/1459
f 1885/5765/1460 1883/5766/1460 1887/5767/1460 1889/5768/1460
f 1888/5769/1461 1884/5770/1461 1886/5771/1461 1890/5772/1461
f 1892/5773/1462 1891/5774/1462 1893/5775/1462 1894/5776/1462
f 1897/5777/1463 1895/5778/1463 1896/5779/1463 1898/5780/1463
f 1895/5781/1464 1891/5782/1464 1892/5783/1464 1896/5784/1464
f 1894/5785/1465 1893/5786/1465 1897/5787/1465 1898/5788/1465
f 1893/5789/1466 1891/5790/1466 1895/5791/1466 1897/5792/1466
f 1896/5793/1467 1892/5794/1467 1894/5795/1467 1898/5796/1467
f 1900/5797/1468 1899/5798/1468 1901/5799/1468 1902/5800/1468
f 1905/5801/1469 1903/5802/1469 1904/5803/1469 1906/5804/1469
f 1903/5805/1470 1899/5806/1470 1900/5807/1470 1904/5808/1470
f 1902/5809/1471 1901/5810/1471 1905/5811/1471 1906/5812/1471
f 1901/5813/1472 1899/5814/1472 1903/5815/1472 1905/5816/1472
f 1904/5817/1473 1900/5818/1473 1902/5819/1473 1906/5820/1473
f 1908/5821/1474 1907/5822/1474 1909/5823/1474 1910/5824/1474
f 1913/5825/1475 1911/5826/1475 1912/5827/1475 1914/5828/1475
f 1911/5829/1476 1907/5830/1476 1908/5831/1476 1912/5832/1476
f 1910/5833/1477 1909/5834/1477 1913/5835/1477 1914/5836/1477
f 1909/5837/1478 1907/5838/1478 1911/5839/1478 1913/5840/1478
f 1912/5841/1479 1908/5842/1479 1910/5843/1479 1914/5844/1479
f 1916/5845/1480 1915/5846/1480 1917/5847/1480 1918/5848/1480
f 1921/5849/1481 1919/5850/1481 1920/5851/1481 1922/5852/1481
f 1919/5853/1482 1915/5854/1482 1916/5855/1482 1920/5856/1482
f 1918/5857/1483 1917/5858/1483 1921/5859/1483 1922/5860/1483
f 1917/5861/1484 1915/5862/1484 1919/5863/1484 1921/5864/1484
f 1920/5865/1485 1916/5866/1485 1918/5867/1485 1922/5868/1485
f 1924/5869/1486 1923/5870/1486 1925/5871/1486 1926/5872/1486
f 1929/5873/1487 1927/5874/1487 1928/5875/1487 1930/5876/1487
f 1927/5877/1488 1923/5878/1488 1924/5879/1488 1928/5880/1488
f 1926/5881/1489 1925/5882/1489 1929/5883/1489 1930/5884/1489
f 1925/5885/1490 1923/5886/1490 1927/5887/1490 1929/5888/1490
f 1928/5889/1491 1924/5890/1491 1926/5891/1491 1930/5892/1491
f 1932/5893/1492 1931/5894/1492 1933/5895/1492 1934/5896/1492
f 1937/5897/1493 1935/5898/1493 1936/5899/1493 1938/5900/1493
f 1935/5901/1494 1931/5902/1494 1932/5903/1494 1936/5904/1494
f 1934/5905/1495 1933/5906/1495 1937/5907/1495 1938/5908/1495
f 1933/5909/1496 1931/5910/1496 1935/5911/1496 1937/5912/1496
f 1936/5913/1497 1932/5914/1497 1934/5915/1497 1938/5916/1497
f 1940/5917/1498 1939/5918/1498 1941/5919/1498 1942/5920/1498
f 1945/5921/1499 1943/5922/1499 1944/5923/1499 1946/5924/1499
f 1943/5925/1500 1939/5926/1500 1940/5927/1500 1944/5928/1500
f 1942/5929/1501 1941/5930/1501 1945/5931/1501 1946/5932/1501
f 1941/5933/1502 1939/5934/1502 1943/5935/1502 1945/5936/1502
f 1944/5937/1503 1940/5938/1503 1942/5939/1503 1946/5940/1503
f 1948/5941/1504 1947/5942/1504 1949/5943/1504 1950/5944/1504
f 1953/5945/1505 1951/5946/1505 1952/5947/1505 1954/5948/1505
f 1951/5949/1506 1947/5950/1506 1948/5951/1506 1952/5952/1506
f 1950/5953/1507 1949/5954/1507 1953/5955/1507 1954/5956/1507
f 1949/5957/1508 1947/5958/1508 1951/5959/1508 1953/5960/1508
f 1952/5961/1509 1948/5962/1509 1950/5963/1509 1954/5964/1509
f 1956/5965/1510 1955/5966/1510 1957/5967/1510 1958/5968/1510
f 1961/5969/1511 1959/5970/1511 1960/5971/1511 1962/5972/1511
f 1959/5973/1512 1955/5974/1512 1956/5975/1512 1960/5976/1512
f 1958/5977/1513 1957/5978/1513 1961/5979/1513 1962/5980/1513
f 1957/5981/1514 1955/5982/1514 1959/5983/1514 1961/5984/1514
f 1960/5985/1515 1956/5986/1515 1958/5987/1515 1962/5988/1515
f 1964/5989/1516 1963/5990/1516 1965/5991/1516 1966/5992/1516
f 1969/5993/1517 1967/5994/1517 1968/5995/1517 1970/5996/1517
f 1967/5997/1518 1963/5998/1518 1964/5999/1518 1968/6000/1518
f 1966/6001/1519 1965/6002/1519 1969/6003/1519 1970/6004/1519
f 1965/6005/1520 1963/6006/1520 1967/6007/1520 1969/6008/1520
f 1968/6009/1521 1964/6010/1521 1966/6011/1521 1970/6012/1521
f 1972/6013/1522 1971/6014/1522 1973/6015/1522 1974/6016/1522
f 1977/6017/1523 1975/6018/1523 1976/6019/1523 1978/6020/1523
f 1975/6021/1524 1971/6022/1524 1972/6023/1524 1976/6024/1524
f 1974/6025/1525 1973/6026/1525 1977/6027/1525 1978/6028/1525
f 1973/6029/1526 1971/6030/1526 1975/6031/1526 1977/6032/1526
f 1976/6033/1527 1972/6034/1527 1974/6035/1527 1978/6036/1527
f 1980/6037/1528 1979/6038/1528 1981/6039/1528 1982/6040/1528
f 1985/6041/1529 1983/6042/1529 1984/6043/1529 1986/6044/1529
f 1983/6045/1530 1979/6046/1530 1980/6047/1530 1984/6048/1530
f 1982/6049/1531 1981/6050/1531 1985/6051/1531 1986/6052/1531
f 1981/6053/1532 1979/6054/1532 1983/6055/1532 1985/6056/1532
f 1984/6057/1533 1980/6058/1533 1982/6059/1533 1986/6060/1533
f 1988/6061/1534 1987/6062/1534 1989/6063/1534 1990/6064/1534
f 1993/6065/1535 1991/6066/1535 1992/6067/1535 1994/6068/1535
f 1991/6069/1536 1987/6070/1536 1988/6071/1536 1992/6072/1536
f 1990/6073/1537 1989/6074/1537 1993/6075/1537 1994/6076/1537
f 1989/6077/1538 1987/6078/1538 1991/6079/1538 1993/6080/1538
f 1992/6081/1539 1988/6082/1539 1990/6083/1539 1994/6084/1539
f 1996/6085/1540 1995/6086/1540 1997/6087/1540 1998/6088/1540
f 2001/6089/1541 1999/6090/1541 2000/6091/1541 2002/6092/1541
f 1999/6093/1542 1995/6094/1542 1996/6095/1542 2000/6096/1542
f 1998/6097/1543 1997/6098/1543 2001/6099/1543 2002/6100/1543
f 1997/6101/1544 1995/6102/1544 1999/6103/1544 2001/6104/1544
f 2000/6105/1545 1996/6106/1545 1998/6107/1545 2002/6108/1545
f 2004/6109/1546 2003/6110/1546 2005/6111/1546 2006/6112/1546
f 2009/6113/1547 2007/6114/1547 2008/6115/1547 2010/6116/1547
f 2007/6117/1548 2003/6118/1548 2004/6119/1548 2008/6120/1548
f 2006/6121/1549 2005/6122/1549 2009/6123/1549 2010/6124/1549
f 2005/6125/1550 2003/6126/1550 2007/6127/1550 2009/6128/1550
f 2008/6129/1551 2004/6130/1551 2006/6131/1551 2010/6132/1551
f 2012/6133/1552 2011/6134/1552 2013/6135/1552 2014/6136/1552
f 2017/6137/1553 2015/6138/1553 2016/6139/1553 2018/6140/1553
f 2015/6141/1554 2011/6142/1554 2012/6143/1554 2016/6144/1554
f 2014/6145/1555 2013/6146/1555 2017/6147/1555 2018/6148/1555
f 2013/6149/1556 2011/6150/1556 2015/6151/1556 2017/6152/1556
f 2016/6153/1557 2012/6154/1557 2014/6155/1557 2018/6156/1557
o palmera
v 7.55380741682211 3.5544474618614426 12.304876809150384
v 7.429876809150383 3.5544474618614426 12.32119258317789
v 7.55380741682211 2.084684263920824 12.304876809150384
v 7.429876809150383 2.084684263920824 12.32119258317789
v 7.570123190849617 3.5544474618614426 12.42880741682211
v 7.44619258317789 3.5544474618614426 12.445123190849616
v 7.570123190849617 2.084684263920824 12.42880741682211
v 7.44619258317789 2.084684263920824 12.445123190849616
v 7.55380741682211 3.3834790945770017 12.304876809150384
v 7.570123190849617 3.359973461264725 12.42880741682211
v 7.56102843622039 3.3956128198444073 12.359725896942939
v 7.570123190849617 2.2479912859142264 12.42880741682211
v 7.44619258317789 2.2479912859142264 12.445123190849616
v 7.570123190849617 0.125 12.42880741682211
v 7.44619258317789 0.125 12.445123190849616
v 7.586438964877122 2.2479912859142264 12.552738024493836
v 7.4625083572053965 2.2479912859142264 12.569053798521342
v 7.586438964877122 0.125 12.552738024493836
v 7.4625083572053965 0.125 12.569053798521342
v 7.570123190849617 2.0010369776144783 12.42880741682211
v 7.586438964877122 1.9670843961634124 12.552738024493836
v 7.5773442102478965 2.0185634696673977 12.483656504614666
v 7.68183142478387 3.1837549003163543 11.260804675534455
v 7.618109826047358 3.2404708055478313 11.498617530811998
v 7.676213472906785 3.022928876440259 11.281771066413894
v 7.612491874170271 3.0796447816717345 11.519583921691437
v 7.802572172173981 3.183754852081318 11.293156984875154
v 7.7388505734374675 3.2404707573127935 11.530969840152697
v 7.796954220296894 3.022928828205221 11.31412337575459
v 7.733232621560382 3.0796447334366976 11.551936231032135
v 8.302821690469372 3.3435161511779454 12.105640678234417
v 8.059676439427337 3.3719824315879947 12.159544569408654
v 8.292185478039348 3.1808305613051675 12.107998715159718
v 8.049040226997313 3.2092968417152177 12.161902606333959
v 8.356931493982957 3.3435162791357627 12.349714702177385
v 8.113786242940922 3.3719825595458124 12.40361859335162
v 8.346295281552933 3.1808306892629847 12.352072739102686
v 8.1031500305109 3.2092969696730353 12.405976630276925
v 8.173039739060979 3.439092058721723 12.070395174524398
v 7.9298944880189435 3.467558339131773 12.124299065698636
v 8.162403526630957 3.2764064688489456 12.0727532114497
v 7.919258275588921 3.3048727492589958 12.126657102623936
v 8.254204444331359 3.439092250658449 12.436506210438846
v 8.011059193289324 3.467558531068499 12.490410101613085
v 8.243568231901335 3.2764066607856717 12.438864247364148
v 8.000422980859298 3.304872941195721 12.492768138538384
v 7.763489943105572 3.732936454313012 12.161190234988595
v 7.277199441021501 3.789869015133111 12.26899801733707
v 7.752853730675548 3.570250864440234 12.163548271913898
v 7.266563228591475 3.627183425260334 12.271356054262373
v 7.84465464837595 3.7329366462497378 12.527301270903045
v 7.358364146291878 3.7898692070698363 12.635109053251519
v 7.834018435945925 3.57025105637696 12.529659307828348
v 7.347727933861852 3.6271836171970597 12.637467090176822
v 8.043257812179368 3.5346679754509385 12.035149778605682
v 7.313822059053261 3.6200668166810877 12.196861452128392
v 8.032621599749346 3.3719823855781614 12.037507815530981
v 7.303185846623237 3.4573812268083097 12.199219489053696
v 8.151477419206541 3.534668231366573 12.523297826491612
v 7.422041666080431 3.620067072596722 12.685009500014326
v 8.140841206776514 3.3719826414937955 12.525655863416915
v 7.411405453650409 3.457381482723945 12.687367536939629
v 8.432603641877762 3.247940243634166 12.140886181944438
v 8.189458390835727 3.2764065240442157 12.194790073118675
v 8.42196742944774 3.085254653761389 12.14324421886974
v 8.178822178405703 3.1137209341714387 12.197148110043978
v 8.459658543634555 3.247940307613075 12.26292319391592
v 8.21651329259252 3.276406588023125 12.31682708509016
v 8.449022331204535 3.0852547177402974 12.265281230841223
v 8.205877080162496 3.1137209981503475 12.319185122015462
v 7.985643328610629 3.3363997067447304 13.126067802712152
v 7.7713708173486555 3.3790991222679976 12.820054588952855
v 7.979394563171511 3.173714116723459 13.117143551753259
v 7.765122051909536 3.2164135322467264 12.811130337993964
v 7.780855235107048 3.336399589198228 13.269461794075673
v 7.566582723845077 3.3790990047214957 12.963448580316374
v 7.77460646966793 3.1737139991769574 13.26053754311678
v 7.560333958405956 3.2164134147002255 12.954524329357485
v 7.968540531401911 3.431975675664588 12.992677052242511
v 7.754268020139939 3.474675091187855 12.686663838483216
v 7.962291765962791 3.2692900856433162 12.983752801283618
v 7.748019254700819 3.311989501166584 12.677739587524327
v 7.661358391146543 3.4319754993448353 13.207768039287792
v 7.447085879884569 3.4746749148681033 12.901754825528498
v 7.655109625707421 3.2692899093235646 13.198843788328897
v 7.440837114445451 3.3119893248468313 12.892830574569604
v 7.727928901660618 3.725820072953145 12.64904815079547
v 7.370808049557328 3.7969857654919235 12.13902612786331
v 7.721680136221495 3.5631344829318743 12.64012389983658
v 7.364559284118207 3.634300175470652 12.130101876904419
v 7.420746761405247 3.725819896633393 12.864139137840748
v 7.063625909301957 3.796985589172171 12.35411711490859
v 7.414497995966128 3.563134306612122 12.855214886881859
v 7.057377143862839 3.6342999991509 12.345192863949698
v 7.951437623823691 3.5275516571644214 12.859286380082809
v 7.4514684308790855 3.6271836267187103 12.145255547977786
v 7.945188858384571 3.36486606714315 12.850362129123916
v 7.445219665439968 3.4644980366974396 12.136331297018895
v 7.54186143681653 3.527551422071418 13.146074362809848
v 7.0418922438719305 3.627183391625708 12.432043530704826
v 7.535612671377413 3.364865832050148 13.137150111850957
v 7.035643478432809 3.464497801604437 12.423119279745933
v 8.002746125819348 3.240823737824872 13.25945855318179
v 7.788473614557375 3.2835231533481384 12.953445339422496
v 7.9964973603802285 3.0781381478036005 13.250534302222896
v 7.782224849118252 3.1208375633268677 12.944521088463604
v 7.9003520790675585 3.2408236790516205 13.331155548863551
v 7.686079567805585 3.2835230945748886 13.025142335104253
v 7.894103313628437 3.0781380890303502 13.322231297904658
v 7.679830802366464 3.1208375045536165 13.016218084145361
v 6.695125491881785 3.3363996466314125 12.930766907149264
v 7.001138464427296 3.3790987425560566 12.71649401408462
v 6.704049561312066 3.173714047289856 12.924518024627123
v 7.010062533857575 3.2164131432145 12.710245131562479
v 6.551731226543032 3.3364000155115976 12.725979005485422
v 6.857744199088541 3.3790991114362416 12.511706112420777
v 6.560655295973309 3.173714416170041 12.71973012296328
v 6.866668268518818 3.216413512094686 12.505457229898639
v 6.828516310845232 3.4319754939445986 12.913664061980613
v 7.1345292833907425 3.4746745898692426 12.699391168915968
v 6.837440380275511 3.269289894603042 12.907415179458473
v 7.143453352821021 3.311988990527686 12.693142286393828
v 6.613424912837102 3.4319760472648753 12.606482209484852
v 6.919437885382609 3.47467514318952 12.392209316420207
v 6.622348982267377 3.269290447923319 12.60023332696271
v 6.928361954812888 3.3119895438479636 12.385960433898065
v 7.172145292696869 3.7258199977660302 12.673052559506877
v 7.682166913606054 3.7969851576404374 12.315931071065803
v 7.1810693621271495 3.5631343984244728 12.666803676984735
v 7.691090983036332 3.6342995582988795 12.30968218854366
v 6.957053894688736 3.725820551086307 12.365870707011112
v 7.467075515597922 3.7969857109607137 12.008749218570038
v 6.965977964119018 3.5631349517447504 12.359621824488972
v 7.475999585028203 3.634300111619158 12.002500336047898
v 6.961907212307935 3.527551566903509 12.896561360977572
v 7.675937481580792 3.6271827907276775 12.39659127716007
v 6.970831281738212 3.3648659675619523 12.890312478455431
v 7.68486155101107 3.4644971913861218 12.390342394637928
v 6.675118681630424 3.527552304663879 12.486985557649891
v 7.389148950903281 3.627183528488048 11.987015473832386
v 6.684042751060702 3.3648667053223225 12.480736675127748
v 7.398073020333559 3.464497929146492 11.980766591310246
v 6.561734672918336 3.2408237993182256 12.947869752317917
v 6.867747645463846 3.2835228952428697 12.733596859253275
v 6.5706587423486145 3.0781381999766686 12.941620869795775
v 6.876671714894127 3.120837295901313 12.727347976731131
v 6.490037540248961 3.240823983758318 12.845475801485998
v 6.796050512794469 3.283523079682962 12.631202908421356
v 6.498961609679236 3.078138384416761 12.839226918963858
v 6.804974582224745 3.1208374803414047 12.624954025899212
v 6.595413597922003 3.346002237932158 11.949007045370896
v 6.940550078746453 3.3887014351518974 12.09196723774771
v 6.605478670314811 3.1833166415446157 11.953176269377927
v 6.950615151139256 3.2260158387643543 12.09613646175474
v 6.691084465341189 3.346001913122812 11.718037166106956
v 7.036220946165637 3.3887011103425513 11.860997358483768
v 6.701149537733995 3.1833163167352687 11.722206390113987
v 7.046286018558443 3.226015513955009 11.865166582490803
v 6.681508779633523 3.441578258667728 12.052318349809024
v 7.026645260457971 3.484277455887468 12.195278542185838
v 6.69157385202633 3.278892662280185 12.056487573816055
v 7.036710332850777 3.3215918594999243 12.19944776619287
v 6.825015080762302 3.441577771453708 11.705863530913117
v 7.170151561586751 3.4842769686734476 11.848823723289929
v 6.83508015315511 3.2788921750661655 11.710032754920146
v 7.180216633979557 3.3215913722859054 11.852992947296961
v 7.069070211467429 3.735422728724127 12.21285155741083
v 7.644297679508176 3.8065880574236926 12.45111854470552
v 7.079135283860236 3.5727371323365844 12.217020781417862
v 7.65436275190098 3.6439024610361503 12.455287768712548
v 7.212576512596209 3.7354222415101077 11.86639673851492
v 7.787803980636953 3.8065875702096728 12.104663725809608
v 7.222641584989015 3.572736645122565 11.870565962521951
v 7.797869053029761 3.643901973822131 12.10883294981664
v 6.767603947119552 3.5371544375189568 12.155629660921692
v 7.572922402376597 3.6367858976983483 12.48920344313426
v 6.777669019512358 3.3744688411314145 12.159798884928724
v 7.582987474769403 3.474100301310806 12.493372667141289
v 6.958945681957925 3.537153787900264 11.693689902393812
v 7.76426413721497 3.636785248079655 12.027263684606378
v 6.969010754350731 3.3744681915127206 11.697859126400845
v 7.774329209607774 3.4740996516921134 12.031432908613409
v 6.509318416210483 3.2504262171965888 11.845695740932767
v 6.854454897034931 3.2931254144163287 11.98865593330958
v 6.51938348860329 3.0877406208090457 11.849864964939798
v 6.864519969427738 3.130439818028785 11.992825157316613
v 6.557153849920075 3.2504260547919155 11.730210801300796
v 6.902290330744525 3.2931252520116545 11.873170993677611
v 6.567218922312883 3.087740458404373 11.734380025307829
v 6.912355403137331 3.1304396556241127 11.877340217684642
v 7.592409141778764 3.2925259018934603 11.353051722466098
v 7.528687543042252 3.3492418071249364 11.590864577743641
v 7.586791189901678 3.131699878017364 11.374018113345537
v 7.523069591165166 3.18841578324884 11.61183096862308
v 7.833890636558985 3.2925258054233857 11.417756341147493
v 7.7701690378224715 3.3492417106548618 11.655569196425038
v 7.828272684681898 3.1316997815472893 11.438722732026932
v 7.764551085945384 3.1884156867787654 11.676535587304475
v 7.5029868587736575 3.4012969034705645 11.445298769397741
v 7.439265260037144 3.4580128087020405 11.683111624675282
v 7.49736890689657 3.2404708795944677 11.466265160277178
v 7.433647308160058 3.2971867848259437 11.704078015554723
v 7.865209100943989 3.4012967587654535 11.542355697419834
v 7.801487502207475 3.4580126639969286 11.780168552697377
v 7.859591149066903 3.2404707348893567 11.563322088299271
v 7.79586955033039 3.297186640120833 11.801134943576816
v 7.399900617290978 3.741788833387637 11.830021554545732
v 7.272457419817954 3.855220643850589 12.30564726510082
v 7.394282665413894 3.580962809511541 11.850987945425171
v 7.2668394679408665 3.694394619974493 12.326613655980259
v 7.762122859461309 3.7417886886825253 11.927078482567824
v 7.634679661988285 3.855220499145478 12.402704193122911
v 7.756504907584224 3.580962664806429 11.948044873447264
v 7.629061710111197 3.6943944752693807 12.423670584002352
v 7.4135644239440195 3.510067933354929 11.537545771692892
v 7.2223996277344815 3.680215649049358 12.250984337525521
v 7.407946472066934 3.349241909478833 11.55851216257233
v 7.216781675857392 3.519389625173261 12.27195072840496
v 7.896527413504461 3.51006774041478 11.666955009055682
v 7.705362617294923 3.6802154561092086 12.380393574888311
v 7.890909461627375 3.3492417165386827 11.68792139993512
v 7.699744665417835 3.519389432233112 12.40135996576775
vt 0.1328125 0.40625
vt 0.1484375 0.40625
vt 0.1484375 0.421875
vt 0.1328125 0.421875
vt 0.2578125 0.40625
vt 0.2578125 0.421875
vt 0.2421875 0.421875
vt 0.2421875 0.40625
vt 0.2890625 0.65625
vt 0.2734375 0.65625
vt 0.2734375 0.515625
vt 0.2890625 0.515625
vt 0.015625 0.640625
vt 0 0.640625
vt 0 0.6242671875
vt 0.015625 0.5
vt 0 0.6242671875
vt 0 0.5
vt 0.015625 0.5
vt 0.0234375 0.5
vt 0.0390625 0.5
vt 0.0390625 0.62201796875
vt 0.0234375 0.640625
vt 0.0390625 0.62201796875
vt 0.0390625 0.640625
vt 0.0234375 0.640625
vt 0.0625 0.5
vt 0.0625 0.6242671875
vt 0.046875 0.62201796875
vt 0.046875 0.5
vt 0.055584375 0.625428125
vt 0.0625 0.6242671875
vt 0.0625 0.640625
vt 0.046875 0.640625
vt 0.046875 0.640625
vt 0.046875 0.62201796875
vt 0.055584375 0.625428125
vt 0.0625 0.6242671875
vt 0.055584375 0.625428125
vt 0.046875 0.62201796875
vt 0.5859375 0.8203125
vt 0.6015625 0.8203125
vt 0.6015625 0.8359375
vt 0.5859375 0.8359375
vt 0.28125 0.3984375
vt 0.28125 0.4140625
vt 0.265625 0.4140625
vt 0.265625 0.3984375
vt 0.140625 0.7109375
vt 0.125 0.7109375
vt 0.125 0.5078125
vt 0.140625 0.5078125
vt 0.1640625 0.7109375
vt 0.1484375 0.7109375
vt 0.1484375 0.687309375
vt 0.1640625 0.5078125
vt 0.1484375 0.687309375
vt 0.1484375 0.5078125
vt 0.1640625 0.5078125
vt 0.171875 0.5078125
vt 0.1875 0.5078125
vt 0.1875 0.6840609375
vt 0.171875 0.7109375
vt 0.1875 0.6840609375
vt 0.1875 0.7109375
vt 0.171875 0.7109375
vt 0.2109375 0.5078125
vt 0.2109375 0.687309375
vt 0.1953125 0.6840609375
vt 0.1953125 0.5078125
vt 0.204021875 0.6889859375
vt 0.2109375 0.687309375
vt 0.2109375 0.7109375
vt 0.1953125 0.7109375
vt 0.1953125 0.7109375
vt 0.1953125 0.6840609375
vt 0.204021875 0.6889859375
vt 0.2109375 0.687309375
vt 0.204021875 0.6889859375
vt 0.1953125 0.6840609375
vt 0.0859375 0.4296875
vt 0.0546875 0.4296875
vt 0.0546875 0.4140625
vt 0.0859375 0.4140625
vt 0.46875 0.3984375
vt 0.484375 0.3984375
vt 0.484375 0.4296875
vt 0.46875 0.4296875
vt 0.5625 0.4296875
vt 0.578125 0.4296875
vt 0.578125 0.4609375
vt 0.5625 0.4609375
vt 0.5625 0.59375
vt 0.5625 0.5625
vt 0.578125 0.5625
vt 0.578125 0.59375
vt 0.6015625 0.6640625
vt 0.6015625 0.6796875
vt 0.5859375 0.6796875
vt 0.5859375 0.6640625
vt 0.6015625 0.65625
vt 0.5859375 0.65625
vt 0.5859375 0.640625
vt 0.6015625 0.640625
vt 0.1015625 0.7421875
vt 0.0703125 0.7421875
vt 0.0703125 0.7265625
vt 0.1015625 0.7265625
vt 0.265625 0.421875
vt 0.28125 0.421875
vt 0.28125 0.453125
vt 0.265625 0.453125
vt 0.390625 0.515625
vt 0.421875 0.515625
vt 0.421875 0.546875
vt 0.390625 0.546875
vt 0.4609375 0.8828125
vt 0.4609375 0.8515625
vt 0.4921875 0.8515625
vt 0.4921875 0.8828125
vt 0.3984375 0.421875
vt 0.3984375 0.4375
vt 0.3671875 0.4375
vt 0.3671875 0.421875
vt 0.59375 0.6171875
vt 0.5625 0.6171875
vt 0.5625 0.6015625
vt 0.59375 0.6015625
vt 0.53125 0.4453125
vt 0.5 0.4453125
vt 0.5 0.4296875
vt 0.53125 0.4296875
vt 0.1640625 0.4140625
vt 0.1796875 0.4140625
vt 0.1796875 0.4453125
vt 0.1640625 0.4453125
vt 0.390625 0.59375
vt 0.4375 0.59375
vt 0.4375 0.625
vt 0.390625 0.625
vt 0.21875 0.5859375
vt 0.21875 0.5546875
vt 0.265625 0.5546875
vt 0.265625 0.5859375
vt 0.546875 0.8671875
vt 0.546875 0.8828125
vt 0.5 0.8828125
vt 0.5 0.8671875
vt 0.5078125 0.5
vt 0.4609375 0.5
vt 0.4609375 0.484375
vt 0.5078125 0.484375
vt 0.5234375 0.90625
vt 0.4609375 0.90625
vt 0.4609375 0.890625
vt 0.5234375 0.890625
vt 0.2421875 0.484375
vt 0.2578125 0.484375
vt 0.2578125 0.546875
vt 0.2421875 0.546875
vt 0.3125 0.7734375
vt 0.359375 0.7734375
vt 0.359375 0.8359375
vt 0.3125 0.8359375
vt 0.3125 0.765625
vt 0.3125 0.703125
vt 0.359375 0.703125
vt 0.359375 0.765625
vt 0.046875 0.4765625
vt 0.046875 0.4921875
vt 0 0.4921875
vt 0 0.4765625
vt 0.5546875 0.6015625
vt 0.5078125 0.6015625
vt 0.5078125 0.5859375
vt 0.5546875 0.5859375
vt 0.484375 0.6484375
vt 0.390625 0.6484375
vt 0.390625 0.6328125
vt 0.484375 0.6328125
vt 0.296875 0.53125
vt 0.3125 0.53125
vt 0.3125 0.625
vt 0.296875 0.625
vt 0.1875 0.71875
vt 0.25 0.71875
vt 0.25 0.8125
vt 0.1875 0.8125
vt 0.1171875 0.8125
vt 0.1171875 0.71875
vt 0.1796875 0.71875
vt 0.1796875 0.8125
vt 0.5234375 0.828125
vt 0.5234375 0.84375
vt 0.4609375 0.84375
vt 0.4609375 0.828125
vt 0.5234375 0.8203125
vt 0.4609375 0.8203125
vt 0.4609375 0.8046875
vt 0.5234375 0.8046875
vt 0.5859375 0.703125
vt 0.5546875 0.703125
vt 0.5546875 0.6875
vt 0.5859375 0.6875
vt 0.1875 0.4140625
vt 0.203125 0.4140625
vt 0.203125 0.4453125
vt 0.1875 0.4453125
vt 0.5625 0.6484375
vt 0.578125 0.6484375
vt 0.578125 0.6796875
vt 0.5625 0.6796875
vt 0.5625 1
vt 0.5625 0.96875
vt 0.578125 0.96875
vt 0.578125 1
vt 0.3046875 0.3984375
vt 0.3046875 0.4140625
vt 0.2890625 0.4140625
vt 0.2890625 0.3984375
vt 0.328125 0.4140625
vt 0.3125 0.4140625
vt 0.3125 0.3984375
vt 0.328125 0.3984375
vt 0.1015625 0.453125
vt 0.0546875 0.453125
vt 0.0546875 0.4375
vt 0.1015625 0.4375
vt 0.21875 0.4140625
vt 0.234375 0.4140625
vt 0.234375 0.4609375
vt 0.21875 0.4609375
vt 0.421875 0.796875
vt 0.453125 0.796875
vt 0.453125 0.84375
vt 0.421875 0.84375
vt 0.421875 0.8984375
vt 0.421875 0.8515625
vt 0.453125 0.8515625
vt 0.453125 0.8984375
vt 0.5234375 0.40625
vt 0.5234375 0.421875
vt 0.4921875 0.421875
vt 0.4921875 0.40625
vt 0.59375 0.421875
vt 0.5625 0.421875
vt 0.5625 0.40625
vt 0.59375 0.40625
vt 0.5859375 0.484375
vt 0.5390625 0.484375
vt 0.5390625 0.46875
vt 0.5859375 0.46875
vt 0.5390625 0.4140625
vt 0.5546875 0.4140625
vt 0.5546875 0.4609375
vt 0.5390625 0.4609375
vt 0.3671875 0.734375
vt 0.4140625 0.734375
vt 0.4140625 0.78125
vt 0.3671875 0.78125
vt 0.3671875 0.7265625
vt 0.3671875 0.6796875
vt 0.4140625 0.6796875
vt 0.4140625 0.7265625
vt 0.5859375 0.4921875
vt 0.5859375 0.5078125
vt 0.5390625 0.5078125
vt 0.5390625 0.4921875
vt 0.578125 0.640625
vt 0.53125 0.640625
vt 0.53125 0.625
vt 0.578125 0.625
vt 0.5390625 0.9296875
vt 0.4609375 0.9296875
vt 0.4609375 0.9140625
vt 0.5390625 0.9140625
vt 0.21875 0.46875
vt 0.234375 0.46875
vt 0.234375 0.546875
vt 0.21875 0.546875
vt 0.0703125 0.6328125
vt 0.1171875 0.6328125
vt 0.1171875 0.7109375
vt 0.0703125 0.7109375
vt 0.359375 0.890625
vt 0.28125 0.890625
vt 0.28125 0.84375
vt 0.359375 0.84375
vt 0.5859375 0.515625
vt 0.5859375 0.53125
vt 0.5390625 0.53125
vt 0.5390625 0.515625
vt 0.4140625 0.4609375
vt 0.3671875 0.4609375
vt 0.3671875 0.4453125
vt 0.4140625 0.4453125
vt 0.484375 0.9765625
vt 0.375 0.9765625
vt 0.375 0.9609375
vt 0.484375 0.9609375
vt 0.09375 0.515625
vt 0.109375 0.515625
vt 0.109375 0.625
vt 0.09375 0.625
vt 0.140625 0.8203125
vt 0.203125 0.8203125
vt 0.203125 0.9296875
vt 0.140625 0.9296875
vt 0.109375 0.8125
vt 0 0.8125
vt 0 0.75
vt 0.109375 0.75
vt 0.546875 0.671875
vt 0.546875 0.6875
vt 0.484375 0.6875
vt 0.484375 0.671875
vt 0.53125 0.5234375
vt 0.46875 0.5234375
vt 0.46875 0.5078125
vt 0.53125 0.5078125
vt 0.59375 0.953125
vt 0.546875 0.953125
vt 0.546875 0.9375
vt 0.59375 0.9375
vt 0.421875 0.4140625
vt 0.4375 0.4140625
vt 0.4375 0.4609375
vt 0.421875 0.4609375
vt 0.1484375 0.453125
vt 0.1640625 0.453125
vt 0.1640625 0.5
vt 0.1484375 0.5
vt 0.171875 0.5
vt 0.171875 0.453125
vt 0.1875 0.453125
vt 0.1875 0.5
vt 0.3984375 0.3984375
vt 0.3984375 0.4140625
vt 0.3828125 0.4140625
vt 0.3828125 0.3984375
vt 0.375 0.4140625
vt 0.359375 0.4140625
vt 0.359375 0.3984375
vt 0.375 0.3984375
vt 0.5546875 0.578125
vt 0.5078125 0.578125
vt 0.5078125 0.5625
vt 0.5546875 0.5625
vt 0.515625 0.453125
vt 0.53125 0.453125
vt 0.53125 0.5
vt 0.515625 0.5
vt 0.390625 0.5859375
vt 0.390625 0.5546875
vt 0.4375 0.5546875
vt 0.4375 0.5859375
vt 0.21875 0.7109375
vt 0.21875 0.6640625
vt 0.25 0.6640625
vt 0.25 0.7109375
vt 0.6171875 0.9609375
vt 0.6171875 0.9765625
vt 0.5859375 0.9765625
vt 0.5859375 0.9609375
vt 0.6171875 1
vt 0.5859375 1
vt 0.5859375 0.984375
vt 0.6171875 0.984375
vt 0.4375 0.484375
vt 0.390625 0.484375
vt 0.390625 0.46875
vt 0.4375 0.46875
vt 0.34375 0.4375
vt 0.359375 0.4375
vt 0.359375 0.484375
vt 0.34375 0.484375
vt 0.3203125 1
vt 0.3203125 0.953125
vt 0.3671875 0.953125
vt 0.3671875 1
vt 0.3671875 0.9453125
vt 0.3671875 0.8984375
vt 0.4140625 0.8984375
vt 0.4140625 0.9453125
vt 0.59375 0.9140625
vt 0.59375 0.9296875
vt 0.546875 0.9296875
vt 0.546875 0.9140625
vt 0.59375 0.7890625
vt 0.546875 0.7890625
vt 0.546875 0.7734375
vt 0.59375 0.7734375
vt 0.5234375 0.625
vt 0.4453125 0.625
vt 0.4453125 0.609375
vt 0.5234375 0.609375
vt 0.34375 0.4921875
vt 0.359375 0.4921875
vt 0.359375 0.5703125
vt 0.34375 0.5703125
vt 0.234375 1
vt 0.234375 0.953125
vt 0.3125 0.953125
vt 0.3125 1
vt 0.2578125 0.828125
vt 0.2578125 0.75
vt 0.3046875 0.75
vt 0.3046875 0.828125
vt 0.59375 0.75
vt 0.59375 0.765625
vt 0.546875 0.765625
vt 0.546875 0.75
vt 0.59375 0.8125
vt 0.546875 0.8125
vt 0.546875 0.796875
vt 0.59375 0.796875
vt 0.4765625 0.671875
vt 0.3671875 0.671875
vt 0.3671875 0.65625
vt 0.4765625 0.65625
vt 0.3671875 0.5390625
vt 0.3828125 0.5390625
vt 0.3828125 0.6484375
vt 0.3671875 0.6484375
vt 0 1
vt 0 0.9375
vt 0.109375 0.9375
vt 0.109375 1
vt 0 0.9296875
vt 0 0.8203125
vt 0.0625 0.8203125
vt 0.0625 0.9296875
vt 0.5546875 0.9609375
vt 0.5546875 0.9765625
vt 0.4921875 0.9765625
vt 0.4921875 0.9609375
vt 0.5546875 1
vt 0.4921875 1
vt 0.4921875 0.984375
vt 0.5546875 0.984375
vt 0.5546875 0.5546875
vt 0.5078125 0.5546875
vt 0.5078125 0.5390625
vt 0.5546875 0.5390625
vt 0.1953125 0.453125
vt 0.2109375 0.453125
vt 0.2109375 0.5
vt 0.1953125 0.5
vt 0.296875 0.4765625
vt 0.3125 0.4765625
vt 0.3125 0.5234375
vt 0.296875 0.5234375
vt 0.0703125 0.5078125
vt 0.0703125 0.4609375
vt 0.0859375 0.4609375
vt 0.0859375 0.5078125
vt 0.6015625 0.578125
vt 0.6015625 0.59375
vt 0.5859375 0.59375
vt 0.5859375 0.578125
vt 0.6015625 0.4609375
vt 0.5859375 0.4609375
vt 0.5859375 0.4453125
vt 0.6015625 0.4453125
vt 0.578125 0.859375
vt 0.53125 0.859375
vt 0.53125 0.84375
vt 0.578125 0.84375
vt 0.2890625 0.421875
vt 0.3046875 0.421875
vt 0.3046875 0.46875
vt 0.2890625 0.46875
vt 0.3203125 0.578125
vt 0.3515625 0.578125
vt 0.3515625 0.625
vt 0.3203125 0.625
vt 0.421875 0.953125
vt 0.421875 0.90625
vt 0.453125 0.90625
vt 0.453125 0.953125
vt 0.6171875 0.84375
vt 0.6171875 0.859375
vt 0.5859375 0.859375
vt 0.5859375 0.84375
vt 0.6171875 0.90625
vt 0.5859375 0.90625
vt 0.5859375 0.890625
vt 0.6171875 0.890625
vt 0.578125 0.90625
vt 0.53125 0.90625
vt 0.53125 0.890625
vt 0.578125 0.890625
vt 0.2421875 0.4296875
vt 0.2578125 0.4296875
vt 0.2578125 0.4765625
vt 0.2421875 0.4765625
vt 0.3671875 0.7890625
vt 0.4140625 0.7890625
vt 0.4140625 0.8359375
vt 0.3671875 0.8359375
vt 0.3671875 0.890625
vt 0.3671875 0.84375
vt 0.4140625 0.84375
vt 0.4140625 0.890625
vt 0.6015625 0.8671875
vt 0.6015625 0.8828125
vt 0.5546875 0.8828125
vt 0.5546875 0.8671875
vt 0.15625 0.4453125
vt 0.109375 0.4453125
vt 0.109375 0.4296875
vt 0.15625 0.4296875
vt 0.5390625 0.953125
vt 0.4609375 0.953125
vt 0.4609375 0.9375
vt 0.5390625 0.9375
vt 0.4453125 0.5234375
vt 0.4609375 0.5234375
vt 0.4609375 0.6015625
vt 0.4453125 0.6015625
vt 0.2578125 0.6640625
vt 0.3046875 0.6640625
vt 0.3046875 0.7421875
vt 0.2578125 0.7421875
vt 0.359375 0.9453125
vt 0.28125 0.9453125
vt 0.28125 0.8984375
vt 0.359375 0.8984375
vt 0.046875 0.4296875
vt 0.046875 0.4453125
vt 0 0.4453125
vt 0 0.4296875
vt 0.4921875 0.453125
vt 0.4453125 0.453125
vt 0.4453125 0.4375
vt 0.4921875 0.4375
vt 0.484375 1
vt 0.375 1
vt 0.375 0.984375
vt 0.484375 0.984375
vt 0.0703125 0.515625
vt 0.0859375 0.515625
vt 0.0859375 0.625
vt 0.0703125 0.625
vt 0.0703125 0.8203125
vt 0.1328125 0.8203125
vt 0.1328125 0.9296875
vt 0.0703125 0.9296875
vt 0.2265625 1
vt 0.1171875 1
vt 0.1171875 0.9375
vt 0.2265625 0.9375
vt 0.453125 0.4921875
vt 0.453125 0.5078125
vt 0.390625 0.5078125
vt 0.390625 0.4921875
vt 0.5546875 0.6640625
vt 0.4921875 0.6640625
vt 0.4921875 0.6484375
vt 0.5546875 0.6484375
vt 0.578125 0.8359375
vt 0.53125 0.8359375
vt 0.53125 0.8203125
vt 0.578125 0.8203125
vt 0.3125 0.421875
vt 0.328125 0.421875
vt 0.328125 0.46875
vt 0.3125 0.46875
vt 0.265625 0.4609375
vt 0.28125 0.4609375
vt 0.28125 0.5078125
vt 0.265625 0.5078125
vt 0.140625 0.5
vt 0.09375 0.5
vt 0.09375 0.484375
vt 0.140625 0.484375
vt 0.0546875 0.390625
vt 0.0546875 0.40625
vt 0.0390625 0.40625
vt 0.0390625 0.390625
vt 0.078125 0.40625
vt 0.0625 0.40625
vt 0.0625 0.390625
vt 0.078125 0.390625
vt 0.59375 0.5546875
vt 0.5625 0.5546875
vt 0.5625 0.5390625
vt 0.59375 0.5390625
vt 0.4453125 0.3984375
vt 0.4609375 0.3984375
vt 0.4609375 0.4296875
vt 0.4453125 0.4296875
vt 0.46875 0.5703125
vt 0.5 0.5703125
vt 0.5 0.6015625
vt 0.46875 0.6015625
vt 0.46875 0.5625
vt 0.46875 0.53125
vt 0.5 0.53125
vt 0.5 0.5625
vt 0.125 0.40625
vt 0.125 0.421875
vt 0.09375 0.421875
vt 0.09375 0.40625
vt 0.609375 0.7421875
vt 0.578125 0.7421875
vt 0.578125 0.7265625
vt 0.609375 0.7265625
vt 0.03125 0.421875
vt 0 0.421875
vt 0 0.40625
vt 0.03125 0.40625
vt 0.3359375 0.3984375
vt 0.3515625 0.3984375
vt 0.3515625 0.4296875
vt 0.3359375 0.4296875
vt 0.421875 0.71875
vt 0.46875 0.71875
vt 0.46875 0.75
vt 0.421875 0.75
vt 0.421875 0.7890625
vt 0.421875 0.7578125
vt 0.46875 0.7578125
vt 0.46875 0.7890625
vt 0.5703125 0.7109375
vt 0.5703125 0.7265625
vt 0.5234375 0.7265625
vt 0.5234375 0.7109375
vt 0.046875 0.46875
vt 0 0.46875
vt 0 0.453125
vt 0.046875 0.453125
vt 0.5390625 0.796875
vt 0.4765625 0.796875
vt 0.4765625 0.78125
vt 0.5390625 0.78125
vt 0.3671875 0.46875
vt 0.3828125 0.46875
vt 0.3828125 0.53125
vt 0.3671875 0.53125
vt 0.21875 0.59375
vt 0.265625 0.59375
vt 0.265625 0.65625
vt 0.21875 0.65625
vt 0.3125 0.6953125
vt 0.3125 0.6328125
vt 0.359375 0.6328125
vt 0.359375 0.6953125
vt 0.140625 0.4609375
vt 0.140625 0.4765625
vt 0.09375 0.4765625
vt 0.09375 0.4609375
vt 0.4921875 0.4765625
vt 0.4453125 0.4765625
vt 0.4453125 0.4609375
vt 0.4921875 0.4609375
vt 0.515625 0.7109375
vt 0.421875 0.7109375
vt 0.421875 0.6953125
vt 0.515625 0.6953125
vt 0.3203125 0.4765625
vt 0.3359375 0.4765625
vt 0.3359375 0.5703125
vt 0.3203125 0.5703125
vt 0 0.6484375
vt 0.0625 0.6484375
vt 0.0625 0.7421875
vt 0 0.7421875
vt 0.2109375 0.9296875
vt 0.2109375 0.8359375
vt 0.2734375 0.8359375
vt 0.2734375 0.9296875
vt 0.5390625 0.7578125
vt 0.5390625 0.7734375
vt 0.4765625 0.7734375
vt 0.4765625 0.7578125
vt 0.5390625 0.75
vt 0.4765625 0.75
vt 0.4765625 0.734375
vt 0.5390625 0.734375
vn 0 1 0
vn 0 -1 0
vn -0.9914448613738106 0 0.13052619222005116
vn -0.13052619222005116 0 -0.9914448613738106
vn -0.13052619222005116 0 -0.9914448613738106
vn 0.13052619222005116 0 0.9914448613738106
vn 0.13052619222005116 0 0.9914448613738106
vn 0.9914448613738106 0 -0.13052619222005116
vn 0.9914448613738106 0 -0.13052619222005116
vn 0.9914448613738106 0 -0.13052619222005116
vn 0.9914448613738106 0 -0.13052619222005116
vn 0 1 0
vn 0 -1 0
vn -0.9914448613738106 0 0.13052619222005116
vn -0.13052619222005116 0 -0.9914448613738106
vn -0.13052619222005116 0 -0.9914448613738106
vn 0.13052619222005116 0 0.9914448613738106
vn 0.13052619222005116 0 0.9914448613738106
vn 0.9914448613738106 0 -0.13052619222005116
vn 0.9914448613738106 0 -0.13052619222005116
vn 0.9914448613738106 0 -0.13052619222005116
vn 0.9914448613738106 0 -0.13052619222005116
vn -0.9659259791209015 2.2608039853719662e-7 -0.2588184747255823
vn 0.9659259791208993 -2.2608040750786758e-7 0.2588184747255907
vn 0.05810096207846138 0.974477781667364 -0.21683480173212671
vn -0.05810096207847133 -0.974477781667365 0.21683480173211905
vn 0.25649286033909985 -0.13375308043944936 -0.9572468469877691
vn -0.2564928603391038 0.13375308043945255 0.9572468469877675
vn -0.21643921405434607 -2.998728265228783e-7 -0.9762960957718961
vn 0.21643921405433916 2.998728269876114e-7 0.9762960957718975
vn 0.11086872652234109 0.9935310637988569 -0.024579478147962013
vn -0.11086872652234445 -0.9935310637988567 0.02457947814796277
vn 0.974114340805515 -0.06681672361690018 -0.2159554965314385
vn -0.974114340805514 0.06681672361691332 0.21595549653143872
vn -0.21643921405435426 -2.9987283778269436e-7 -0.9762960957718941
vn 0.21643921405434538 2.998728256126639e-7 0.9762960957718962
vn 0.11086872652234217 0.9935310637988568 -0.02457947814796491
vn -0.11086872652234431 -0.9935310637988565 0.024579478147964337
vn 0.9741143408055133 -0.06681672361689049 -0.21595549653144808
vn -0.9741143408055136 0.06681672361689969 0.2159554965314437
vn -0.2164392140543503 -2.99872836125587e-7 -0.976296095771895
vn 0.21643921405434688 2.9987283638650226e-7 0.9762960957718959
vn 0.11086872652234243 0.9935310637988569 -0.02457947814796206
vn -0.11086872652234307 -0.9935310637988567 0.024579478147963407
vn 0.974114340805514 -0.0668167236169119 -0.2159554965314387
vn -0.9741143408055133 0.066816723616923 0.21595549653143897
vn -0.21643921405434602 -2.998728274576562e-7 -0.9762960957718961
vn 0.21643921405434874 2.998728353058864e-7 0.9762960957718954
vn 0.11086872652234336 0.9935310637988566 -0.024579478147963872
vn -0.11086872652234193 -0.9935310637988568 0.024579478147962283
vn 0.9741143408055138 -0.06681672361688963 -0.21595549653144608
vn -0.9741143408055138 0.06681672361691275 0.21595549653143858
vn -0.21643921405434666 -2.998728373577946e-7 -0.9762960957718958
vn 0.21643921405436234 2.9987284810507656e-7 0.9762960957718924
vn 0.11086872652234143 0.9935310637988569 -0.024579478147964948
vn -0.11086872652234223 -0.9935310637988569 0.02457947814796122
vn 0.9741143408055145 -0.06681672361690157 -0.21595549653143947
vn -0.9741143408055121 0.06681672361690157 0.21595549653145055
vn 0.8191523740143417 2.754736279697764e-7 -0.5735759654540907
vn -0.8191523740143447 -2.7547361799173853e-7 0.5735759654540864
vn 0.06513527927081228 0.9935310653384449 0.09302374751518103
vn -0.06513527927081288 -0.9935310653384448 -0.09302374751518099
vn 0.5722942016144089 -0.06681671562401433 0.8173217685292286
vn -0.5722942016144064 0.06681671562401946 -0.8173217685292301
vn 0.8191523740143422 2.7547361833874135e-7 -0.5735759654540898
vn -0.8191523740143394 -2.754736139587438e-7 0.5735759654540937
vn 0.06513527927081357 0.9935310653384447 0.093023747515181
vn -0.06513527927081408 -0.9935310653384449 -0.09302374751518092
vn 0.5722942016144121 -0.0668167156240194 0.8173217685292258
vn -0.5722942016144105 0.06681671562401481 -0.8173217685292273
vn 0.8191523740143393 2.754735990993275e-7 -0.5735759654540942
vn -0.8191523740143394 -2.7547361355863103e-7 0.5735759654540937
vn 0.06513527927081283 0.993531065338445 0.09302374751517999
vn -0.06513527927081271 -0.993531065338445 -0.0930237475151781
vn 0.5722942016144031 -0.06681671562402962 0.8173217685292314
vn -0.5722942016144067 0.06681671562402407 -0.8173217685292292
vn 0.8191523740143403 2.7547362353464326e-7 -0.5735759654540928
vn -0.8191523740143435 -2.754736278139827e-7 0.573575965454088
vn 0.06513527927081234 0.993531065338445 0.09302374751517879
vn -0.06513527927081508 -0.9935310653384449 -0.0930237475151787
vn 0.5722942016144082 -0.06681671562402894 0.8173217685292278
vn -0.5722942016144131 0.06681671562400507 -0.8173217685292264
vn 0.8191523740143402 2.7547362355083e-7 -0.573575965454093
vn -0.8191523740143419 -2.754736136648543e-7 0.5735759654540902
vn 0.06513527927080713 0.9935310653384452 0.09302374751518165
vn -0.0651352792708197 -0.9935310653384448 -0.09302374751517634
vn 0.5722942016144138 -0.06681671562402876 0.817321768529224
vn -0.5722942016143924 0.06681671562402962 -0.817321768529239
vn 0.5735770613551693 -8.644813351872906e-7 0.819151606655582
vn -0.5735770613551764 8.644813543573039e-7 -0.8191516066555768
vn -0.09302185903297024 0.9935311619715086 0.06513650231317472
vn 0.09302185903297104 -0.9935311619715087 -0.06513650231317442
vn -0.817321104973898 -0.0668162139329476 0.5722952078428694
vn 0.8173211049738967 0.06681621393293798 -0.5722952078428724
vn 0.5735770613551733 -8.644813398328453e-7 0.8191516066555791
vn -0.5735770613551777 8.644813496055273e-7 -0.8191516066555758
vn -0.09302185903297157 0.9935311619715088 0.06513650231317142
vn 0.09302185903297139 -0.9935311619715085 -0.06513650231317462
vn -0.8173211049738995 -0.06681621393293771 0.5722952078428682
vn 0.817321104973895 0.06681621393293793 -0.5722952078428749
vn 0.573577061355169 -8.644813354365602e-7 0.819151606655582
vn -0.5735770613551666 8.644813206670804e-7 -0.8191516066555837
vn -0.09302185903297193 0.9935311619715085 0.06513650231317396
vn 0.09302185903297096 -0.9935311619715086 -0.06513650231317375
vn -0.8173211049738954 -0.06681621393294732 0.5722952078428729
vn 0.8173211049738981 0.06681621393294244 -0.5722952078428698
vn 0.5735770613551705 -8.644813451096868e-7 0.819151606655581
vn -0.573577061355174 8.644813495195273e-7 -0.8191516066555785
vn -0.0930218590329697 0.9935311619715087 0.06513650231317385
vn 0.09302185903297054 -0.9935311619715087 -0.06513650231317485
vn -0.8173211049738944 -0.06681621393292816 0.5722952078428767
vn 0.8173211049738963 0.06681621393292862 -0.572295207842874
vn 0.5735770613551664 -8.644813403993814e-7 0.8191516066555837
vn -0.5735770613551708 8.644813501649775e-7 -0.8191516066555806
vn -0.0930218590329717 0.9935311619715086 0.06513650231317511
vn 0.09302185903297046 -0.9935311619715085 -0.06513650231317564
vn -0.8173211049739056 -0.0668162139329378 0.5722952078428597
vn 0.8173211049738902 0.06681621393295242 -0.5722952078428797
vn -0.3826834696768204 7.612000593997749e-7 0.9238795170559475
vn 0.3826834696768169 -7.612000603557986e-7 -0.923879517055949
vn -0.10491533495269771 0.9935311313441819 -0.04345875678977788
vn 0.10491533495269499 -0.9935311313441821 0.04345875678978054
vn -0.9218149467306709 -0.06681637294127724 -0.3818282025871093
vn 0.921814946730677 0.06681637294124863 0.3818282025870995
vn -0.3826834696768182 7.612000548675224e-7 0.9238795170559484
vn 0.3826834696768202 -7.612000546656965e-7 -0.9238795170559476
vn -0.10491533495269731 0.9935311313441819 -0.04345875678978076
vn 0.10491533495269798 -0.9935311313441819 0.04345875678977976
vn -0.9218149467306707 -0.06681637294127407 -0.3818282025871107
vn 0.9218149467306704 0.06681637294127016 0.38182820258711186
vn -0.38268346967682343 7.612000694613786e-7 0.9238795170559464
vn 0.38268346967681904 -7.612000602028395e-7 -0.923879517055948
vn -0.1049153349526969 0.993531131344182 -0.043458756789778674
vn 0.10491533495269738 -0.993531131344182 0.04345875678977921
vn -0.9218149467306708 -0.06681637294127037 -0.3818282025871108
vn 0.9218149467306754 0.06681637294125013 0.3818282025871031
vn -0.38268346967682626 7.61200074161971e-7 0.9238795170559451
vn 0.3826834696768232 -7.612000693606111e-7 -0.9238795170559463
vn -0.10491533495269667 0.993531131344182 -0.04345875678977914
vn 0.10491533495269592 -0.993531131344182 0.04345875678978158
vn -0.9218149467306704 -0.06681637294127309 -0.3818282025871115
vn 0.9218149467306723 0.06681637294125951 0.38182820258710926
vn -0.38268346967682165 7.612000694840364e-7 0.9238795170559468
vn 0.38268346967682093 -7.612000640701165e-7 -0.9238795170559474
vn -0.10491533495269761 0.9935311313441819 -0.043458756789779715
vn 0.10491533495269832 -0.9935311313441819 0.043458756789777696
vn -0.9218149467306743 -0.06681637294127009 -0.381828202587102
vn 0.9218149467306684 0.06681637294127278 0.3818282025871163
vn -0.965925979120902 2.2608039666764027e-7 -0.2588184747255805
vn 0.9659259791209005 -2.2608040394933928e-7 0.25881847472558595
vn 0.05810096207846618 0.9744777816673647 -0.21683480173212205
vn -0.05810096207846703 -0.9744777816673643 0.21683480173212347
vn 0.2564928603391016 -0.1337530804394536 -0.9572468469877681
vn -0.25649286033911056 0.1337530804394488 0.9572468469877663
vn -0.9659259791208986 2.2608040941460134e-7 -0.25881847472559244
vn 0.9659259791209 -2.260803998384461e-7 0.2588184747255877
vn 0.05810096207846588 0.9744777816673644 -0.21683480173212308
vn -0.05810096207846508 -0.9744777816673648 0.21683480173212158
vn 0.25649286033910706 -0.1337530804394474 -0.9572468469877673
vn -0.2564928603391106 0.13375308043945822 0.9572468469877649
vn -0.9659259791209024 2.260803888495061e-7 -0.2588184747255788
vn 0.965925979120902 -2.2608039456439176e-7 0.25881847472558
vn 0.05810096207846478 0.9744777816673645 -0.21683480173212286
vn -0.05810096207846757 -0.9744777816673648 0.21683480173212108
vn 0.2564928603391029 -0.13375308043944525 -0.9572468469877689
vn -0.2564928603391027 0.1337530804394532 0.9572468469877677
vn -0.9659259791209012 2.26080398253929e-7 -0.25881847472558356
vn 0.9659259791209013 -2.260803941536558e-7 0.258818474725583
vn 0.058100962078466906 0.9744777816673645 -0.21683480173212222
vn -0.05810096207846842 -0.9744777816673645 0.21683480173212163
vn 0.25649286033910457 -0.1337530804394486 -0.9572468469877679
vn -0.25649286033910274 0.13375308043945713 0.9572468469877672
usemtl m_d63b48de-5995-e43b-dcc1-461060c57ade
f 2023/6157/1558 2019/6158/1558 2020/6159/1558 2024/6160/1558
f 2022/6161/1559 2021/6162/1559 2025/6163/1559 2026/6164/1559
f 2024/6165/1560 2020/6166/1560 2022/6167/1560 2026/6168/1560
f 2020/6169/1561 2019/6170/1561 2027/6171/1561 2022/6172/1561
f 2027/6173/1562 2021/6174/1562 2022/6175/1562
f 2026/6176/1563 2025/6177/1563 2028/6178/1563 2024/6179/1563
f 2028/6180/1564 2023/6181/1564 2024/6182/1564
f 2021/6183/1565 2027/6184/1565 2028/6185/1565 2025/6186/1565
f 2029/6187/1566 2027/6188/1566 2019/6189/1566 2023/6190/1566
f 2023/6191/1567 2028/6192/1567 2029/6193/1567
f 2027/6194/1568 2029/6195/1568 2028/6196/1568
f 2034/6197/1569 2030/6198/1569 2031/6199/1569 2035/6200/1569
f 2033/6201/1570 2032/6202/1570 2036/6203/1570 2037/6204/1570
f 2035/6205/1571 2031/6206/1571 2033/6207/1571 2037/6208/1571
f 2031/6209/1572 2030/6210/1572 2038/6211/1572 2033/6212/1572
f 2038/6213/1573 2032/6214/1573 2033/6215/1573
f 2037/6216/1574 2036/6217/1574 2039/6218/1574 2035/6219/1574
f 2039/6220/1575 2034/6221/1575 2035/6222/1575
f 2032/6223/1576 2038/6224/1576 2039/6225/1576 2036/6226/1576
f 2040/6227/1577 2038/6228/1577 2030/6229/1577 2034/6230/1577
f 2034/6231/1578 2039/6232/1578 2040/6233/1578
f 2038/6234/1579 2040/6235/1579 2039/6236/1579
f 2042/6237/1580 2041/6238/1580 2043/6239/1580 2044/6240/1580
f 2047/6241/1581 2045/6242/1581 2046/6243/1581 2048/6244/1581
f 2045/6245/1582 2041/6246/1582 2042/6247/1582 2046/6248/1582
f 2044/6249/1583 2043/6250/1583 2047/6251/1583 2048/6252/1583
f 2043/6253/1584 2041/6254/1584 2045/6255/1584 2047/6256/1584
f 2046/6257/1585 2042/6258/1585 2044/6259/1585 2048/6260/1585
f 2050/6261/1586 2049/6262/1586 2051/6263/1586 2052/6264/1586
f 2055/6265/1587 2053/6266/1587 2054/6267/1587 2056/6268/1587
f 2053/6269/1588 2049/6270/1588 2050/6271/1588 2054/6272/1588
f 2052/6273/1589 2051/6274/1589 2055/6275/1589 2056/6276/1589
f 2051/6277/1590 2049/6278/1590 2053/6279/1590 2055/6280/1590
f 2054/6281/1591 2050/6282/1591 2052/6283/1591 2056/6284/1591
f 2058/6285/1592 2057/6286/1592 2059/6287/1592 2060/6288/1592
f 2063/6289/1593 2061/6290/1593 2062/6291/1593 2064/6292/1593
f 2061/6293/1594 2057/6294/1594 2058/6295/1594 2062/6296/1594
f 2060/6297/1595 2059/6298/1595 2063/6299/1595 2064/6300/1595
f 2059/6301/1596 2057/6302/1596 2061/6303/1596 2063/6304/1596
f 2062/6305/1597 2058/6306/1597 2060/6307/1597 2064/6308/1597
f 2066/6309/1598 2065/6310/1598 2067/6311/1598 2068/6312/1598
f 2071/6313/1599 2069/6314/1599 2070/6315/1599 2072/6316/1599
f 2069/6317/1600 2065/6318/1600 2066/6319/1600 2070/6320/1600
f 2068/6321/1601 2067/6322/1601 2071/6323/1601 2072/6324/1601
f 2067/6325/1602 2065/6326/1602 2069/6327/1602 2071/6328/1602
f 2070/6329/1603 2066/6330/1603 2068/6331/1603 2072/6332/1603
f 2074/6333/1604 2073/6334/1604 2075/6335/1604 2076/6336/1604
f 2079/6337/1605 2077/6338/1605 2078/6339/1605 2080/6340/1605
f 2077/6341/1606 2073/6342/1606 2074/6343/1606 2078/6344/1606
f 2076/6345/1607 2075/6346/1607 2079/6347/1607 2080/6348/1607
f 2075/6349/1608 2073/6350/1608 2077/6351/1608 2079/6352/1608
f 2078/6353/1609 2074/6354/1609 2076/6355/1609 2080/6356/1609
f 2082/6357/1610 2081/6358/1610 2083/6359/1610 2084/6360/1610
f 2087/6361/1611 2085/6362/1611 2086/6363/1611 2088/6364/1611
f 2085/6365/1612 2081/6366/1612 2082/6367/1612 2086/6368/1612
f 2084/6369/1613 2083/6370/1613 2087/6371/1613 2088/6372/1613
f 2083/6373/1614 2081/6374/1614 2085/6375/1614 2087/6376/1614
f 2086/6377/1615 2082/6378/1615 2084/6379/1615 2088/6380/1615
f 2090/6381/1616 2089/6382/1616 2091/6383/1616 2092/6384/1616
f 2095/6385/1617 2093/6386/1617 2094/6387/1617 2096/6388/1617
f 2093/6389/1618 2089/6390/1618 2090/6391/1618 2094/6392/1618
f 2092/6393/1619 2091/6394/1619 2095/6395/1619 2096/6396/1619
f 2091/6397/1620 2089/6398/1620 2093/6399/1620 2095/6400/1620
f 2094/6401/1621 2090/6402/1621 2092/6403/1621 2096/6404/1621
f 2098/6405/1622 2097/6406/1622 2099/6407/1622 2100/6408/1622
f 2103/6409/1623 2101/6410/1623 2102/6411/1623 2104/6412/1623
f 2101/6413/1624 2097/6414/1624 2098/6415/1624 2102/6416/1624
f 2100/6417/1625 2099/6418/1625 2103/6419/1625 2104/6420/1625
f 2099/6421/1626 2097/6422/1626 2101/6423/1626 2103/6424/1626
f 2102/6425/1627 2098/6426/1627 2100/6427/1627 2104/6428/1627
f 2106/6429/1628 2105/6430/1628 2107/6431/1628 2108/6432/1628
f 2111/6433/1629 2109/6434/1629 2110/6435/1629 2112/6436/1629
f 2109/6437/1630 2105/6438/1630 2106/6439/1630 2110/6440/1630
f 2108/6441/1631 2107/6442/1631 2111/6443/1631 2112/6444/1631
f 2107/6445/1632 2105/6446/1632 2109/6447/1632 2111/6448/1632
f 2110/6449/1633 2106/6450/1633 2108/6451/1633 2112/6452/1633
f 2114/6453/1634 2113/6454/1634 2115/6455/1634 2116/6456/1634
f 2119/6457/1635 2117/6458/1635 2118/6459/1635 2120/6460/1635
f 2117/6461/1636 2113/6462/1636 2114/6463/1636 2118/6464/1636
f 2116/6465/1637 2115/6466/1637 2119/6467/1637 2120/6468/1637
f 2115/6469/1638 2113/6470/1638 2117/6471/1638 2119/6472/1638
f 2118/6473/1639 2114/6474/1639 2116/6475/1639 2120/6476/1639
f 2122/6477/1640 2121/6478/1640 2123/6479/1640 2124/6480/1640
f 2127/6481/1641 2125/6482/1641 2126/6483/1641 2128/6484/1641
f 2125/6485/1642 2121/6486/1642 2122/6487/1642 2126/6488/1642
f 2124/6489/1643 2123/6490/1643 2127/6491/1643 2128/6492/1643
f 2123/6493/1644 2121/6494/1644 2125/6495/1644 2127/6496/1644
f 2126/6497/1645 2122/6498/1645 2124/6499/1645 2128/6500/1645
f 2130/6501/1646 2129/6502/1646 2131/6503/1646 2132/6504/1646
f 2135/6505/1647 2133/6506/1647 2134/6507/1647 2136/6508/1647
f 2133/6509/1648 2129/6510/1648 2130/6511/1648 2134/6512/1648
f 2132/6513/1649 2131/6514/1649 2135/6515/1649 2136/6516/1649
f 2131/6517/1650 2129/6518/1650 2133/6519/1650 2135/6520/1650
f 2134/6521/1651 2130/6522/1651 2132/6523/1651 2136/6524/1651
f 2138/6525/1652 2137/6526/1652 2139/6527/1652 2140/6528/1652
f 2143/6529/1653 2141/6530/1653 2142/6531/1653 2144/6532/1653
f 2141/6533/1654 2137/6534/1654 2138/6535/1654 2142/6536/1654
f 2140/6537/1655 2139/6538/1655 2143/6539/1655 2144/6540/1655
f 2139/6541/1656 2137/6542/1656 2141/6543/1656 2143/6544/1656
f 2142/6545/1657 2138/6546/1657 2140/6547/1657 2144/6548/1657
f 2146/6549/1658 2145/6550/1658 2147/6551/1658 2148/6552/1658
f 2151/6553/1659 2149/6554/1659 2150/6555/1659 2152/6556/1659
f 2149/6557/1660 2145/6558/1660 2146/6559/1660 2150/6560/1660
f 2148/6561/1661 2147/6562/1661 2151/6563/1661 2152/6564/1661
f 2147/6565/1662 2145/6566/1662 2149/6567/1662 2151/6568/1662
f 2150/6569/1663 2146/6570/1663 2148/6571/1663 2152/6572/1663
f 2154/6573/1664 2153/6574/1664 2155/6575/1664 2156/6576/1664
f 2159/6577/1665 2157/6578/1665 2158/6579/1665 2160/6580/1665
f 2157/6581/1666 2153/6582/1666 2154/6583/1666 2158/6584/1666
f 2156/6585/1667 2155/6586/1667 2159/6587/1667 2160/6588/1667
f 2155/6589/1668 2153/6590/1668 2157/6591/1668 2159/6592/1668
f 2158/6593/1669 2154/6594/1669 2156/6595/1669 2160/6596/1669
f 2162/6597/1670 2161/6598/1670 2163/6599/1670 2164/6600/1670
f 2167/6601/1671 2165/6602/1671 2166/6603/1671 2168/6604/1671
f 2165/6605/1672 2161/6606/1672 2162/6607/1672 2166/6608/1672
f 2164/6609/1673 2163/6610/1673 2167/6611/1673 2168/6612/1673
f 2163/6613/1674 2161/6614/1674 2165/6615/1674 2167/6616/1674
f 2166/6617/1675 2162/6618/1675 2164/6619/1675 2168/6620/1675
f 2170/6621/1676 2169/6622/1676 2171/6623/1676 2172/6624/1676
f 2175/6625/1677 2173/6626/1677 2174/6627/1677 2176/6628/1677
f 2173/6629/1678 2169/6630/1678 2170/6631/1678 2174/6632/1678
f 2172/6633/1679 2171/6634/1679 2175/6635/1679 2176/6636/1679
f 2171/6637/1680 2169/6638/1680 2173/6639/1680 2175/6640/1680
f 2174/6641/1681 2170/6642/1681 2172/6643/1681 2176/6644/1681
f 2178/6645/1682 2177/6646/1682 2179/6647/1682 2180/6648/1682
f 2183/6649/1683 2181/6650/1683 2182/6651/1683 2184/6652/1683
f 2181/6653/1684 2177/6654/1684 2178/6655/1684 2182/6656/1684
f 2180/6657/1685 2179/6658/1685 2183/6659/1685 2184/6660/1685
f 2179/6661/1686 2177/6662/1686 2181/6663/1686 2183/6664/1686
f 2182/6665/1687 2178/6666/1687 2180/6667/1687 2184/6668/1687
f 2186/6669/1688 2185/6670/1688 2187/6671/1688 2188/6672/1688
f 2191/6673/1689 2189/6674/1689 2190/6675/1689 2192/6676/1689
f 2189/6677/1690 2185/6678/1690 2186/6679/1690 2190/6680/1690
f 2188/6681/1691 2187/6682/1691 2191/6683/1691 2192/6684/1691
f 2187/6685/1692 2185/6686/1692 2189/6687/1692 2191/6688/1692
f 2190/6689/1693 2186/6690/1693 2188/6691/1693 2192/6692/1693
f 2194/6693/1694 2193/6694/1694 2195/6695/1694 2196/6696/1694
f 2199/6697/1695 2197/6698/1695 2198/6699/1695 2200/6700/1695
f 2197/6701/1696 2193/6702/1696 2194/6703/1696 2198/6704/1696
f 2196/6705/1697 2195/6706/1697 2199/6707/1697 2200/6708/1697
f 2195/6709/1698 2193/6710/1698 2197/6711/1698 2199/6712/1698
f 2198/6713/1699 2194/6714/1699 2196/6715/1699 2200/6716/1699
f 2202/6717/1700 2201/6718/1700 2203/6719/1700 2204/6720/1700
f 2207/6721/1701 2205/6722/1701 2206/6723/1701 2208/6724/1701
f 2205/6725/1702 2201/6726/1702 2202/6727/1702 2206/6728/1702
f 2204/6729/1703 2203/6730/1703 2207/6731/1703 2208/6732/1703
f 2203/6733/1704 2201/6734/1704 2205/6735/1704 2207/6736/1704
f 2206/6737/1705 2202/6738/1705 2204/6739/1705 2208/6740/1705
f 2210/6741/1706 2209/6742/1706 2211/6743/1706 2212/6744/1706
f 2215/6745/1707 2213/6746/1707 2214/6747/1707 2216/6748/1707
f 2213/6749/1708 2209/6750/1708 2210/6751/1708 2214/6752/1708
f 2212/6753/1709 2211/6754/1709 2215/6755/1709 2216/6756/1709
f 2211/6757/1710 2209/6758/1710 2213/6759/1710 2215/6760/1710
f 2214/6761/1711 2210/6762/1711 2212/6763/1711 2216/6764/1711
f 2218/6765/1712 2217/6766/1712 2219/6767/1712 2220/6768/1712
f 2223/6769/1713 2221/6770/1713 2222/6771/1713 2224/6772/1713
f 2221/6773/1714 2217/6774/1714 2218/6775/1714 2222/6776/1714
f 2220/6777/1715 2219/6778/1715 2223/6779/1715 2224/6780/1715
f 2219/6781/1716 2217/6782/1716 2221/6783/1716 2223/6784/1716
f 2222/6785/1717 2218/6786/1717 2220/6787/1717 2224/6788/1717
f 2226/6789/1718 2225/6790/1718 2227/6791/1718 2228/6792/1718
f 2231/6793/1719 2229/6794/1719 2230/6795/1719 2232/6796/1719
f 2229/6797/1720 2225/6798/1720 2226/6799/1720 2230/6800/1720
f 2228/6801/1721 2227/6802/1721 2231/6803/1721 2232/6804/1721
f 2227/6805/1722 2225/6806/1722 2229/6807/1722 2231/6808/1722
f 2230/6809/1723 2226/6810/1723 2228/6811/1723 2232/6812/1723
f 2234/6813/1724 2233/6814/1724 2235/6815/1724 2236/6816/1724
f 2239/6817/1725 2237/6818/1725 2238/6819/1725 2240/6820/1725
f 2237/6821/1726 2233/6822/1726 2234/6823/1726 2238/6824/1726
f 2236/6825/1727 2235/6826/1727 2239/6827/1727 2240/6828/1727
f 2235/6829/1728 2233/6830/1728 2237/6831/1728 2239/6832/1728
f 2238/6833/1729 2234/6834/1729 2236/6835/1729 2240/6836/1729
o pyramid
v 14.708180123098522 0.8125 3.620738087777169
v 14.756036297947833 0.6041666666666667 3.965084699066946
v 15.040489031778504 0.6041666666666667 3.518583345401301
v 14.37587121441854 0.6041666666666667 3.722892830153037
v 14.66032394824921 0.6041666666666667 3.2763914764873916
v 14.746659944988728 0.6302083333333334 3.919878945254707
v 15.031112678819401 0.6302083333333334 3.4733775915890615
v 14.746659944988728 0.21354166666666663 3.919878945254707
v 15.031112678819401 0.21354166666666663 3.4733775915890615
v 14.420804159106478 0.6302083333333334 3.7122859147570706
v 14.705256892937149 0.6302083333333334 3.265784561091425
v 14.420804159106478 0.21354166666666663 3.7122859147570706
v 14.705256892937149 0.21354166666666663 3.265784561091425
v 15.09869596964071 0.3958333333333333 4.0264535527318985
v 15.27647892828488 0.3958333333333333 3.74739020669087
v 15.09869596964071 0.1875 4.0264535527318985
v 15.27647892828488 0.1875 3.74739020669087
v 14.881458779052542 0.3958333333333333 3.8880581990668075
v 15.059241737696713 0.3958333333333333 3.608994853025779
v 14.881458779052542 0.1875 3.8880581990668075
v 15.059241737696713 0.1875 3.608994853025779
v 14.34871656559502 0.3958333333333333 3.7055934109449007
v 14.526499524239188 0.3958333333333333 3.426530064903872
v 14.34871656559502 0.1875 3.7055934109449007
v 14.526499524239188 0.1875 3.426530064903872
v 14.131479375006851 0.3958333333333333 3.5671980572798097
v 14.30926233365102 0.3958333333333333 3.288134711238781
v 14.131479375006851 0.1875 3.5671980572798097
v 14.30926233365102 0.1875 3.288134711238781
vt 0.484375 0.75
vt 0.484375 1
vt 0.265625 1
vt 0.265625 0.75
vt 0.203125 0.3026546875
vt 0.453125 0.3026546875
vt 0.328125 0.46875
vt 0.671875 0.682596875
vt 0.890625 0.682596875
vt 0.78125 0.859375
vt 0.671875 0.479471875
vt 0.890625 0.479471875
vt 0.78125 0.65625
vt 0.46875 0.3026546875
vt 0.71875 0.3026546875
vt 0.59375 0.46875
vt 0.25 1
vt 0 1
vt 0 0.75
vt 0.25 0.75
vt 0.25 0.484375
vt 0.25 0.734375
vt 0 0.734375
vt 0 0.484375
vt 0.265625 0.484375
vt 0.453125 0.484375
vt 0.453125 0.734375
vt 0.265625 0.734375
vt 0.65625 0.484375
vt 0.65625 0.734375
vt 0.46875 0.734375
vt 0.46875 0.484375
vt 0.6875 0.75
vt 0.6875 1
vt 0.5 1
vt 0.5 0.75
vt 0.1875 0.46875
vt 0 0.46875
vt 0 0.21875
vt 0.1875 0.21875
vt 0.859375 1
vt 0.703125 1
vt 0.703125 0.875
vt 0.859375 0.875
vt 0.359375 0.15625
vt 0.359375 0.28125
vt 0.203125 0.28125
vt 0.203125 0.15625
vt 0.375 0.125
vt 0.5 0.125
vt 0.5 0.28125
vt 0.375 0.28125
vt 0.640625 0.125
vt 0.640625 0.28125
vt 0.515625 0.28125
vt 0.515625 0.125
vt 0.265625 0.015625
vt 0.265625 0.140625
vt 0.140625 0.140625
vt 0.140625 0.015625
vt 0.78125 0.140625
vt 0.65625 0.140625
vt 0.65625 0.015625
vt 0.78125 0.015625
vt 0.8125 0.28125
vt 0.65625 0.28125
vt 0.65625 0.15625
vt 0.8125 0.15625
vt 0.890625 0.328125
vt 0.890625 0.453125
vt 0.734375 0.453125
vt 0.734375 0.328125
vt 0 0.046875
vt 0.125 0.046875
vt 0.125 0.203125
vt 0 0.203125
vt 0.953125 0.15625
vt 0.953125 0.3125
vt 0.828125 0.3125
vt 0.828125 0.15625
vt 0.921875 0.015625
vt 0.921875 0.140625
vt 0.796875 0.140625
vt 0.796875 0.015625
vt 1 1
vt 0.875 1
vt 0.875 0.875
vt 1 0.875
vn 0 -1 0
vn 0.5724878145762459 0.7343301022943295 0.36471496134120074
vn -0.33230047831963255 0.7858131139060768 0.5216072680875704
vn 0.33230047831963255 0.7858131139060768 -0.5216072680875704
vn -0.5724878145762461 0.7343301022943294 -0.3647149613412009
vn 0.8433914458128857 0 0.5372996083468239
vn -0.8433914458128857 0 -0.5372996083468239
vn 0 1 0
vn 0 -1 0
vn -0.5372996083468239 0 0.8433914458128857
vn 0.5372996083468239 0 -0.8433914458128857
vn 0.8433914458128857 0 0.5372996083468239
vn -0.8433914458128857 0 -0.5372996083468239
vn 0 1 0
vn 0 -1 0
vn -0.5372996083468239 0 0.8433914458128857
vn 0.5372996083468239 0 -0.8433914458128857
vn 0.8433914458128857 0 0.5372996083468239
vn -0.8433914458128857 0 -0.5372996083468239
vn 0 1 0
vn 0 -1 0
vn -0.5372996083468239 0 0.8433914458128857
vn 0.5372996083468239 0 -0.8433914458128857
usemtl m_4151d73a-df66-1e57-46f9-9d4c2ea4ddc9
f 2243/6837/1730 2242/6838/1730 2244/6839/1730 2245/6840/1730
f 2242/6841/1731 2243/6842/1731 2241/6843/1731
f 2244/6844/1732 2242/6845/1732 2241/6846/1732
f 2243/6847/1733 2245/6848/1733 2241/6849/1733
f 2245/6850/1734 2244/6851/1734 2241/6852/1734
f 2247/6853/1735 2246/6854/1735 2248/6855/1735 2249/6856/1735
f 2252/6857/1736 2250/6858/1736 2251/6859/1736 2253/6860/1736
f 2250/6861/1737 2246/6862/1737 2247/6863/1737 2251/6864/1737
f 2249/6865/1738 2248/6866/1738 2252/6867/1738 2253/6868/1738
f 2248/6869/1739 2246/6870/1739 2250/6871/1739 2252/6872/1739
f 2251/6873/1740 2247/6874/1740 2249/6875/1740 2253/6876/1740
f 2255/6877/1741 2254/6878/1741 2256/6879/1741 2257/6880/1741
f 2260/6881/1742 2258/6882/1742 2259/6883/1742 2261/6884/1742
f 2258/6885/1743 2254/6886/1743 2255/6887/1743 2259/6888/1743
f 2257/6889/1744 2256/6890/1744 2260/6891/1744 2261/6892/1744
f 2256/6893/1745 2254/6894/1745 2258/6895/1745 2260/6896/1745
f 2259/6897/1746 2255/6898/1746 2257/6899/1746 2261/6900/1746
f 2263/6901/1747 2262/6902/1747 2264/6903/1747 2265/6904/1747
f 2268/6905/1748 2266/6906/1748 2267/6907/1748 2269/6908/1748
f 2266/6909/1749 2262/6910/1749 2263/6911/1749 2267/6912/1749
f 2265/6913/1750 2264/6914/1750 2268/6915/1750 2269/6916/1750
f 2264/6917/1751 2262/6918/1751 2266/6919/1751 2268/6920/1751
f 2267/6921/1752 2263/6922/1752 2265/6923/1752 2269/6924/1752
o pyramid
v -21.17589057175485 0.8125 3.607363317687677
v -20.898561322075643 0.6041666666666667 3.8170137158516897
v -21.013147000042874 0.6041666666666667 3.300151123847019
v -21.338634143466823 0.6041666666666667 3.9145755115283345
v -21.453219821434054 0.6041666666666667 3.3977129195236637
v -20.937156699905106 0.6302083333333334 3.791678503542587
v -21.051742377872337 0.6302083333333334 3.274815911537916
v -20.937156699905106 0.21354166666666663 3.791678503542587
v -21.051742377872337 0.21354166666666663 3.274815911537916
v -21.314361975383264 0.6302083333333334 3.8753028998368535
v -21.428947653350495 0.6302083333333334 3.358440307832183
v -21.314361975383264 0.21354166666666663 3.8753028998368535
v -21.428947653350495 0.21354166666666663 3.358440307832183
v -20.61287001200232 0.3958333333333333 3.6181110709386326
v -20.68448606073184 0.3958333333333333 3.295071950935714
v -20.61287001200232 0.1875 3.6181110709386326
v -20.68448606073184 0.1875 3.295071950935714
v -20.864340195654425 0.3958333333333333 3.6738606684681443
v -20.93595624438394 0.3958333333333333 3.350821548465225
v -20.864340195654425 0.1875 3.6738606684681443
v -20.93595624438394 0.1875 3.350821548465225
v -21.370067916423338 0.3958333333333333 3.9215442112195236
v -21.441683965152855 0.3958333333333333 3.5985050912166043
v -21.370067916423338 0.1875 3.9215442112195236
v -21.441683965152855 0.1875 3.5985050912166043
v -21.62153810007544 0.3958333333333333 3.977293808749035
v -21.69315414880496 0.3958333333333333 3.6542546887461156
v -21.62153810007544 0.1875 3.977293808749035
v -21.69315414880496 0.1875 3.6542546887461156
vt 0.484375 0.75
vt 0.484375 1
vt 0.265625 1
vt 0.265625 0.75
vt 0.203125 0.3026546875
vt 0.453125 0.3026546875
vt 0.328125 0.46875
vt 0.671875 0.682596875
vt 0.890625 0.682596875
vt 0.78125 0.859375
vt 0.671875 0.479471875
vt 0.890625 0.479471875
vt 0.78125 0.65625
vt 0.46875 0.3026546875
vt 0.71875 0.3026546875
vt 0.59375 0.46875
vt 0.25 1
vt 0 1
vt 0 0.75
vt 0.25 0.75
vt 0.25 0.484375
vt 0.25 0.734375
vt 0 0.734375
vt 0 0.484375
vt 0.265625 0.484375
vt 0.453125 0.484375
vt 0.453125 0.734375
vt 0.265625 0.734375
vt 0.65625 0.484375
vt 0.65625 0.734375
vt 0.46875 0.734375
vt 0.46875 0.484375
vt 0.6875 0.75
vt 0.6875 1
vt 0.5 1
vt 0.5 0.75
vt 0.1875 0.46875
vt 0 0.46875
vt 0 0.21875
vt 0.1875 0.21875
vt 0.859375 1
vt 0.703125 1
vt 0.703125 0.875
vt 0.859375 0.875
vt 0.359375 0.15625
vt 0.359375 0.28125
vt 0.203125 0.28125
vt 0.203125 0.15625
vt 0.375 0.125
vt 0.5 0.125
vt 0.5 0.28125
vt 0.375 0.28125
vt 0.640625 0.125
vt 0.640625 0.28125
vt 0.515625 0.28125
vt 0.515625 0.125
vt 0.265625 0.015625
vt 0.265625 0.140625
vt 0.140625 0.140625
vt 0.140625 0.015625
vt 0.78125 0.140625
vt 0.65625 0.140625
vt 0.65625 0.015625
vt 0.78125 0.015625
vt 0.8125 0.28125
vt 0.65625 0.28125
vt 0.65625 0.15625
vt 0.8125 0.15625
vt 0.890625 0.328125
vt 0.890625 0.453125
vt 0.734375 0.453125
vt 0.734375 0.328125
vt 0 0.046875
vt 0.125 0.046875
vt 0.125 0.203125
vt 0 0.203125
vt 0.953125 0.15625
vt 0.953125 0.3125
vt 0.828125 0.3125
vt 0.828125 0.15625
vt 0.921875 0.015625
vt 0.921875 0.140625
vt 0.796875 0.140625
vt 0.796875 0.015625
vt 1 1
vt 0.875 1
vt 0.875 0.875
vt 1 0.875
vn 0 -1 0
vn 0.6627024381980828 0.7343301022943295 -0.1469175934689777
vn 0.13386011476956505 0.7858131139060768 0.603803957992256
vn -0.13386011476956505 0.7858131139060768 -0.603803957992256
vn -0.662702438198083 0.7343301022943294 0.14691759346897776
vn 0.9762960071199334 0 -0.21643961393810288
vn -0.9762960071199334 0 0.21643961393810288
vn 0 1 0
vn 0 -1 0
vn 0.21643961393810288 0 0.9762960071199334
vn -0.21643961393810288 0 -0.9762960071199334
vn 0.9762960071199334 0 -0.21643961393810288
vn -0.9762960071199334 0 0.21643961393810288
vn 0 1 0
vn 0 -1 0
vn 0.21643961393810288 0 0.9762960071199334
vn -0.21643961393810288 0 -0.9762960071199334
vn 0.9762960071199334 0 -0.21643961393810288
vn -0.9762960071199334 0 0.21643961393810288
vn 0 1 0
vn 0 -1 0
vn 0.21643961393810288 0 0.9762960071199334
vn -0.21643961393810288 0 -0.9762960071199334
usemtl m_4151d73a-df66-1e57-46f9-9d4c2ea4ddc9
f 2272/6925/1753 2271/6926/1753 2273/6927/1753 2274/6928/1753
f 2271/6929/1754 2272/6930/1754 2270/6931/1754
f 2273/6932/1755 2271/6933/1755 2270/6934/1755
f 2272/6935/1756 2274/6936/1756 2270/6937/1756
f 2274/6938/1757 2273/6939/1757 2270/6940/1757
f 2276/6941/1758 2275/6942/1758 2277/6943/1758 2278/6944/1758
f 2281/6945/1759 2279/6946/1759 2280/6947/1759 2282/6948/1759
f 2279/6949/1760 2275/6950/1760 2276/6951/1760 2280/6952/1760
f 2278/6953/1761 2277/6954/1761 2281/6955/1761 2282/6956/1761
f 2277/6957/1762 2275/6958/1762 2279/6959/1762 2281/6960/1762
f 2280/6961/1763 2276/6962/1763 2278/6963/1763 2282/6964/1763
f 2284/6965/1764 2283/6966/1764 2285/6967/1764 2286/6968/1764
f 2289/6969/1765 2287/6970/1765 2288/6971/1765 2290/6972/1765
f 2287/6973/1766 2283/6974/1766 2284/6975/1766 2288/6976/1766
f 2286/6977/1767 2285/6978/1767 2289/6979/1767 2290/6980/1767
f 2285/6981/1768 2283/6982/1768 2287/6983/1768 2289/6984/1768
f 2288/6985/1769 2284/6986/1769 2286/6987/1769 2290/6988/1769
f 2292/6989/1770 2291/6990/1770 2293/6991/1770 2294/6992/1770
f 2297/6993/1771 2295/6994/1771 2296/6995/1771 2298/6996/1771
f 2295/6997/1772 2291/6998/1772 2292/6999/1772 2296/7000/1772
f 2294/7001/1773 2293/7002/1773 2297/7003/1773 2298/7004/1773
f 2293/7005/1774 2291/7006/1774 2295/7007/1774 2297/7008/1774
f 2296/7009/1775 2292/7010/1775 2294/7011/1775 2298/7012/1775